generation,reward_mean,reward_std,reward_max,reward_min,low_v_pct,avg_w_v_ratio
0,74.6082,120.8482,363.6321,-53.2432,35.27,0.05
1,446.7002,410.1784,1594.8259,-50.2453,5.77,0.03
2,1039.0648,696.3505,2026.8935,94.6465,0.02,0.01
3,1079.0632,831.2607,2192.0655,91.6217,0.07,0.02
4,1195.5177,456.5502,2005.2176,463.1983,0.09,0.04
5,1931.9286,513.4129,2267.1140,537.9329,0.06,0.03
6,1365.1145,847.9197,2394.4313,77.4571,0.69,0.02
7,1936.5621,247.0190,2169.8213,1353.1306,0.10,0.04
8,1915.8048,721.8142,2391.8378,85.0499,0.30,0.04
9,2361.2754,29.0774,2391.8638,2304.7726,0.05,0.04
10,2405.7116,15.2017,2422.4673,2361.0002,0.00,0.04
11,2413.3390,21.0938,2427.6383,2345.1526,0.00,0.04
12,2304.4649,463.1213,2429.6234,510.8435,0.00,0.04
13,2420.9839,3.7968,2425.9524,2411.3160,0.00,0.04
14,2267.3609,424.9930,2435.5728,974.7126,0.03,0.04
15,2359.7456,252.7898,2430.4400,1380.8058,0.00,0.04
16,2425.4090,4.2189,2431.9484,2416.0933,0.00,0.04
17,2170.0473,720.8670,2470.4419,146.8721,0.00,0.02
18,2008.4828,785.8525,2438.9455,122.2312,0.00,0.03
19,2331.6073,408.9361,2471.7005,749.1417,0.04,0.03
0,157.4413,182.1872,570.5192,-54.9634,43.88,0.08
1,166.9430,263.5888,928.8039,-75.4370,56.22,0.13
2,956.4717,439.5343,1749.2481,90.8098,5.58,0.03
3,495.3965,460.4522,1567.2072,-49.8319,12.53,0.05
4,1326.0234,640.3600,2138.7692,-41.3570,9.86,0.02
5,1624.2546,505.3727,2151.3731,594.0080,0.72,0.02
6,729.9200,660.3172,1732.5416,74.5994,2.88,0.02
7,1325.9693,559.1277,1969.5898,120.9201,4.39,0.03
8,1684.0197,791.4402,2339.2421,17.2842,0.55,0.02
9,1562.8505,891.2443,2351.0909,5.0560,1.58,0.03
10,1830.4151,329.7625,2314.7412,901.7569,0.69,0.05
11,2347.1538,64.5488,2405.3549,2143.6449,0.47,0.03
12,1178.5266,1173.9130,2418.4741,-22.5848,0.35,0.02
13,1980.4198,840.5553,2410.1018,-27.4688,0.84,0.04
14,2350.3815,37.9707,2395.2835,2253.8408,0.20,0.04
15,2100.5983,804.6578,2422.1334,-28.2827,0.04,0.04
16,2414.3186,5.6037,2421.3936,2398.8249,0.03,0.04
17,2231.4875,583.6343,2421.9118,-23.8208,0.09,0.04
18,2398.2434,22.3472,2420.7889,2326.7227,0.23,0.04
19,2413.1722,6.6620,2423.5840,2396.9435,0.03,0.04
0,185.0225,202.3067,682.4817,-58.8106,17.95,0.03
1,399.0364,429.9561,1327.3779,-51.5134,6.17,0.04
2,765.7421,575.1939,1992.2895,-19.9426,7.19,0.05
3,936.3975,632.5905,2049.1829,60.9584,0.76,0.04
4,1842.5250,179.5306,2114.7566,1347.7908,0.00,0.04
5,2175.7089,348.9491,2362.4443,849.4960,0.00,0.04
6,2307.9495,40.1405,2366.0150,2214.0540,0.00,0.04
7,2194.0323,530.4623,2420.9372,602.9499,0.00,0.03
8,2260.8756,494.9658,2433.1215,347.9441,0.00,0.03
9,2347.8611,43.2325,2395.4956,2227.7301,0.00,0.04
10,2348.4958,44.9144,2412.7596,2263.0416,0.00,0.04
11,2425.8594,5.5944,2430.4578,2405.4341,0.00,0.04
12,2291.3678,455.6307,2442.1933,531.1501,0.00,0.04
13,2417.7349,12.2911,2428.4721,2377.5674,0.00,0.04
14,2214.2935,596.2150,2451.5102,548.7435,0.00,0.03
15,1880.1705,881.4998,2462.6421,91.9858,0.00,0.02
16,2416.2438,9.1563,2427.1530,2390.3238,0.00,0.04
17,2424.2664,0.8422,2425.5761,2421.8666,0.00,0.04
18,2427.3695,1.5460,2429.9335,2425.5467,0.00,0.04
19,1765.5170,912.7569,2457.2034,87.2577,0.00,0.02
0,199.2087,280.4412,903.2996,-57.8628,21.91,0.04
1,780.6969,575.7300,1669.2962,-29.7592,1.10,0.04
2,1327.3504,381.5608,2000.2237,227.1268,6.10,0.08
3,1686.6555,810.2006,2295.9788,-21.8067,0.70,0.04
4,2259.4543,117.9896,2360.7452,1844.5662,0.20,0.04
5,1723.1075,1018.4396,2375.1189,-29.8261,0.00,0.04
6,2220.6159,134.4252,2350.7324,1855.5414,0.61,0.04
7,2375.9737,38.7844,2400.1337,2229.3336,0.05,0.04
8,2242.8662,585.0277,2411.4440,-22.7320,0.00,0.04
9,2378.0857,12.5882,2396.7591,2351.5226,0.04,0.04
10,2401.7040,7.7152,2411.1386,2382.5886,0.03,0.04
11,428.5424,942.5346,2400.1415,-28.5140,0.00,0.04
12,2240.6171,583.5473,2411.8572,-18.4766,0.00,0.04
13,2176.5851,556.4746,2397.8453,65.7155,0.00,0.04
14,717.4198,1104.4214,2385.1470,-32.2601,0.00,0.04
15,2155.9361,566.5905,2360.4686,-21.2930,0.00,0.04
16,1957.0537,511.6272,2352.2240,162.9246,0.27,0.05
17,2374.4955,19.1941,2396.2120,2318.9819,0.00,0.04
18,428.6884,950.3112,2413.0620,-32.1201,0.00,0.04
19,2389.8490,27.4741,2414.4763,2302.6434,0.04,0.04
0,105.5361,208.2681,613.0167,-113.8792,35.83,0.10
1,255.2382,292.8181,1209.7880,-35.2773,17.67,0.09
2,406.0153,450.5952,1502.3577,-46.6456,25.96,0.16
3,1367.9701,396.7272,2027.1101,660.0745,0.00,0.05
4,1431.2635,636.7041,2198.2960,54.8457,0.00,0.04
5,1624.4597,533.6350,2274.5741,571.8166,2.48,0.04
6,2189.7515,362.6309,2352.5161,826.0647,0.00,0.04
7,2244.6920,379.1665,2416.6026,883.0824,0.00,0.03
8,2286.3868,104.2763,2393.8417,2079.8281,0.00,0.04
9,2403.5105,22.8292,2428.3435,2348.9576,0.00,0.04
10,2305.4992,509.4890,2465.0556,333.6430,0.00,0.02
11,2358.1049,208.2043,2440.3686,1647.9723,0.00,0.03
12,2276.4764,484.4868,2422.6413,404.0877,0.00,0.04
13,2400.2059,15.0084,2417.2096,2369.7199,0.00,0.04
14,2361.3584,237.1823,2431.7135,1443.1809,0.00,0.04
15,2413.5686,11.4725,2425.6927,2384.5477,0.00,0.04
16,2423.3346,1.9478,2425.3169,2417.4876,0.00,0.04
17,2424.7767,0.7228,2425.5088,2422.4682,0.00,0.04
18,2426.6105,1.5184,2430.8314,2424.8694,0.00,0.04
19,1832.6625,862.6336,2470.3331,82.2407,0.00,0.01
0,137.4307,207.1727,629.9590,-79.7772,41.94,0.07
1,110.5181,215.8476,665.6632,-28.5644,13.45,0.03
2,739.5963,637.9873,1953.4360,67.3301,0.16,0.02
3,1747.7384,580.7819,2310.1764,88.7621,0.18,0.03
4,1919.5305,568.4960,2358.6343,52.2365,3.12,0.06
5,2124.5198,425.5480,2386.9004,1068.4234,0.00,0.04
6,2340.6327,53.1527,2406.7698,2209.8963,0.00,0.04
7,2384.3524,123.8518,2423.0807,1905.0619,0.00,0.04
8,2389.4184,29.5089,2418.2776,2297.1811,0.00,0.04
9,2252.6865,453.0085,2425.2116,981.2252,0.00,0.04
10,2422.1788,1.9248,2424.2180,2416.2007,0.00,0.04
11,2425.5614,0.6735,2427.7260,2424.8128,0.00,0.04
12,1281.5653,887.9654,2440.2358,86.0393,0.00,0.03
13,2425.6847,4.8249,2435.4481,2413.0258,0.00,0.04
14,2430.5131,5.1448,2443.3311,2423.5417,0.00,0.03
15,594.8516,935.1357,2470.4376,-21.7185,0.00,0.01
16,1246.8799,1091.7654,2471.8173,56.3229,0.00,0.03
17,2018.3347,655.3720,2429.4003,591.1006,0.00,0.04
18,2425.5531,0.3619,2426.3255,2425.0959,0.00,0.04
19,688.1156,773.4485,2433.4442,51.1153,0.00,0.03
0,88.7627,142.2674,423.2965,-58.2375,49.53,0.11
1,403.2696,236.2819,773.9874,2.1576,12.91,0.07
2,325.3815,316.3307,1053.0654,-81.5095,39.71,0.14
3,509.1927,531.1264,1876.3909,-30.5437,29.69,0.12
4,1224.8958,679.0429,2084.6879,99.3984,3.78,0.02
5,1456.1323,672.0502,2057.4059,112.1321,0.00,0.03
6,1970.4079,354.6006,2309.6127,929.4580,0.12,0.04
7,1492.5687,983.5041,2416.8530,93.8746,0.00,0.02
8,2099.9950,301.5050,2328.3669,1006.5962,0.00,0.04
9,2271.0923,101.8940,2400.2665,1933.4866,0.00,0.04
10,2421.2398,7.0041,2430.6190,2403.5758,0.00,0.04
11,1704.1879,977.5452,2445.6770,56.1766,0.47,0.03
12,2112.9464,555.6182,2393.3597,503.7360,0.40,0.04
13,2124.9028,527.9348,2399.1760,429.7938,2.13,0.07
14,2327.3396,157.6223,2403.7015,1763.0038,0.00,0.04
15,2411.2701,13.2475,2424.1525,2364.6596,0.00,0.04
16,2424.3360,0.7441,2425.2643,2422.0855,0.00,0.04
17,2425.1106,0.5736,2426.2218,2423.7779,0.00,0.04
18,2424.2360,9.1689,2431.3393,2391.6632,0.03,0.04
19,2422.3739,10.8249,2425.6111,2380.4625,0.00,0.04
0,158.2816,238.7210,698.9678,-91.5426,32.56,0.10
1,427.3243,417.9557,1197.4611,-60.4518,15.38,0.06
2,1236.8520,426.6130,1906.6059,363.6758,0.19,0.05
3,1846.2209,530.3118,2330.6918,486.8943,0.00,0.03
4,1583.0801,862.3538,2393.9722,74.4849,0.44,0.03
5,2162.9817,164.2168,2360.6284,1760.9753,0.00,0.04
6,2047.4151,753.2697,2430.3463,60.7006,0.00,0.02
7,2202.2253,541.6929,2413.2500,110.4745,0.00,0.03
8,2312.0414,66.6932,2396.3428,2162.5641,0.00,0.04
9,2410.9915,14.7173,2424.7619,2368.4186,0.00,0.04
10,2422.9420,3.0851,2427.4527,2414.7187,0.00,0.04
11,2309.0418,371.2441,2447.8049,931.0429,0.00,0.03
12,2217.9734,490.6476,2428.3787,508.8112,0.09,0.04
13,2421.8329,3.5969,2425.2734,2413.4131,0.00,0.04
14,2429.8299,3.2190,2437.1923,2425.2292,0.00,0.04
15,1544.2194,956.8437,2471.2735,82.1660,0.00,0.01
16,1630.6827,976.4666,2462.3892,101.8989,0.00,0.01
17,2107.8987,690.2513,2470.9782,580.8913,0.00,0.02
18,2218.8195,639.8310,2467.5591,96.9360,0.00,0.01
19,1986.4099,804.7954,2468.2034,200.6980,0.55,0.02
0,240.7742,263.6826,808.0257,-50.2691,35.55,0.09
1,220.3287,281.9770,975.4264,-28.2237,17.05,0.02
2,1138.6029,468.6206,1994.0213,-8.4465,3.69,0.02
3,1274.8978,665.0559,2117.6849,84.6146,1.78,0.02
4,958.0977,802.4170,2146.9866,-64.1238,20.54,0.05
5,1226.8819,656.4589,2173.3667,107.2675,6.53,0.07
6,2142.7400,159.2886,2306.2946,1714.6186,0.98,0.05
7,1930.7978,707.6624,2404.0856,35.9832,1.04,0.04
8,2239.1379,132.8178,2374.4578,1827.7651,0.16,0.04
9,2364.8437,137.2022,2421.7635,1809.3115,0.02,0.04
10,2371.9393,64.5216,2426.1098,2142.6602,0.00,0.03
11,2410.4232,15.7500,2424.9769,2370.7808,0.00,0.04
12,2054.2846,626.0122,2428.9643,728.9090,0.00,0.04
13,2426.1006,1.9159,2428.9907,2421.9096,0.00,0.04
14,2335.1798,397.5012,2443.9637,696.3407,0.00,0.03
15,2175.1308,604.6694,2467.9499,415.4714,0.00,0.03
16,2231.1340,472.8638,2443.4713,685.6493,0.00,0.04
17,1997.4888,825.3035,2440.0183,96.8953,0.00,0.03
18,2426.9343,1.2109,2429.8841,2425.0840,0.00,0.04
19,1864.4645,876.2854,2450.4764,-32.1670,0.36,0.03
20,2416.6413,71.5524,2456.7098,2122.9100,0.00,0.03
21,2266.0715,562.5480,2440.7416,-15.6516,0.00,0.03
0,197.7676,217.0531,551.0506,-54.2660,28.45,0.06
1,198.6364,256.7383,900.6878,-51.4415,26.90,0.11
2,770.5134,639.4606,1848.0855,54.9342,11.08,0.06
3,812.7900,595.8113,1825.8110,-6.0132,11.57,0.08
4,1915.6477,692.5581,2399.0062,96.7626,0.00,0.03
5,1831.7567,406.0551,2198.7025,640.3294,0.00,0.05
6,1967.5995,574.6570,2403.5943,407.9896,0.00,0.04
7,1700.4793,944.4124,2425.6212,53.2153,0.23,0.03
8,2024.6310,513.4094,2412.6276,480.2868,0.04,0.04
9,2346.1086,69.2518,2411.5899,2113.3815,0.00,0.04
10,2419.0341,17.0929,2427.1607,2353.9846,0.00,0.04
11,2426.3167,1.4718,2431.3432,2425.1383,0.00,0.04
12,2202.4622,635.1881,2471.5262,514.5951,0.00,0.02
13,2426.7028,5.0551,2432.7109,2414.3746,0.00,0.04
14,2410.3562,77.1158,2435.2986,2111.8348,0.00,0.03
15,2424.8259,0.8441,2426.1901,2423.0036,0.00,0.04
16,2426.3993,1.7682,2432.1229,2423.6001,0.00,0.04
17,1385.9900,1089.1664,2471.6887,46.3220,0.00,0.03
18,2369.7578,228.0537,2462.7229,1487.2992,0.00,0.04
19,2347.9057,302.5996,2427.5898,1175.9455,0.00,0.04
20,2426.4864,0.9838,2429.3141,2425.2613,0.00,0.04
21,1345.2007,1110.9932,2457.6289,61.2458,0.00,0.02
22,1996.3929,807.6860,2471.1198,197.3853,0.00,0.02
0,124.5394,221.0062,894.4743,-61.1971,49.67,0.03
1,670.1229,543.1611,1510.1348,-21.6323,13.51,0.05
2,588.1335,545.7607,1515.9582,-54.3204,20.28,0.06
3,1982.8318,170.4218,2288.9411,1538.0508,0.00,0.03
4,1680.6515,755.1617,2335.5498,51.4188,0.00,0.03
5,2238.6244,174.8598,2394.2077,1820.4790,0.00,0.04
6,2369.1890,34.0863,2414.3534,2267.8008,0.00,0.04
7,2410.5702,26.1175,2424.3339,2336.1494,0.00,0.04
8,2298.2039,428.7148,2424.1199,639.0541,0.00,0.04
9,2362.6813,130.9023,2419.6037,1866.3106,0.00,0.04
10,2405.9118,14.6376,2420.5761,2369.0719,0.00,0.04
11,2422.3568,3.4754,2427.8694,2415.8272,0.00,0.04
12,2167.3948,710.9086,2462.7929,124.5252,0.00,0.03
13,2221.4064,555.1412,2440.3622,447.2084,0.00,0.03
14,2421.4885,9.1786,2431.7110,2394.9618,0.00,0.04
15,1934.3850,767.4177,2435.3627,480.4625,0.00,0.03
16,2426.5586,0.8972,2428.9385,2425.4948,0.00,0.04
17,1146.0719,925.0590,2442.9220,71.0796,0.00,0.03
18,2427.6460,1.8435,2431.6870,2425.0485,0.00,0.04
19,2278.4914,574.6691,2452.4787,66.4625,0.00,0.03
20,2434.6581,7.1037,2457.7899,2427.3668,0.00,0.03
21,1279.3370,1054.1140,2468.1226,-11.9397,0.00,0.01
22,1846.8173,934.8584,2472.1429,101.9445,0.00,0.01
23,2435.0267,5.7345,2450.7280,2426.1560,0.00,0.03
24,1420.0063,1187.9177,2472.0693,-26.7514,0.00,0.01
25,2433.2989,4.6366,2441.8852,2426.6756,0.00,0.03
26,1568.5027,954.6791,2469.9986,94.9008,0.00,0.02
27,2198.0700,649.5346,2457.5812,415.6666,0.00,0.02
28,2435.3379,10.7693,2469.8775,2425.6842,0.00,0.03
29,1398.5525,1058.5415,2469.6385,256.1854,0.00,0.02
30,2048.9734,811.6478,2470.0244,275.0058,0.00,0.03
31,1860.7482,702.4682,2458.2984,331.2372,0.00,0.03
32,2420.5738,5.5045,2424.9408,2401.3689,0.00,0.04
33,2424.6257,1.2032,2426.4877,2422.0550,0.00,0.04
34,2351.3275,309.5888,2435.9736,1152.3247,0.00,0.03
35,2434.1205,5.9989,2448.4417,2426.9830,0.00,0.03
36,620.7632,914.4896,2462.7804,-27.0300,0.00,0.02
37,2188.3571,703.5242,2468.2645,106.6124,0.00,0.02
38,2094.8509,707.2443,2456.4870,425.7231,0.00,0.03
39,2008.2124,776.8489,2471.0654,506.3878,0.00,0.02
40,1983.0554,689.0293,2468.0745,642.8621,0.00,0.01
41,2074.0615,790.6922,2469.1824,101.8473,0.00,0.02
42,1948.8022,883.7688,2467.7294,96.6004,0.00,0.02
43,2039.1945,798.0380,2460.6025,106.6802,0.00,0.03
44,2306.7676,474.4849,2439.8307,469.2279,0.00,0.03
45,2421.6165,3.9577,2424.7930,2411.4218,0.00,0.04
46,2425.2260,0.2149,2425.8251,2424.9633,0.00,0.04
47,2248.1278,484.7151,2433.1464,751.4188,0.00,0.04
48,2426.7462,0.8546,2429.4281,2425.7681,0.00,0.04
49,2387.7688,201.1147,2469.2974,1610.0751,0.00,0.03
50,1456.0227,1010.2610,2470.6504,92.0132,0.00,0.02
51,2430.0113,3.1140,2438.2528,2425.9927,0.00,0.04
52,750.1517,872.8562,2471.4537,-6.6965,0.00,0.01
53,942.9600,1038.8297,2471.6794,-1.6717,0.00,0.01
54,2292.2789,554.3280,2452.2304,145.4943,0.00,0.03
55,2427.3047,1.5565,2430.1833,2425.2860,0.00,0.04
56,1482.3852,1129.6618,2462.4280,46.5455,0.00,0.02
57,2431.3703,3.4625,2440.1880,2426.3113,0.00,0.03
58,1796.8738,956.7039,2470.0232,258.9350,0.00,0.01
59,1868.0048,1010.0629,2466.8651,-49.8287,6.25,0.04
60,2085.5241,745.8679,2458.9228,345.8654,0.00,0.02
61,2423.1873,4.5820,2427.6399,2408.7299,0.00,0.04
62,2262.9650,501.0609,2442.0647,444.9987,0.00,0.03
63,2426.5330,1.8895,2433.3745,2425.4035,0.00,0.04
64,2168.1416,739.9861,2472.0094,97.0679,0.00,0.02
65,2430.9064,4.2707,2442.1404,2424.0872,0.00,0.03
66,2230.3280,634.5366,2471.5756,82.0380,0.00,0.01
67,2048.0580,814.2388,2468.7619,149.6521,0.00,0.02
68,2308.6331,518.1052,2466.8893,302.4339,0.00,0.02
69,2293.9169,568.6335,2467.9908,91.9426,0.00,0.03
70,2428.6279,4.1920,2439.8775,2420.6349,0.00,0.04
71,2107.9011,748.6742,2471.5431,101.8323,0.00,0.01
72,1501.5946,1068.5635,2459.1136,153.7369,0.00,0.02
73,2066.0336,710.4305,2470.6731,464.8709,0.00,0.02
74,2432.7005,7.5544,2453.6381,2426.1303,0.00,0.03
75,560.8987,905.7016,2448.9075,-2.0777,0.00,0.03
76,1966.2280,854.8025,2471.2923,206.1650,0.00,0.02
77,2431.2682,3.4572,2439.0639,2425.2927,0.00,0.03
78,2210.1440,639.2405,2471.3403,293.7731,0.00,0.02
79,1930.9180,895.2665,2467.5218,332.4380,0.00,0.02
80,2324.1023,434.3904,2452.6374,642.0097,0.00,0.03
81,2429.9119,6.4296,2443.7466,2411.4477,0.00,0.03
82,2208.3701,623.5804,2458.5126,509.5701,0.00,0.02
83,2315.3769,446.6809,2434.9241,585.4067,0.00,0.03
84,2431.6195,6.2535,2445.4472,2425.8062,0.00,0.03
85,2031.3848,837.8932,2471.2333,82.2977,0.00,0.01
86,1866.2967,974.9785,2465.5535,51.9540,0.00,0.02
87,1754.0228,1010.0596,2467.6933,78.7922,0.00,0.02
88,2356.5495,201.6672,2443.9338,1765.7262,0.00,0.03
89,2430.2327,3.5439,2441.3456,2426.4009,0.00,0.04
90,1479.6791,1104.2346,2470.8671,97.4832,0.01,0.02
91,2054.3692,814.7815,2451.0873,86.1975,0.00,0.02
92,2428.0258,1.3702,2431.1073,2426.3750,0.00,0.04
93,1693.0622,1003.2355,2453.0695,82.0920,0.00,0.02
94,2426.8548,1.9801,2430.5224,2421.8593,0.00,0.04
95,2371.4100,185.3797,2444.2866,1654.8459,0.00,0.03
96,2421.8178,8.9520,2427.2453,2388.6810,0.00,0.04
97,2425.3056,0.4275,2426.2662,2424.3257,0.00,0.04
98,2426.4114,0.9334,2428.3458,2425.3590,0.00,0.04
99,1999.5390,802.0419,2455.2478,92.1572,0.00,0.02
100,2427.8786,2.9337,2435.9869,2423.3637,0.00,0.04
101,2431.6640,3.6710,2443.5493,2427.8575,0.00,0.03
102,1976.3677,789.7320,2471.3105,122.2250,0.00,0.01
103,1627.7952,1062.9404,2453.9155,91.6243,0.00,0.02
104,1785.8258,981.4641,2456.5950,117.7107,0.00,0.02
105,2431.2697,3.6593,2439.7306,2425.9804,0.00,0.03
106,1930.1522,859.8918,2471.3160,96.9955,0.00,0.01
107,1894.0609,964.9349,2471.6000,81.2171,0.00,0.02
108,1376.0581,1096.7954,2469.6618,107.2134,0.00,0.02
109,1640.1786,1062.0754,2471.1365,96.9609,0.00,0.01
110,2043.8772,836.4602,2457.1784,101.9766,0.00,0.02
111,2432.4020,3.3631,2439.1408,2426.2959,0.00,0.03
112,1861.6697,921.2538,2467.2026,96.9742,0.00,0.01
113,2157.1230,776.3457,2471.8550,101.6856,0.00,0.01
114,1891.3824,967.6082,2470.6797,96.7038,0.00,0.01
115,1953.0025,830.2967,2469.1467,202.8187,0.41,0.02
116,2072.0343,777.0838,2459.8293,437.6142,0.00,0.02
117,1944.9741,795.0732,2454.7371,96.8458,0.00,0.02
118,2214.7683,601.4442,2470.8291,344.9729,0.00,0.03
119,2434.5455,11.6667,2471.9485,2426.1774,0.00,0.03
120,1739.4030,950.8673,2467.8101,96.7807,0.00,0.01
121,2183.2084,709.3489,2471.8776,117.2132,0.00,0.02
122,2251.0502,515.2466,2456.4461,632.8941,0.00,0.02
123,1839.1209,921.3331,2471.6809,70.0999,0.00,0.03
124,2429.1194,2.8807,2438.0680,2425.6854,0.00,0.04
125,2335.1765,438.1638,2462.8162,638.4244,0.00,0.02
126,2230.3773,591.1566,2471.9299,347.1896,0.00,0.02
127,2144.7548,663.7388,2466.9287,187.8397,0.00,0.02
128,1939.2114,905.1757,2454.5739,81.9634,0.00,0.02
129,2054.6715,821.8650,2463.7837,107.3220,0.00,0.02
130,1875.2285,861.9728,2471.6854,132.0468,0.00,0.02
131,2053.6282,805.4583,2471.0602,101.9419,0.00,0.03
132,2426.6679,1.7045,2432.1089,2425.3259,0.00,0.04
133,1763.5733,915.0855,2471.7563,281.8674,0.00,0.02
134,2327.3544,436.5598,2467.4727,637.4029,0.00,0.03
135,2429.2731,1.7990,2433.6911,2426.0988,0.00,0.04
136,1933.0911,910.7689,2469.2298,84.6512,0.00,0.02
137,2439.8896,9.2324,2458.9405,2425.9481,0.00,0.03
138,2198.4979,687.6410,2470.2164,334.8446,0.00,0.01
139,2319.4845,516.1448,2465.1372,320.8222,0.00,0.02
140,2312.2364,521.6976,2458.6436,291.8938,0.00,0.02
141,2453.6227,9.4121,2471.1667,2436.9192,0.00,0.02
142,2440.8344,7.4433,2453.5076,2428.0072,0.00,0.03
143,2399.0023,165.1457,2467.7367,1762.0568,0.00,0.02
144,1844.9065,925.2399,2463.0930,97.0287,0.00,0.02
145,1645.0706,966.6664,2430.0614,138.7638,0.00,0.04
146,2417.2178,13.1825,2424.9533,2370.3316,0.00,0.04
147,2430.2300,13.7239,2471.6932,2424.9843,0.00,0.04
148,2078.9406,815.7280,2471.3475,101.8895,0.00,0.01
149,2364.3534,326.6385,2471.7735,1099.8769,0.00,0.02
150,2020.1059,765.9344,2450.6794,240.5608,0.00,0.03
151,2353.4234,341.7601,2471.3360,1030.9753,0.00,0.03
152,2438.1494,11.8783,2467.5487,2425.0481,0.00,0.03
153,2332.6121,472.1497,2471.8251,504.5297,0.00,0.02
154,2370.3740,227.2400,2451.1375,1502.9498,0.00,0.03
155,1890.9359,807.0849,2471.1370,395.6749,0.00,0.03
156,2317.7820,428.0509,2470.0128,660.4778,0.00,0.04
157,2427.4803,7.8904,2457.3104,2424.9948,0.00,0.04
158,2451.5352,14.0484,2471.5332,2425.0346,0.00,0.02
159,2083.0627,753.5635,2458.1959,509.5871,0.00,0.02
160,2432.2748,4.6361,2443.4330,2426.2874,0.00,0.03
161,2090.5571,753.3247,2471.3995,499.3845,0.00,0.02
162,1164.9387,1026.2399,2436.7516,137.5540,0.00,0.04
163,2195.4686,672.0545,2461.2513,135.3078,0.00,0.02
164,2037.1975,822.1717,2449.2068,171.7071,0.00,0.03
165,1953.7009,841.5656,2467.6542,316.3086,0.00,0.03
166,2418.3078,17.4788,2460.9801,2385.7523,0.00,0.04
167,2328.8143,237.2915,2450.4375,1516.1481,0.00,0.03
168,2291.5406,563.5589,2467.5618,109.1373,0.00,0.03
169,2299.4107,518.2829,2457.0429,292.5831,0.03,0.03
170,2434.5302,15.3571,2456.5592,2403.4176,0.00,0.01
171,2129.7264,631.2103,2468.1093,503.7382,2.02,0.06
172,2290.3068,542.1127,2446.8112,190.8326,0.00,0.03
173,1892.8434,753.3503,2426.3415,245.3832,0.00,0.04
174,1900.7050,604.5187,2418.6962,807.7644,0.00,0.04
175,1051.4868,904.1851,2425.4160,31.7990,0.00,0.03
176,1963.5643,588.7539,2423.5757,834.5392,0.00,0.04
177,2425.0048,0.1272,2425.1164,2424.5709,0.00,0.04
178,2425.1384,0.1440,2425.6310,2424.9939,0.00,0.04
179,1787.5632,797.9483,2450.8360,435.9120,0.00,0.03
180,2305.9047,507.9064,2469.6152,339.4715,0.00,0.03
181,1746.7498,915.6970,2461.2718,96.8979,0.00,0.02
182,2274.4782,402.4410,2439.8626,906.5083,0.00,0.03
183,2287.0010,569.6493,2440.0614,80.8002,0.00,0.03
184,2429.6113,3.0152,2436.0247,2425.6455,0.00,0.04
185,2060.5979,816.0584,2471.5391,112.0338,0.00,0.02
186,2190.8396,643.4734,2446.3673,344.9670,0.00,0.03
187,2340.5906,268.2719,2425.7878,1305.6512,0.00,0.04
188,2430.1826,5.1907,2441.2848,2425.2702,0.00,0.03
189,1980.2257,879.1088,2471.8442,91.8981,0.00,0.01
190,2332.0376,488.5680,2471.0315,440.1008,0.00,0.01
191,2304.0719,573.7867,2470.6966,82.0910,0.00,0.02
192,2318.2096,463.8455,2463.1045,522.1607,0.03,0.03
193,2449.9896,10.8251,2470.6085,2438.1494,0.00,0.02
194,1458.1380,1118.6499,2452.0512,90.1906,0.00,0.02
195,2104.8971,706.4718,2471.1990,504.0200,0.00,0.02
196,2328.4121,402.9234,2446.1802,768.0056,0.00,0.03
197,2426.2058,1.3342,2429.7424,2423.5511,0.00,0.04
198,2438.3277,8.1609,2463.0452,2428.2006,0.00,0.03
199,2444.4762,4.8157,2451.3331,2436.7601,0.00,0.02
200,1856.4931,919.1384,2470.3791,316.1321,0.00,0.01
201,1980.4984,852.4494,2448.2614,133.0843,0.00,0.03
202,1966.8426,853.3740,2468.5151,328.5712,0.00,0.01
203,2108.5035,754.8120,2470.8983,101.9220,0.00,0.01
204,1599.4296,913.2086,2445.5962,294.0292,0.01,0.03
205,2443.8044,10.4687,2470.1307,2432.6254,0.00,0.02
206,2337.6390,298.6561,2471.0800,1376.8586,0.00,0.02
207,2311.9709,541.9255,2466.2769,213.4090,0.00,0.02
208,2115.4831,704.9599,2469.9432,459.3849,0.00,0.01
209,1928.2818,929.6890,2468.1890,92.0471,0.00,0.01
210,1463.0597,1027.7039,2461.1911,203.7605,0.00,0.02
211,2077.4251,807.8289,2471.5050,97.0777,0.00,0.01
212,2443.0477,7.0524,2457.8397,2433.6326,0.00,0.03
213,1755.1231,925.2436,2471.9089,117.2034,0.00,0.01
214,2277.5147,482.8986,2469.3943,790.2692,0.00,0.01
215,1148.2810,1026.5320,2455.1916,70.5748,0.00,0.03
216,1284.1968,1060.3092,2471.8081,81.8152,0.00,0.01
217,1591.8208,1002.8913,2465.7273,96.8758,0.00,0.01
218,2451.4959,6.7843,2461.4133,2438.3272,0.00,0.02
219,1242.1192,1083.4121,2457.9262,86.5364,0.00,0.01
220,2435.3766,4.1670,2444.5385,2430.8579,0.00,0.03
221,1533.8719,1085.6991,2471.2237,91.8196,0.00,0.01
222,2140.0617,716.1813,2470.6832,96.8419,0.00,0.02
223,2232.1927,575.4780,2464.6531,475.3312,0.00,0.02
224,2153.6774,768.0613,2460.6649,101.9143,0.00,0.02
225,2186.8969,678.2854,2470.2010,337.2841,0.00,0.03
226,1899.7644,956.6279,2471.6455,107.3989,0.00,0.02
227,1983.9045,862.3949,2463.7922,146.8379,0.00,0.02
228,2057.0912,805.6540,2456.1344,322.8956,0.00,0.02
229,2190.0617,657.2028,2465.5388,250.1611,0.00,0.03
230,2442.9810,10.1519,2471.7481,2429.4369,0.00,0.02
231,1686.0515,976.6534,2450.8343,111.6015,0.00,0.03
0,165.3034,273.7831,813.8916,-69.3905,26.59,0.02
1,507.0047,597.9993,1763.5777,-5.5002,0.67,0.01
2,1201.3258,684.1236,2104.6827,32.3990,1.16,0.02
3,1875.5622,600.2502,2317.9354,153.6512,0.00,0.02
4,1478.6126,851.5704,2352.4889,-34.6859,1.91,0.03
5,2291.4562,124.6790,2414.9423,1959.6470,0.08,0.04
6,2098.7137,634.7464,2427.5714,429.7537,0.26,0.03
7,2132.1063,220.0683,2391.8613,1576.7445,1.14,0.05
8,2180.1775,556.8542,2436.5895,101.8439,0.00,0.02
9,2064.2431,637.2428,2410.6696,67.7227,0.00,0.03
10,2374.1587,55.0216,2422.3872,2186.4161,0.05,0.04
11,2414.2483,19.5175,2423.6175,2341.2244,0.00,0.04
12,2414.8166,23.0111,2424.9531,2327.8687,0.00,0.04
13,2422.9694,2.4880,2425.9189,2417.8981,0.00,0.04
14,2197.4180,463.1549,2434.2820,960.5296,0.00,0.03
15,2228.4180,412.2515,2433.2872,1303.0398,0.00,0.04
16,2422.2172,2.6206,2427.0201,2414.8758,0.00,0.04
17,1364.5397,953.5633,2434.6302,230.8156,0.00,0.03
18,2334.1228,359.2641,2430.3783,942.7148,0.00,0.04
19,2426.0406,1.0124,2428.2126,2424.8483,0.00,0.04
20,2063.0080,792.0380,2448.5153,41.6813,0.00,0.03
21,2079.6248,706.0535,2438.2071,301.7347,0.00,0.04
22,2310.0557,443.6914,2429.8967,591.6750,0.00,0.04
23,2423.1099,1.7724,2424.9844,2418.5528,0.00,0.04
24,2425.0415,1.2336,2429.4194,2423.5798,0.00,0.04
25,1511.3816,1058.9320,2468.8679,91.1310,0.00,0.02
26,2077.2849,735.3725,2448.4794,112.0743,0.00,0.03
27,2421.2382,15.2689,2455.6111,2383.3512,0.00,0.04
28,1969.1733,826.5333,2451.0967,101.7467,0.00,0.03
29,2408.3590,13.2943,2430.7570,2381.1498,0.00,0.04
30,2207.3769,609.9570,2450.7087,210.0890,0.00,0.03
31,2369.3428,222.8054,2436.7200,1506.5356,0.00,0.04
32,2424.9125,1.6057,2428.4078,2423.1664,0.00,0.04
33,2004.4226,783.3538,2463.2556,334.3392,0.00,0.02
34,2429.4247,2.1109,2433.1869,2425.9362,0.00,0.04
35,1867.0476,911.6134,2471.5042,87.1605,0.00,0.01
36,2059.5030,833.7387,2466.8359,141.9159,0.00,0.01
37,1510.4698,1086.9549,2462.0365,65.9316,0.00,0.02
38,2139.4030,700.9052,2471.0316,196.5709,0.00,0.02
39,2427.5618,5.2307,2440.0175,2419.8869,0.00,0.04
40,2217.0675,627.0136,2471.7613,504.5105,0.00,0.02
41,1962.9429,875.3218,2470.1721,101.8659,0.00,0.02
42,2432.6900,5.5466,2446.5499,2426.5258,0.00,0.03
43,2312.4905,569.6259,2471.6835,106.6591,0.00,0.01
44,1730.5322,967.4643,2471.6727,106.8043,0.00,0.01
45,2005.2903,787.1917,2472.4285,260.6967,0.00,0.02
46,1112.5203,1108.5986,2454.7802,60.4960,0.00,0.02
47,2033.5466,737.3360,2471.1570,390.7787,0.00,0.02
48,2183.4039,689.6047,2451.7862,101.8779,0.00,0.03
49,2427.6381,2.3694,2433.4962,2425.1871,0.00,0.04
50,2047.3597,800.1754,2468.2634,96.9943,0.00,0.01
51,1229.6949,1102.8839,2468.0536,76.7909,0.00,0.02
52,1386.7129,1080.6961,2470.4249,60.6094,0.00,0.01
53,2370.0294,300.2899,2470.9314,1208.3344,0.00,0.02
54,2302.0730,507.6052,2444.4908,336.2522,0.00,0.03
55,2429.9202,4.5349,2440.9780,2425.2809,0.00,0.04
56,1488.0599,975.9217,2471.6549,301.8163,0.00,0.02
57,2160.6810,725.8350,2465.4223,125.5075,0.00,0.03
58,2306.9566,467.8794,2441.6926,494.9887,0.00,0.04
59,2325.3043,389.4900,2440.9217,816.8929,0.00,0.04
60,2421.2912,3.1430,2424.2944,2410.9193,0.00,0.04
61,2425.0038,0.1358,2425.4964,2424.8492,0.00,0.04
62,2429.8312,3.4892,2437.5758,2425.5175,0.00,0.04
63,1803.4281,990.5987,2470.3315,91.4060,0.00,0.02
64,1777.3385,1022.0190,2471.8199,80.7947,0.00,0.01
65,1898.5140,979.6053,2471.9698,92.0730,0.00,0.01
66,2064.7808,787.0055,2460.8833,328.2172,0.00,0.03
67,1575.9717,1013.4645,2465.3791,101.9356,0.00,0.02
68,2147.4762,617.8898,2437.5379,277.0436,0.00,0.04
69,2424.9982,0.0118,2425.0294,2424.9907,0.00,0.04
70,2425.0540,0.0595,2425.2385,2425.0018,0.00,0.04
71,2425.3526,0.3847,2426.6390,2425.0860,0.00,0.04
72,2428.0196,2.2267,2434.4142,2425.5918,0.00,0.04
73,857.6006,993.7357,2467.8112,81.8076,0.00,0.02
74,1538.2672,1045.8672,2469.7819,45.8330,0.00,0.02
75,1878.8436,942.9798,2466.2656,87.1284,0.00,0.02
76,1968.0941,791.9588,2463.7996,305.0538,0.00,0.02
77,2316.4581,443.0562,2452.8256,600.6957,0.00,0.03
78,2429.9655,4.5952,2442.4030,2425.7819,0.00,0.04
79,1304.5129,1147.4832,2464.3104,86.5641,0.00,0.02
80,1384.6599,1001.0348,2463.4178,76.2548,0.00,0.02
81,1999.5245,681.3547,2442.9142,296.8782,0.00,0.03
82,2201.7513,613.9534,2451.1507,496.7195,0.00,0.03
83,2213.6053,411.2554,2462.5502,1191.3951,0.00,0.03
84,2026.2011,740.9315,2427.4253,326.9506,0.00,0.04
85,2425.7669,1.1589,2430.0177,2425.0640,0.00,0.04
86,2374.8188,183.4797,2442.1472,1674.3852,0.00,0.04
87,2427.0905,3.3055,2439.3861,2425.1844,0.00,0.04
88,2087.7265,754.5911,2459.1122,340.0222,0.00,0.02
89,2311.7185,571.9547,2471.5431,96.8891,0.00,0.01
90,1724.0844,972.9035,2470.6192,97.0107,0.00,0.02
91,1979.2047,826.5084,2468.6114,245.5638,0.00,0.02
92,1464.7139,1027.0375,2468.9056,112.3221,0.00,0.02
93,1870.3287,887.1519,2469.9190,342.7123,0.00,0.01
94,1959.7819,914.9967,2465.6814,74.7370,0.00,0.02
95,1643.7125,1053.5261,2470.4133,96.6833,0.00,0.01
96,1962.7417,826.7099,2462.9482,86.1124,0.18,0.02
97,1784.2437,897.6744,2468.1933,300.4057,0.03,0.03
98,2176.9437,615.3421,2466.6053,269.1400,0.00,0.02
99,2018.3781,749.2610,2468.4391,595.1229,0.00,0.02
100,1845.7906,943.6728,2459.9477,101.7115,0.00,0.02
101,2431.2207,6.1797,2451.4461,2425.8245,0.00,0.03
102,2244.5916,572.3015,2471.9306,335.1755,0.00,0.02
103,2186.1477,698.7476,2469.0503,92.1370,0.00,0.02
104,2165.2979,690.6618,2447.0172,293.4417,0.00,0.03
105,1840.9928,906.3046,2455.9496,92.0925,0.00,0.03
106,2426.5024,1.0315,2428.2602,2424.7859,0.00,0.04
107,2321.6039,461.4796,2455.7516,534.4875,0.00,0.03
108,2428.7780,2.8859,2435.8283,2423.8926,0.00,0.04
109,1989.9004,835.3961,2471.7986,127.0658,0.00,0.01
110,1977.8533,833.4378,2470.7861,92.1504,0.00,0.02
111,2439.9441,7.2229,2454.8329,2428.2393,0.00,0.03
112,1689.7279,993.1646,2464.8547,97.0236,0.00,0.02
113,2041.4704,725.5358,2471.5750,594.0049,0.00,0.01
114,1731.0754,1066.5170,2468.4006,61.1107,0.00,0.01
115,2448.3740,15.4446,2470.7424,2417.9330,0.00,0.02
116,2263.5946,481.8142,2469.1555,985.0233,0.00,0.02
117,2350.3549,341.4280,2455.8506,1028.3592,0.00,0.03
118,2426.0483,1.5951,2431.5888,2423.6719,0.00,0.04
119,2110.4098,706.7842,2470.0520,425.3138,0.00,0.02
120,2281.9485,535.5380,2440.0931,216.5542,0.00,0.03
121,2222.1886,434.6715,2439.7297,851.4253,0.00,0.03
122,2428.4649,2.3156,2434.8344,2424.8510,0.00,0.04
123,1956.7715,845.2489,2464.9533,420.7885,0.00,0.02
124,2429.3095,3.1507,2436.5440,2425.5402,0.00,0.04
125,2323.0841,501.6477,2469.9980,380.5459,0.00,0.02
126,1795.0802,960.6453,2439.9789,56.0689,0.00,0.03
127,1956.2648,844.1945,2462.2105,96.1745,0.00,0.02
128,2305.5547,432.6451,2459.5822,634.4560,0.00,0.02
129,2022.7651,706.5347,2433.6254,444.1771,0.00,0.03
130,2414.7952,7.6385,2423.4760,2397.7089,0.00,0.04
131,2425.6010,0.5967,2427.1721,2424.9114,0.00,0.04
132,2429.7508,2.2789,2435.1965,2426.7663,0.00,0.04
133,1699.3393,902.3590,2470.9856,314.8458,0.00,0.01
134,1938.9311,875.2680,2469.1338,209.1211,0.00,0.02
135,2429.2845,3.4805,2439.2336,2421.0605,0.00,0.04
136,2298.8824,569.8869,2471.1095,92.0355,0.00,0.02
137,2360.1975,225.1674,2449.2498,1532.6734,0.00,0.03
138,2312.0360,489.8237,2448.0921,415.0772,0.00,0.03
139,2427.9265,1.6666,2431.0006,2425.1747,0.00,0.04
140,2445.2691,12.2351,2471.0808,2427.7679,0.00,0.02
141,1125.0571,1035.1556,2447.5301,163.1401,0.00,0.03
142,1865.8542,947.1139,2471.5481,91.9355,0.00,0.01
143,2083.3527,636.6182,2469.9074,809.1995,0.00,0.03
144,2437.0125,8.0049,2452.9231,2427.0851,0.00,0.03
145,1920.3129,899.5212,2461.4649,284.1632,0.00,0.03
146,1646.8689,1049.0695,2471.7766,96.7641,0.00,0.02
147,2060.0102,787.8254,2455.2620,379.7678,0.00,0.03
148,2302.5299,475.6665,2454.7639,464.7155,0.00,0.03
149,2204.4414,538.9162,2448.9898,364.2726,0.00,0.03
150,2420.9187,3.0818,2426.0565,2414.7242,0.00,0.04
151,2425.2347,0.4275,2426.8307,2425.0174,0.00,0.04
152,2286.8219,411.0879,2429.2757,797.4191,0.00,0.04
153,2424.1196,1.2122,2425.7529,2421.4258,0.00,0.04
154,2281.6354,555.5520,2425.5259,129.9919,0.00,0.04
155,2425.0980,0.0871,2425.3622,2425.0060,0.00,0.04
156,2426.5728,1.8118,2431.8714,2425.1540,0.00,0.04
157,2153.7819,777.4798,2471.9443,96.8673,0.00,0.02
158,2435.0928,5.2915,2444.7058,2426.6564,0.00,0.03
159,1965.8210,869.5625,2470.2143,107.3053,0.00,0.01
160,2169.6169,675.0649,2460.6003,343.7761,0.00,0.02
161,1918.4419,927.5954,2471.2681,95.1328,0.04,0.02
162,2132.0534,666.1144,2463.1011,340.0271,0.16,0.03
163,2280.5427,558.2337,2435.9040,119.3715,0.49,0.04
164,2420.8874,3.1926,2425.1556,2415.3476,0.01,0.04
165,2431.3489,8.8396,2461.4157,2425.0840,0.00,0.03
166,2167.7662,739.7249,2464.2288,124.5752,0.00,0.02
167,2366.9061,185.6938,2444.5810,1663.1047,0.26,0.03
168,1958.5751,865.2042,2471.7445,350.2305,0.00,0.02
169,2384.6401,266.3535,2471.8922,1356.7486,0.01,0.01
170,2365.6172,336.4057,2470.8725,1063.3715,0.00,0.02
171,2180.4312,679.9391,2464.5512,318.8373,0.00,0.03
172,2301.6955,530.4813,2471.9611,249.6582,0.07,0.02
173,2265.4349,478.8735,2447.6755,603.2936,0.09,0.03
174,2322.7844,373.5338,2431.5337,877.2467,0.00,0.03
175,2430.1816,9.8714,2442.2403,2400.2416,0.01,0.03
176,2437.0003,4.8556,2449.0911,2430.1401,0.00,0.03
177,967.8562,1036.6339,2470.3318,91.0951,0.01,0.02
178,1381.3945,1083.0426,2470.7542,85.1203,0.07,0.02
179,2310.6800,480.9126,2463.8895,448.6017,0.00,0.03
180,2432.5927,8.3083,2454.6579,2425.1141,0.00,0.03
181,2076.7688,753.0241,2459.1870,92.1590,0.21,0.03
182,1968.9940,830.8085,2441.1258,142.5809,0.03,0.03
183,2437.7516,20.0064,2471.7668,2387.1463,0.00,0.02
184,2426.5151,4.7569,2444.8972,2425.0380,0.00,0.04
185,2319.1020,486.5819,2465.9321,435.2529,0.00,0.02
186,2311.8651,470.7274,2454.9639,489.1919,0.00,0.03
187,2429.5768,8.0452,2456.1179,2425.2088,0.00,0.04
188,2429.4945,9.9940,2459.5642,2419.7298,0.00,0.03
189,2427.7075,4.5271,2438.8176,2425.0353,0.00,0.04
190,2341.3479,332.5772,2439.4159,1053.4538,0.00,0.03
191,2293.9569,507.8051,2428.6460,327.2453,0.00,0.04
192,2424.6593,1.6493,2425.9871,2418.8657,0.00,0.04
193,2426.3770,5.4460,2436.5951,2414.6705,0.01,0.04
194,2201.6735,611.7589,2443.1863,405.0562,0.00,0.03
195,2427.4722,2.8540,2433.8839,2422.6081,0.00,0.04
196,1651.0385,1034.9653,2471.1392,96.7851,0.00,0.02
197,2158.6317,736.2199,2457.9146,201.7164,0.00,0.03
198,2064.5539,790.6518,2450.1744,157.2293,0.00,0.03
199,2436.7413,7.2843,2449.3459,2417.6777,0.01,0.03
200,2225.2128,614.8576,2470.9130,334.5395,0.01,0.01
201,2304.0055,308.3480,2468.5550,1412.2111,0.00,0.02
202,1790.5702,980.1141,2466.5207,151.5421,0.00,0.02
203,2284.4167,529.9469,2469.9746,234.8398,0.03,0.02
204,2382.2300,46.1314,2437.4618,2253.8103,0.00,0.03
205,1501.7455,974.0750,2461.4627,122.1596,0.00,0.02
206,2436.7162,14.3031,2455.8290,2392.9816,0.00,0.02
207,2090.1886,779.7547,2471.2619,122.1798,0.00,0.01
208,2406.1356,39.4422,2456.2254,2289.1975,0.03,0.03
209,2447.6961,9.0418,2465.4221,2432.7962,0.00,0.02
210,2404.7796,26.3761,2435.6492,2326.9721,0.00,0.03
211,2443.4896,12.7483,2465.4559,2421.5707,0.01,0.02
212,2429.3864,6.2888,2444.0361,2417.4415,0.00,0.03
213,2135.0862,679.7664,2469.9771,522.9058,0.00,0.01
214,2209.9929,650.5603,2471.3098,464.5790,0.00,0.01
215,2447.5665,8.9369,2468.1484,2434.0059,0.00,0.02
216,2434.2020,8.9077,2454.3703,2424.8719,0.01,0.03
217,2333.2258,457.0495,2465.4644,563.3559,0.00,0.02
218,2445.3181,5.8777,2454.1084,2433.0715,0.01,0.02
219,1932.6657,893.6139,2471.8644,40.5947,0.23,0.02
220,2151.9883,652.0630,2470.0852,340.0866,0.00,0.01
221,2129.6921,684.6138,2454.5980,275.6759,0.00,0.03
222,1867.5516,957.2158,2463.7406,90.5352,0.00,0.02
223,2050.2769,755.2217,2458.0764,380.6001,0.00,0.02
224,1291.5541,977.0191,2471.3354,50.9644,0.00,0.02
225,2449.7899,10.1898,2470.3258,2432.8636,0.00,0.02
226,2431.9947,5.5925,2442.7618,2421.2604,0.01,0.03
227,1633.7818,879.6591,2443.2240,153.4963,0.00,0.03
228,1967.6707,752.3255,2442.1040,148.7898,0.00,0.03
229,1936.4100,876.0866,2431.5484,162.2930,0.00,0.03
230,2423.8818,3.6973,2431.4562,2417.7809,0.03,0.04
231,2436.1401,7.1703,2450.3195,2420.6122,0.00,0.03
232,2218.7696,579.7203,2463.8158,411.2300,0.00,0.03
233,2429.3230,5.2276,2443.6567,2423.5952,0.00,0.04
234,1942.6229,813.9134,2460.6357,191.9654,0.00,0.03
235,2093.2966,776.6347,2465.2797,85.3167,0.00,0.02
236,871.4275,790.3647,2449.4864,81.5935,0.03,0.03
237,2217.8826,557.3058,2434.4093,530.7452,0.00,0.04
238,2427.8985,3.5002,2434.8157,2420.5437,0.00,0.04
239,1903.2377,781.9195,2469.3849,460.0849,0.00,0.01
240,872.5570,877.7511,2452.9481,70.7717,0.00,0.02
241,1378.7998,889.5404,2437.0744,190.7802,0.11,0.03
242,2172.8190,589.5031,2471.8532,319.8852,0.03,0.02
243,2394.1168,189.9610,2471.1318,1659.8748,0.00,0.02
244,2406.3169,149.7582,2471.8832,1828.6117,0.01,0.02
245,1988.5823,799.3220,2463.2600,106.8055,0.03,0.02
246,2304.9194,570.2160,2471.1357,96.9314,0.00,0.02
247,2290.2614,543.5334,2465.1761,185.8680,0.00,0.03
248,2325.9197,122.4882,2442.1043,1977.5294,0.41,0.04
249,2288.9106,541.6843,2443.2324,191.4933,0.01,0.03
250,2195.9245,624.0468,2449.0975,208.6187,0.00,0.03
251,2435.4549,31.4236,2457.1599,2319.1932,0.04,0.02
252,2078.8971,794.6209,2471.7470,111.5519,0.00,0.01
253,2449.0520,9.7138,2470.2373,2433.9333,0.00,0.02
254,1166.1590,1020.7185,2456.5491,86.8350,0.00,0.02
255,919.8715,917.1276,2444.7958,167.9518,0.00,0.03
256,2223.8664,585.4802,2469.0087,618.4962,0.00,0.02
257,2179.2981,694.1646,2471.3757,320.3079,0.01,0.02
258,2133.5881,764.2687,2469.4347,112.3516,0.06,0.02
259,2090.5198,657.0634,2460.7434,324.2300,0.00,0.03
260,1693.4825,982.6562,2451.6796,92.9879,0.00,0.02
261,1548.0853,949.9418,2447.0366,104.5055,0.00,0.03
262,1872.0613,912.0852,2468.4983,183.3774,0.00,0.02
263,2170.2818,732.7156,2466.6496,87.1491,0.00,0.02
264,1542.5614,777.7000,2448.5998,277.9903,0.00,0.02
265,1258.0314,1002.0272,2461.4124,74.9598,0.00,0.03
266,1638.5944,1053.8810,2459.1673,119.5797,0.00,0.02
267,2325.4981,490.8037,2471.7334,425.0725,0.00,0.02
268,2441.9409,13.0136,2471.7594,2414.8715,0.00,0.02
269,2127.4350,454.4854,2436.2868,551.9404,0.16,0.04
270,2326.4397,161.2404,2458.1614,1822.4650,0.05,0.03
271,2433.4174,8.0819,2455.3162,2425.5661,0.00,0.03
272,2067.4250,705.2938,2447.4504,521.3778,0.00,0.03
273,2437.1984,13.1123,2470.0518,2412.4251,0.03,0.03
274,2146.4575,761.5097,2470.2224,126.9522,0.01,0.03
275,2424.6875,1.9227,2427.0373,2420.5564,0.00,0.04
276,2435.9917,5.2857,2443.8511,2426.5216,0.00,0.03
277,2392.3363,192.2572,2470.9174,1650.9920,0.01,0.02
278,2438.8131,17.0627,2468.8101,2403.9970,0.01,0.02
279,2210.1749,586.3861,2440.7782,539.0149,0.03,0.03
280,2425.7544,6.5015,2432.4662,2402.4061,0.01,0.04
281,2371.1625,237.9557,2451.8773,1450.0080,0.00,0.03
282,2437.0444,6.4122,2449.9213,2425.9259,0.00,0.03
283,2066.2933,796.9499,2467.7663,86.2218,0.01,0.02
284,2017.5745,794.9979,2462.9675,101.7265,0.00,0.02
285,2427.9705,6.0329,2441.3980,2419.5679,0.00,0.03
286,2023.1939,775.5204,2468.3424,97.0379,0.00,0.02
287,2436.9447,8.4003,2455.2176,2424.7162,0.00,0.03
288,1601.1907,993.3373,2440.2309,85.3533,0.00,0.03
289,2380.8019,71.9093,2440.6996,2174.5454,0.10,0.04
290,2407.5770,41.6331,2451.3351,2260.2596,0.01,0.03
291,1994.3230,776.2368,2451.0512,89.8468,0.05,0.03
292,2040.0371,863.2907,2466.7424,112.3434,0.00,0.01
293,2309.0273,564.7430,2470.2193,122.2465,0.00,0.01
294,2094.6100,763.9420,2467.6234,97.4810,0.00,0.01
295,2295.5465,565.2507,2464.1350,106.7669,0.04,0.02
296,2429.8422,7.9573,2440.9600,2413.8040,0.05,0.03
297,2439.6704,8.1801,2460.7917,2428.5345,0.00,0.03
298,2447.6167,9.6402,2465.6084,2435.0160,0.00,0.02
299,1899.3259,851.6709,2470.3299,105.9590,0.00,0.02
300,2132.6118,547.3737,2435.0785,652.6129,1.00,0.04
301,2267.5121,174.5994,2429.0597,1842.3837,0.10,0.04
302,2416.1239,44.5603,2437.4602,2245.0133,0.05,0.03
303,2433.1698,7.1320,2448.1174,2421.8520,0.00,0.03
304,2004.2014,781.0351,2450.3011,100.6736,0.04,0.03
305,2424.9355,6.0051,2440.3960,2415.4891,0.03,0.03
306,2431.3577,7.6297,2446.9888,2417.5140,0.01,0.03
307,2429.8305,6.2829,2438.7201,2414.2229,0.00,0.03
308,2288.7845,560.7595,2451.2082,117.2314,0.01,0.02
309,2430.2708,6.0004,2443.8155,2420.0429,0.00,0.03
310,2293.7384,387.4697,2459.0646,987.8721,0.06,0.03
311,2421.7377,29.7892,2456.2963,2349.2132,0.01,0.03
312,2446.5584,9.7016,2460.5141,2425.6803,0.00,0.02
313,2248.9285,542.0746,2471.5894,738.9854,0.00,0.02
314,2149.6865,655.5985,2471.8260,139.2080,0.00,0.02
315,2231.0648,601.5431,2471.2825,572.2734,0.00,0.01
316,2440.9447,11.5614,2470.2221,2418.2593,0.00,0.02
317,1703.6078,915.1587,2463.7030,110.6157,0.00,0.02
318,2440.1769,10.5909,2470.0256,2428.9901,0.00,0.03
319,2385.0246,193.8672,2446.3673,1635.3280,0.01,0.03
320,2426.6040,8.8961,2441.4831,2414.3571,0.03,0.03
321,2440.8314,4.1253,2450.3384,2435.1139,0.00,0.03
322,2443.5646,7.4793,2455.3569,2430.3958,0.00,0.02
323,2424.3246,32.5626,2472.1017,2357.7883,0.03,0.02
324,1991.1995,854.5807,2471.8619,136.0175,0.00,0.02
325,2296.7459,564.1355,2460.9842,112.2474,0.00,0.02
326,1933.6787,877.3915,2454.0160,216.7418,0.00,0.02
327,2428.3369,8.2865,2445.5976,2412.1373,0.00,0.03
328,1428.6388,825.4941,2456.3490,121.4837,0.18,0.03
329,1953.4444,806.1755,2471.6891,85.2055,0.01,0.02
330,2397.6023,33.7320,2433.1263,2327.8549,0.00,0.03
331,2297.8441,553.3201,2471.0885,155.5818,0.00,0.02
332,2281.4553,502.0763,2434.2767,337.7200,0.00,0.03
333,2277.5901,498.1089,2440.1937,352.8697,0.01,0.03
334,2393.3134,34.3851,2430.4991,2285.1027,0.00,0.03
335,2386.8162,166.2819,2446.2317,1743.4443,0.02,0.03
336,2416.0141,16.0262,2443.8895,2371.5055,0.03,0.03
337,1979.7734,774.4540,2436.0221,186.7315,0.03,0.03
338,2165.0445,662.7990,2470.4512,116.3616,0.01,0.02
339,2278.4716,181.9068,2421.4443,1804.4436,0.49,0.04
340,2358.6330,85.9523,2433.4321,2076.3080,0.69,0.04
341,2058.6742,702.8665,2458.6927,91.4087,0.20,0.03
342,2106.2903,715.2871,2426.2789,155.7329,0.61,0.04
343,2361.5834,32.6645,2407.4753,2306.6380,0.05,0.04
344,2423.5258,17.8182,2443.2191,2360.1674,0.01,0.03
345,2423.5666,15.5154,2447.1335,2400.1235,0.01,0.03
346,2357.2764,249.5766,2453.8418,1396.4083,0.03,0.03
347,2423.6236,18.3541,2468.5964,2384.6608,0.01,0.03
348,2233.7348,522.1451,2460.7789,534.6395,0.03,0.03
349,2425.0465,1.7366,2427.2417,2419.1282,0.00,0.04
350,2415.4053,26.7649,2430.4517,2336.7705,0.01,0.04
351,2426.2440,3.0160,2432.5744,2417.3831,0.00,0.04
352,1294.1182,1006.1826,2442.0079,124.1462,0.03,0.03
353,2429.7963,4.5581,2438.8908,2419.0405,0.01,0.03
354,2175.6995,685.6532,2444.9910,135.1091,0.00,0.03
355,2188.6489,642.6149,2433.9517,224.1990,0.01,0.03
356,2427.2350,2.3243,2432.2647,2421.3216,0.01,0.04
357,2429.4043,5.7291,2447.1978,2416.8158,0.00,0.03
358,2320.5213,433.3557,2463.6744,643.2177,0.00,0.03
359,2033.0777,669.9173,2438.0108,486.2517,0.00,0.03
360,2425.6513,10.3187,2442.1429,2395.7000,0.00,0.03
361,2334.2704,390.9953,2444.8992,820.1202,0.01,0.03
362,2427.2851,5.6671,2448.1899,2423.2898,0.00,0.04
363,2159.9679,568.1942,2470.4972,643.1545,0.07,0.02
364,1975.4844,847.7989,2471.1497,99.0013,0.00,0.01
365,2375.1865,297.7282,2470.1206,1223.4456,0.00,0.02
366,2233.8856,539.7808,2446.3500,410.1660,0.00,0.03
367,2426.1730,8.7187,2437.1597,2396.5899,0.01,0.04
368,2430.2159,3.6990,2437.2174,2425.7436,0.00,0.04
369,1393.9746,744.2552,2435.9279,522.4590,0.00,0.02
370,2208.5586,605.0812,2441.3236,267.4842,0.00,0.03
371,2426.3819,1.1480,2429.5529,2424.2518,0.00,0.04
372,2352.3359,302.4542,2437.2047,1180.9700,0.00,0.04
373,2261.5586,485.5876,2464.8276,788.1312,0.00,0.02
374,2281.1763,565.2384,2430.5272,92.0272,0.00,0.04
375,2425.1495,0.2453,2425.8141,2425.0062,0.00,0.04
376,2430.0015,7.3690,2452.0120,2424.7961,0.00,0.04
377,2155.7203,729.1732,2441.7999,116.8421,0.00,0.03
378,2350.6176,328.8730,2460.4833,1077.3773,0.00,0.03
379,2241.1906,427.9341,2461.7281,1196.4301,0.00,0.03
380,2187.4184,649.0299,2449.7005,111.5233,0.00,0.03
381,2227.9701,623.4188,2471.8703,92.0438,0.00,0.02
382,2041.2564,700.6943,2450.6342,538.0069,0.01,0.03
383,2429.0220,3.0779,2436.1773,2425.8074,0.00,0.04
384,1924.4581,749.2543,2471.4206,321.5189,0.00,0.02
385,2315.8908,430.7627,2440.3819,647.9767,0.01,0.03
386,2427.4549,2.3123,2433.3064,2425.5859,0.00,0.04
387,2103.1162,733.3473,2466.5646,430.1368,0.00,0.02
388,2435.3998,7.3045,2451.9130,2422.3778,0.01,0.03
389,2445.4167,14.0342,2470.0281,2426.3270,0.00,0.02
390,2449.5572,9.4812,2470.1285,2432.9738,0.00,0.02
391,1747.7211,912.2862,2471.9144,122.1585,0.03,0.02
392,1868.5883,771.0002,2470.7818,348.4322,0.49,0.02
393,2384.8861,64.7263,2445.0065,2188.8374,0.25,0.03
394,2352.7450,272.7473,2447.4052,1298.6460,0.04,0.03
395,2343.4619,57.4841,2426.7288,2228.0019,0.78,0.04
396,2425.5954,7.8001,2434.4928,2400.3617,0.00,0.04
397,2433.3154,3.5549,2439.9500,2427.9608,0.00,0.03
398,1836.5390,937.7879,2471.0949,116.4898,0.00,0.01
399,1966.8337,833.1553,2455.6673,450.0364,0.00,0.02
400,2437.9718,11.7149,2467.4041,2422.0148,0.00,0.03
401,2390.9945,47.2715,2461.1468,2241.7430,0.54,0.04
402,2332.7330,448.1612,2471.6987,598.9493,0.05,0.02
403,2270.6814,504.6558,2464.0978,330.1962,0.76,0.03
404,2377.4272,45.2890,2457.4609,2319.1100,0.09,0.03
405,2059.5359,829.6836,2471.7441,99.8075,0.00,0.01
406,2293.6010,562.2300,2469.7110,117.2920,0.03,0.02
407,2424.3761,9.2085,2439.8804,2395.9758,0.00,0.03
408,2177.8765,735.9683,2470.2909,131.7464,0.00,0.01
409,2440.9381,12.4541,2465.9151,2419.7675,0.01,0.02
410,2433.1396,6.6568,2448.2648,2425.9601,0.00,0.03
411,2078.5966,784.9031,2471.9048,410.4334,0.00,0.02
412,2430.2656,7.1059,2449.8786,2411.3141,0.00,0.03
413,2284.3201,515.4409,2469.1417,370.6520,0.00,0.02
414,2442.2761,8.1798,2469.6058,2431.9551,0.00,0.03
415,2268.2792,459.7415,2463.0330,686.0766,0.00,0.03
416,2427.3976,2.1930,2433.7090,2425.5805,0.00,0.04
417,1019.3662,865.7419,2459.1141,95.3024,0.00,0.02
418,2322.9363,435.1072,2445.6233,637.9151,0.00,0.03
419,2179.5859,675.5086,2447.8698,164.2728,0.03,0.03
420,2429.5869,2.8218,2434.3027,2426.8260,0.00,0.04
421,2178.8742,567.5416,2457.8201,739.0460,0.00,0.02
422,2385.7372,162.4268,2442.0531,1756.8432,0.00,0.04
423,2324.2868,398.2522,2438.7098,781.9376,0.00,0.04
424,2174.7404,670.7542,2427.3688,116.6012,0.00,0.04
425,2424.2613,1.4671,2426.0298,2421.5165,0.00,0.04
426,2426.9349,3.5268,2439.8508,2424.9161,0.00,0.04
427,2082.5163,766.3275,2457.0345,102.4114,0.01,0.02
428,2429.9019,3.9903,2437.8195,2425.1434,0.00,0.04
429,2297.6783,568.9381,2471.1625,94.7787,0.00,0.02
430,2425.9421,12.0594,2471.2637,2416.3826,0.00,0.03
431,2441.0184,15.6693,2470.3932,2425.3338,0.00,0.03
432,2414.5289,23.9254,2446.5771,2350.4448,0.21,0.03
433,2222.5809,587.4548,2468.4686,514.7124,0.00,0.02
434,2186.5278,660.4943,2460.4393,438.4104,0.01,0.03
435,2294.6491,509.2404,2437.7582,322.5389,0.01,0.04
436,2423.5413,8.6266,2439.0874,2406.7460,0.03,0.04
437,2006.4663,763.2247,2471.7392,609.4271,0.00,0.02
438,2264.6871,494.3340,2465.8360,564.1295,0.00,0.02
439,2428.1176,3.3212,2439.4241,2425.2261,0.00,0.04
440,2157.9850,630.5513,2470.2537,533.2095,0.00,0.01
441,2449.7545,11.6876,2471.2276,2435.3619,0.00,0.02
442,2308.7922,310.6808,2427.9073,1421.4753,0.00,0.04
443,2315.5073,426.0938,2433.4849,665.2772,0.00,0.04
444,2423.4980,1.5709,2425.1673,2420.1455,0.01,0.04
445,2384.5225,132.2947,2425.1590,1881.5175,0.34,0.04
446,2425.0024,0.0872,2425.2414,2424.7566,0.00,0.04
447,2425.2590,0.4976,2426.8813,2424.9864,0.00,0.04
448,2199.8792,478.8104,2439.3947,666.1516,0.00,0.03
449,2425.6610,0.4775,2426.8890,2425.0762,0.00,0.04
450,2411.0176,102.4187,2449.6176,2014.8790,0.00,0.03
451,2429.9855,3.2807,2439.3195,2425.7964,0.00,0.03
452,2103.4681,743.9707,2471.8958,396.1029,0.00,0.01
453,2423.0568,23.8722,2452.7318,2376.6398,0.14,0.03
454,2025.3029,765.5921,2470.6461,99.6731,0.00,0.02
455,2309.9344,479.3759,2440.8697,453.3993,0.00,0.03
456,2425.8456,0.3466,2426.6702,2425.3377,0.00,0.04
457,2433.4892,7.0685,2455.2029,2426.8371,0.00,0.03
458,2444.7309,17.9809,2467.5653,2406.3941,0.00,0.02
459,2436.1610,5.5128,2448.1386,2429.3074,0.00,0.03
460,2324.6756,515.0631,2471.8465,330.2176,0.00,0.01
461,2307.4585,565.5387,2467.9927,117.3002,0.00,0.02
462,1926.6204,925.8518,2470.3448,97.2383,0.00,0.01
463,1925.7738,905.3445,2470.3454,100.5400,0.00,0.02
464,2430.0349,4.5673,2442.4649,2425.9168,0.00,0.04
465,1866.7054,885.7423,2471.8916,301.6520,0.07,0.02
466,2430.9082,35.5825,2464.8666,2301.0009,0.01,0.03
467,1946.7727,746.2427,2471.8222,338.8129,0.00,0.02
468,2308.1545,569.8172,2471.8287,101.7067,0.00,0.01
469,2037.3130,808.0339,2470.0427,107.2159,0.00,0.01
470,2062.7243,551.9262,2440.6515,993.1401,0.03,0.03
471,2443.8574,19.9408,2471.5463,2400.1085,0.00,0.02
472,2429.3937,4.1541,2438.4569,2425.2900,0.00,0.04
473,2187.2555,718.3250,2470.4920,122.1607,0.00,0.01
474,2047.1933,841.7023,2471.8760,127.1863,0.00,0.02
475,2286.4432,564.4231,2467.7329,102.4279,0.01,0.03
476,2168.0664,575.1257,2423.9376,359.0586,0.44,0.04
477,2413.7717,10.8241,2423.4560,2385.6558,0.01,0.04
478,2423.5169,1.8697,2424.8718,2416.6994,0.00,0.04
479,2421.6907,4.2315,2425.5360,2410.2322,0.00,0.04
480,2425.1870,3.0751,2436.8308,2423.3384,0.00,0.04
481,2194.7787,672.4206,2471.6892,116.4980,0.00,0.02
482,2426.3072,1.5607,2429.8602,2425.0348,0.00,0.04
483,2321.5679,417.7672,2468.8964,704.1617,0.00,0.03
484,2422.7780,1.9664,2424.9552,2417.1780,0.01,0.04
485,2426.1486,10.3936,2465.0982,2417.1792,0.00,0.04
486,2100.3953,696.5170,2449.3710,480.1041,0.00,0.03
487,2425.4732,0.6794,2427.1281,2425.0073,0.00,0.04
488,2435.5571,14.6471,2471.2067,2421.5214,0.00,0.03
489,2425.5260,1.0808,2429.6341,2425.0192,0.00,0.04
490,2181.1675,705.2755,2467.6586,96.8204,0.00,0.02
491,2428.3173,5.3744,2447.6047,2425.1551,0.00,0.04
492,1902.1414,942.9894,2466.0575,120.0859,0.00,0.02
493,2222.1629,604.8831,2469.7400,323.1912,0.00,0.02
494,2432.5290,11.9965,2466.6257,2404.7270,0.01,0.03
495,2202.9401,622.6518,2469.0861,518.9925,0.00,0.03
496,2431.3558,6.2123,2445.7495,2425.2236,0.00,0.03
497,2276.3989,467.2046,2471.6063,483.4841,0.10,0.03
498,2331.3941,110.3548,2418.0495,1954.2181,0.75,0.05
499,2403.6293,13.3644,2415.2564,2369.5433,0.04,0.04
0,149.7693,177.1883,555.4415,-47.9723,41.80,0.04
1,257.5570,275.4167,777.9593,-70.1270,32.97,0.08
2,735.7535,409.6160,1376.6832,-53.8632,9.95,0.03
3,1003.5832,554.7730,1948.3287,84.8665,4.06,0.04
4,543.9918,576.1920,1588.5061,-55.5286,15.00,0.06
5,682.4106,452.1635,1710.5729,82.5803,14.51,0.06
6,1663.4943,193.8904,2150.7502,1335.0902,0.79,0.05
7,1675.4258,710.1655,2348.8463,-23.8273,0.59,0.03
8,1238.6674,574.5077,2331.7363,56.5890,11.43,0.04
9,1065.9696,617.6690,2133.4785,-3.5251,11.63,0.10
10,1411.2424,789.4970,2285.9851,138.2301,1.57,0.02
11,1230.2859,632.8741,2113.6852,-51.7321,10.35,0.06
12,1855.6486,599.3145,2421.5534,100.5333,0.89,0.04
13,2332.4328,159.6958,2422.1569,1804.9684,0.26,0.03
14,1843.6228,860.0635,2444.5258,117.5051,0.05,0.03
15,2430.5881,21.9454,2462.2907,2375.9119,0.00,0.02
16,1549.5855,1049.0687,2468.6316,81.6122,0.01,0.01
17,1629.3223,901.1387,2447.6321,44.5046,0.00,0.02
18,1615.1476,978.4072,2437.0490,81.3436,0.04,0.02
19,2241.8466,413.7937,2431.6465,1088.8376,0.07,0.04
20,1884.7826,824.7355,2444.9993,17.0172,0.00,0.03
21,2413.8483,21.2372,2430.5677,2344.9292,0.00,0.03
22,2293.6514,528.9632,2441.8569,245.1974,0.00,0.03
23,1712.3541,951.5771,2451.7118,95.6194,0.00,0.02
24,1991.6622,855.7818,2447.1935,138.6532,0.12,0.03
25,2432.6237,5.8061,2440.7797,2415.1132,0.00,0.03
26,1186.3109,1007.5258,2461.2807,82.2450,0.00,0.01
27,2088.0340,731.3309,2446.4214,499.1917,0.00,0.02
28,2421.6710,7.4320,2430.9974,2401.3469,0.00,0.04
29,2439.4180,6.6417,2450.2192,2428.8988,0.00,0.03
30,1505.4863,894.8645,2422.3482,129.1403,0.22,0.02
31,1404.3377,997.6539,2410.4423,-21.1686,2.38,0.04
32,1935.0745,661.3207,2467.2274,382.9918,0.28,0.02
33,2015.3887,691.2763,2448.3434,19.3489,6.67,0.07
34,1845.2274,911.4935,2453.3390,86.2443,0.01,0.02
35,2356.7292,253.6518,2445.0866,1376.4436,0.06,0.03
36,2352.6701,206.7649,2431.2011,1635.9682,0.01,0.03
37,2426.7851,3.0580,2431.1349,2417.9310,0.00,0.04
38,2435.3642,4.7426,2446.1114,2428.3200,0.00,0.03
39,1704.8364,959.0453,2470.7948,106.0692,0.00,0.01
40,2039.5461,712.8611,2459.9294,108.8574,2.14,0.03
41,2127.5970,665.0849,2471.7037,583.9565,0.00,0.01
42,2361.4456,73.8431,2461.9247,2182.3157,0.43,0.03
43,2389.2873,35.5320,2437.1421,2283.3697,0.00,0.03
44,2292.2575,551.5418,2469.1023,159.3699,0.00,0.02
45,2084.0886,752.2869,2470.1134,319.7361,0.06,0.02
46,1379.4456,939.6518,2459.3309,82.2612,0.79,0.03
47,1566.9585,906.5487,2457.9815,80.1835,0.16,0.03
48,1521.5463,1002.9933,2464.4012,88.9429,0.16,0.02
49,1569.1623,938.1731,2454.6752,82.2059,0.91,0.03
50,2153.8303,696.6661,2470.4951,140.6865,0.14,0.02
51,2260.7438,508.5052,2449.8288,403.1270,0.00,0.02
52,2383.1376,220.5544,2462.7111,1530.1802,0.00,0.02
53,2412.4385,16.8576,2440.7563,2383.3752,0.00,0.03
54,2309.6060,484.0775,2452.2194,435.1256,0.00,0.03
55,2224.6773,312.8299,2444.6982,1264.5402,0.06,0.05
56,2422.9905,11.1033,2450.6437,2404.9865,0.00,0.03
57,2203.8928,625.8052,2463.5529,464.3809,0.00,0.02
58,2317.5801,386.8810,2454.4875,822.2762,0.03,0.03
59,2382.2126,184.2017,2448.2295,1670.2460,0.00,0.03
60,2433.8610,5.5713,2444.5282,2425.9500,0.00,0.03
61,2361.8913,344.0586,2471.3862,1030.5870,0.01,0.01
62,2434.7773,25.1073,2467.1053,2381.0844,0.00,0.02
63,2441.3014,11.2999,2462.6924,2424.5945,0.00,0.03
64,2207.4388,647.2584,2471.1720,490.6976,0.00,0.02
65,2399.4184,102.2638,2448.8230,2009.3503,0.93,0.03
66,1624.4112,885.5546,2464.4256,316.4738,0.00,0.02
67,2088.7765,675.0750,2457.2302,375.0293,0.00,0.03
68,1961.4784,866.2117,2450.2990,155.5607,0.02,0.03
69,2174.8798,702.3207,2464.6662,92.0642,0.00,0.02
70,2292.7441,532.2912,2454.8101,232.4737,0.01,0.03
71,2407.1559,30.2534,2460.5291,2350.7451,0.03,0.03
72,2082.4153,793.6443,2468.6791,112.3269,0.00,0.02
73,2174.8667,644.0095,2445.0087,429.7184,0.01,0.03
74,2379.5833,36.2773,2420.3587,2300.0163,0.21,0.04
75,2392.8921,66.3541,2449.5168,2228.5383,0.19,0.03
76,2078.3336,743.3842,2471.1619,465.4358,0.01,0.02
77,2390.2192,96.2433,2439.1523,2019.9384,1.07,0.04
78,2413.6328,7.9857,2424.4914,2398.4022,0.00,0.04
79,2410.0325,41.8045,2432.8100,2263.8227,0.01,0.04
80,2422.6133,1.6222,2424.6622,2418.2311,0.00,0.04
81,2128.0704,598.2769,2470.9389,508.2823,0.03,0.03
82,2282.3217,460.9856,2469.1073,569.0635,0.00,0.03
83,2283.2662,354.0724,2427.1807,962.6256,0.04,0.03
84,2304.8763,379.5384,2435.4070,844.2123,0.03,0.04
85,2144.8901,650.9510,2443.7766,375.4388,0.07,0.03
86,2122.1464,549.0385,2438.5628,467.7898,0.36,0.04
87,2249.0326,484.3694,2448.5695,756.2020,0.00,0.03
88,2396.2568,107.2688,2430.0950,1980.8825,0.00,0.04
89,2299.1043,476.2081,2429.2041,454.8030,0.00,0.04
90,2414.0860,6.0649,2423.6166,2396.4640,0.00,0.04
91,2155.3789,724.0672,2466.9264,101.7094,0.00,0.03
92,2408.3707,23.7765,2423.0677,2329.5250,0.00,0.04
93,2423.8536,1.0208,2425.0346,2421.8604,0.00,0.04
94,2426.0391,2.7748,2433.3442,2419.0551,0.00,0.04
95,2331.1323,359.2992,2441.7079,940.0851,0.03,0.04
96,2422.2097,11.1833,2429.5200,2380.5522,0.00,0.04
97,2427.6328,3.2448,2436.9424,2424.8601,0.00,0.04
98,1297.1865,1037.8698,2458.7582,77.1232,0.92,0.03
99,1971.2076,872.0901,2449.2934,46.4652,0.00,0.03
100,2426.1601,1.3462,2430.3203,2425.1184,0.00,0.04
101,1496.6342,967.9031,2467.5373,75.2320,0.06,0.03
102,2429.8828,6.4918,2449.7209,2425.6627,0.00,0.04
103,1994.9181,787.6417,2447.0067,161.5735,0.11,0.03
104,1619.5167,974.4452,2446.1027,86.5922,0.05,0.03
105,2430.0523,16.4010,2471.2185,2393.2756,0.03,0.03
106,2245.1511,552.7993,2470.2899,450.3822,0.00,0.02
107,2096.9834,602.9996,2464.5052,261.6817,0.46,0.04
108,2195.6156,555.2991,2459.2515,629.1603,0.05,0.03
109,2395.4522,91.8501,2468.8618,2052.0333,0.12,0.04
110,2125.9314,650.6227,2469.3585,368.7996,0.00,0.03
111,2425.0711,0.0610,2425.2344,2424.9974,0.00,0.04
112,2403.1566,100.3030,2469.1109,2016.8046,0.00,0.04
113,2365.3175,212.1963,2442.4583,1551.7969,0.00,0.04
114,2296.3531,505.7777,2435.7083,337.5320,0.00,0.04
115,2425.0820,0.0904,2425.2739,2424.9526,0.00,0.04
116,2227.7537,502.8183,2461.3479,512.9437,0.00,0.04
117,2368.5892,236.3539,2463.3091,1453.9616,0.00,0.04
118,2425.1473,0.1049,2425.3695,2425.0216,0.00,0.04
119,2220.7138,580.3978,2442.5868,178.7013,0.00,0.03
120,2424.8457,4.4207,2429.1496,2408.0550,0.01,0.04
121,2297.0459,371.8484,2429.3963,976.2136,0.00,0.04
122,2399.0721,100.5122,2426.8219,2009.9785,0.01,0.04
123,2425.7217,0.5341,2426.8572,2424.8309,0.00,0.04
124,2227.5175,482.8319,2448.3008,575.2717,0.00,0.03
125,2298.2034,521.5726,2442.8927,278.2531,0.00,0.03
126,2428.6012,3.8430,2440.9920,2424.9028,0.00,0.04
127,2214.2643,520.7011,2470.8467,449.6896,1.00,0.04
128,2086.0797,549.5428,2455.0039,947.7185,0.04,0.03
129,2178.5189,638.2544,2469.8325,481.5354,1.24,0.03
130,1330.1999,1103.1159,2446.3071,109.5977,0.01,0.03
131,1641.2437,990.0015,2426.2455,112.8633,0.04,0.03
132,2381.3187,168.4238,2457.0200,1730.5737,0.03,0.03
133,2395.0299,110.8264,2452.7643,1972.5858,0.03,0.03
134,1747.8299,734.0860,2423.5517,600.1718,0.01,0.04
135,2294.3014,326.4568,2428.2723,1092.6375,0.00,0.04
136,2416.2319,7.9594,2430.7761,2400.7764,0.04,0.04
137,2353.8291,258.9878,2432.8121,1352.4096,0.00,0.04
138,2409.9768,17.5911,2423.1589,2376.1587,0.08,0.04
139,2423.5648,1.3311,2425.2128,2420.1382,0.00,0.04
140,2427.3575,2.1191,2431.8710,2423.1775,0.00,0.04
141,2023.5975,799.3438,2471.7995,171.9875,0.00,0.01
142,2205.3109,546.6046,2471.6250,553.0654,0.07,0.02
143,2423.1530,29.0579,2467.9290,2377.4329,0.01,0.03
144,2429.3771,3.4292,2438.4902,2425.3464,0.00,0.04
145,2223.0654,633.7235,2471.7068,116.4530,0.00,0.01
146,1943.2361,698.6114,2419.5197,141.9584,0.00,0.03
147,2214.4568,543.5108,2464.0182,408.2819,0.53,0.02
148,2412.1397,31.9184,2465.7019,2322.9043,0.04,0.03
149,1630.2678,898.9952,2460.6588,130.9829,0.04,0.03
150,2407.4695,84.8534,2465.9855,2083.0546,0.03,0.03
151,2153.4930,560.1961,2457.5334,693.3378,0.01,0.03
152,2240.2479,222.8091,2464.9785,1772.6125,0.30,0.04
153,2402.0251,52.5897,2424.7818,2199.3300,0.03,0.04
154,2424.5595,1.1933,2425.6059,2420.8006,0.00,0.04
155,2354.6773,272.2006,2425.8306,1300.4517,0.00,0.04
156,2424.3546,2.3741,2427.1316,2416.8396,0.00,0.04
157,2424.6326,2.5344,2427.2663,2416.2010,0.00,0.04
158,2425.6278,0.5140,2427.1486,2425.0704,0.00,0.04
159,2301.3051,385.6891,2470.2586,820.6671,0.35,0.03
160,1979.4760,716.6466,2452.7380,518.9084,0.09,0.03
161,2312.1703,336.0787,2439.7871,1035.7326,0.05,0.03
162,2395.3866,104.0994,2451.5672,1997.6525,0.05,0.03
163,2346.8832,328.6391,2458.1528,1075.3770,0.00,0.03
164,2427.2318,6.8299,2437.1644,2414.7166,0.00,0.03
165,2200.2468,651.6026,2459.6572,121.1992,0.00,0.03
166,2442.0011,9.2742,2458.6761,2422.1191,0.00,0.02
167,2429.3657,28.7895,2471.7064,2331.6323,0.15,0.03
168,2327.4691,448.8723,2455.7219,589.2011,0.00,0.02
169,2431.4496,9.1272,2447.3970,2408.4136,0.01,0.03
170,1805.5339,958.5663,2469.5145,97.0814,0.00,0.01
171,2316.7198,470.0692,2470.8735,499.5111,0.00,0.02
172,2444.2702,8.4819,2469.0640,2429.3015,0.00,0.02
173,2052.6374,497.9437,2471.5527,827.0908,0.56,0.03
174,2328.3215,84.2539,2421.2370,2087.9504,0.25,0.04
175,1446.2601,608.8871,2417.5930,132.2712,0.06,0.06
176,2250.2290,116.8981,2396.7117,1986.6098,0.19,0.04
177,2279.9013,105.7286,2398.1925,2077.6830,0.03,0.04
178,2358.3780,50.3454,2403.3835,2224.7785,0.03,0.04
179,2312.9915,84.6947,2394.8895,2063.4821,0.42,0.04
180,2352.7722,58.9278,2397.6240,2163.3326,0.11,0.04
181,2385.8779,14.9488,2418.4375,2350.7042,0.01,0.04
182,2069.1459,707.7628,2410.1129,126.0121,0.01,0.03
183,2357.3484,111.1405,2418.8460,1931.7824,0.06,0.04
184,2368.1113,67.7018,2408.4608,2141.6455,0.03,0.04
185,2374.5845,30.0080,2413.1823,2315.2040,0.08,0.04
186,2390.2265,11.0793,2403.0738,2357.1574,0.03,0.04
187,2382.2826,87.8706,2442.4573,2050.3922,0.01,0.04
188,2132.7495,701.1573,2424.1042,270.7910,0.03,0.03
189,2400.7335,8.9414,2417.4458,2388.3397,0.06,0.04
190,2392.8705,8.2980,2409.9459,2379.3711,0.04,0.04
191,2394.0793,13.0301,2414.9566,2366.8234,0.05,0.04
192,2294.5097,288.0163,2415.1870,1330.5010,0.01,0.04
193,2391.7794,8.1714,2410.7168,2376.9617,0.03,0.04
194,2196.1488,349.0324,2419.3742,945.3499,0.01,0.04
195,2399.8931,18.4394,2424.9797,2352.4156,0.04,0.04
196,2394.4003,65.4287,2420.8210,2144.8790,0.01,0.04
197,2276.9096,495.3779,2422.4424,360.5614,0.09,0.04
198,1896.0761,889.8304,2421.5379,-48.5267,0.03,0.05
199,2340.0777,208.3137,2418.5131,1534.6148,0.11,0.04
200,2400.0244,18.4361,2420.8317,2366.8665,0.07,0.04
201,2416.1066,9.8135,2424.8715,2397.2210,0.01,0.04
202,2402.2637,51.3156,2424.3810,2215.5746,0.00,0.04
203,2424.1184,1.0769,2424.6833,2420.4429,0.00,0.04
204,2423.9883,0.7469,2424.5488,2422.0364,0.00,0.04
205,2424.3622,0.7986,2424.8755,2421.3209,0.00,0.04
206,2424.4389,0.2399,2424.7480,2423.6723,0.00,0.04
207,2420.8617,5.9993,2424.7852,2400.4650,0.00,0.04
208,2424.5244,0.0706,2424.6993,2424.4653,0.00,0.04
209,2422.8797,5.8504,2424.7008,2400.3200,0.00,0.04
210,2424.6974,0.0126,2424.7113,2424.6501,0.00,0.04
211,1891.4156,800.0302,2424.7131,438.6653,0.00,0.04
212,2424.4987,0.7212,2424.8614,2421.7241,0.00,0.04
213,2424.4107,0.7630,2424.8405,2422.4782,0.00,0.04
214,2424.7434,0.0553,2424.8031,2424.6236,0.00,0.04
215,2424.3856,1.1087,2424.8124,2420.7074,0.00,0.04
216,2424.8001,0.0019,2424.8035,2424.7949,0.00,0.04
217,2424.6918,0.3192,2424.8415,2423.5953,0.00,0.04
218,2424.7603,0.0792,2424.8484,2424.5317,0.00,0.04
219,2192.5534,612.8609,2424.9479,548.9341,0.00,0.04
220,2423.6637,2.5648,2424.9695,2415.6589,0.00,0.04
221,2424.7779,0.2707,2424.9040,2423.7369,0.00,0.04
222,2424.8910,0.0609,2424.9950,2424.7654,0.00,0.04
223,2424.7110,0.1800,2424.9559,2424.1992,0.00,0.04
224,2424.6123,0.7642,2424.8997,2421.6687,0.00,0.04
225,2424.8212,0.0306,2424.8837,2424.7976,0.00,0.04
226,2424.7982,0.1228,2424.9415,2424.4159,0.00,0.04
227,2423.5067,2.9585,2424.8787,2414.8353,0.00,0.04
228,2423.9745,3.0708,2424.9148,2412.1121,0.00,0.04
229,2424.8203,0.0528,2424.9117,2424.6490,0.00,0.04
230,2424.6809,0.6025,2424.9104,2422.3639,0.00,0.04
231,2424.6650,0.7318,2424.9589,2421.8771,0.00,0.04
232,2424.8559,0.0710,2424.9229,2424.6468,0.00,0.04
233,2424.2368,1.5286,2424.9621,2418.7515,0.00,0.04
234,2394.5868,113.7036,2424.9980,1954.3003,0.01,0.04
235,2424.7999,0.3177,2424.9989,2423.6130,0.00,0.04
236,2423.8888,1.9593,2425.0365,2417.8244,0.01,0.04
237,2309.4626,446.7982,2425.0343,579.0212,0.00,0.04
238,2272.1183,591.2128,2425.0042,-17.6386,0.00,0.04
239,2424.6429,1.0278,2424.9969,2420.6697,0.00,0.04
240,2424.3771,1.1962,2425.1206,2420.1169,0.01,0.04
241,2424.6848,1.1402,2425.2228,2420.2837,0.01,0.04
242,2423.7722,1.7415,2424.8957,2417.9867,0.00,0.04
243,2423.2129,2.6912,2424.9842,2415.9579,0.01,0.04
244,2424.8867,0.3871,2425.1499,2423.4479,0.00,0.04
245,2424.9395,0.0402,2425.0270,2424.8805,0.00,0.04
246,2272.2953,592.4859,2426.8878,-22.3918,0.00,0.04
247,2419.7752,15.9806,2425.0996,2358.2486,0.00,0.04
248,2425.1496,0.9814,2427.3477,2422.3645,0.00,0.04
249,2277.7676,593.8500,2446.3759,-22.0886,0.00,0.03
250,2425.2186,2.0860,2430.5136,2420.8947,0.00,0.04
251,2323.6278,422.8144,2453.7780,686.3047,0.00,0.03
252,2432.9142,3.9633,2439.8571,2427.9438,0.00,0.03
253,1488.3745,1033.2701,2469.5702,92.0260,0.00,0.01
254,2434.0193,7.0758,2447.6190,2423.7845,0.00,0.03
255,1493.6120,1031.3910,2470.5254,62.0123,0.01,0.01
256,1889.9943,840.9938,2455.9029,181.3476,0.00,0.02
257,2430.6410,4.3578,2441.9125,2425.9060,0.00,0.03
258,770.7553,825.8530,2471.1025,87.2627,0.00,0.02
259,877.8064,973.8802,2460.7243,76.8443,0.00,0.01
260,1523.8036,929.3462,2454.4867,82.5192,0.02,0.02
261,2436.6659,4.5982,2445.4872,2426.8804,0.00,0.03
262,1088.8433,1003.9955,2471.4915,87.2508,0.14,0.02
263,2247.3610,486.9671,2451.7836,603.6176,0.00,0.02
264,2363.7768,236.2225,2440.5529,1450.9905,0.04,0.03
265,2204.7434,602.1382,2446.1323,549.2310,0.04,0.02
266,2231.9645,577.7989,2461.3806,106.6469,0.02,0.02
267,2163.7307,695.5160,2441.8156,101.5460,0.06,0.03
268,2144.3188,748.5880,2439.4385,36.8774,0.00,0.03
269,2070.2771,763.8022,2428.2016,82.2526,0.06,0.04
270,2427.3842,1.4016,2431.8350,2426.0123,0.00,0.04
271,2305.4238,539.1104,2453.9570,217.5492,0.00,0.02
272,2434.3181,3.5860,2441.1752,2427.5218,0.00,0.03
273,1720.7389,991.0688,2458.1382,100.7925,0.36,0.02
274,1190.8108,917.1535,2454.4923,77.3671,0.16,0.02
275,1742.0509,1039.3683,2457.2104,101.1761,0.16,0.02
276,2432.4413,5.7562,2450.1639,2425.7197,0.00,0.03
277,2258.5599,574.7401,2446.7678,80.3893,0.04,0.03
278,2433.3300,5.9014,2444.7592,2424.7517,0.00,0.03
279,545.4953,568.1188,2449.4830,-27.2488,0.04,0.03
280,1639.0672,937.4389,2456.1400,-27.5558,0.00,0.02
281,2298.3747,539.1953,2444.5854,210.1762,0.00,0.03
282,2432.0765,5.6398,2443.9627,2425.0123,0.00,0.03
283,1093.5526,994.0019,2466.1433,110.4440,0.00,0.02
284,1098.9590,978.4450,2443.9875,97.0814,0.13,0.01
285,1612.2626,1061.8855,2429.3609,23.9974,0.12,0.02
286,2426.5290,10.6163,2443.8545,2400.4034,0.04,0.03
287,2156.4349,587.9451,2445.9772,819.8003,0.00,0.02
288,2423.1915,6.7999,2430.7401,2400.9531,0.06,0.04
289,2427.0136,2.6044,2431.1368,2421.1220,0.00,0.04
290,2330.0612,433.3180,2456.1314,651.9445,0.00,0.02
291,2432.7966,4.0736,2442.4187,2428.7823,0.00,0.03
292,1524.5170,1004.7197,2448.9529,53.0798,0.55,0.01
293,1611.3465,1014.9669,2451.0707,8.5097,0.01,0.02
294,2109.8495,807.1753,2431.6893,-22.3479,0.03,0.04
295,2417.3663,15.5908,2431.8021,2375.8042,0.01,0.04
296,2429.4060,5.7804,2437.3538,2411.6465,0.00,0.03
297,1284.1543,1031.0665,2451.4560,77.3708,0.01,0.01
298,2214.5046,550.1039,2464.2252,425.5015,0.00,0.02
299,2435.0031,5.4554,2444.4064,2424.7269,0.00,0.03
300,1379.4551,1016.2340,2461.0441,101.7546,0.01,0.02
301,2018.2003,593.1083,2433.1642,288.7593,0.28,0.04
302,2262.1080,491.8371,2434.9672,404.0383,0.00,0.03
303,2429.9263,2.4212,2436.8636,2426.2659,0.00,0.04
304,2020.4319,806.4823,2469.8123,106.9354,0.03,0.02
305,1740.1415,1038.6410,2454.8432,90.7401,0.06,0.02
306,1668.0363,993.3031,2463.3586,102.3945,0.00,0.02
307,1707.0801,1040.2296,2449.7078,85.3630,0.01,0.03
308,2329.8820,307.6902,2432.5736,1143.9443,0.32,0.04
309,2242.2419,384.7014,2431.0956,996.0416,0.11,0.04
310,1854.3932,908.1989,2421.4601,97.6799,0.11,0.04
311,2190.5194,489.4937,2424.0332,848.8581,0.03,0.04
312,2365.3182,234.3227,2428.0814,1457.7951,0.00,0.04
313,2246.0909,540.2558,2425.4297,215.9602,0.00,0.04
314,2423.8371,5.3711,2425.9492,2403.0537,0.00,0.04
315,2425.1723,0.1843,2425.8220,2425.0347,0.00,0.04
316,2073.1059,722.0059,2432.5136,328.3596,0.20,0.04
317,2297.0901,499.8853,2432.4949,361.1317,0.00,0.04
318,2424.7694,5.5649,2428.6589,2403.6554,0.01,0.04
319,2424.4661,3.6180,2426.9684,2411.3905,0.00,0.04
320,2423.0758,12.5390,2428.1342,2374.6421,0.00,0.04
321,2425.8993,5.8145,2431.6703,2404.0383,0.00,0.04
322,2425.7526,0.7687,2428.5454,2425.1676,0.00,0.04
323,2430.0690,3.5627,2439.1747,2425.5037,0.00,0.04
324,1453.2090,1027.4996,2471.3036,121.7812,0.00,0.01
325,1539.2216,1053.6925,2469.0763,102.0839,0.00,0.02
326,2319.8229,473.8297,2464.1716,484.9516,0.00,0.02
327,2436.3589,4.2861,2446.2319,2428.7670,0.00,0.03
328,2008.4701,800.4098,2471.8218,319.8836,0.00,0.01
329,1448.7016,1127.5052,2468.8257,91.6807,0.00,0.02
330,2425.1250,0.1825,2425.8086,2425.0016,0.00,0.04
331,1976.2002,825.3824,2463.3080,131.0530,0.00,0.03
332,2419.5980,8.4363,2426.3293,2397.4925,0.01,0.04
333,2201.2057,614.3426,2462.7417,380.6603,0.00,0.03
334,2425.3491,0.2550,2425.9325,2425.1303,0.00,0.04
335,2294.8745,534.1676,2446.7631,226.1315,0.00,0.03
336,2359.1015,263.3218,2445.2050,1341.6965,0.00,0.03
337,2437.6480,5.7989,2451.9652,2430.0738,0.00,0.03
338,1993.2232,699.9208,2464.4963,426.0694,0.01,0.02
339,2430.2126,15.3053,2456.1559,2391.2034,0.05,0.03
340,2311.4046,506.1392,2453.8421,351.2767,0.00,0.02
341,2322.1274,412.9507,2436.5091,722.8554,0.00,0.03
342,2424.3659,4.0911,2430.0267,2414.5836,0.00,0.04
343,2425.3284,1.1397,2427.3541,2421.9226,0.00,0.04
344,2437.0421,5.5185,2449.4090,2429.8381,0.00,0.03
345,1487.4974,1104.4815,2466.5773,101.8091,0.00,0.02
346,1734.6168,1034.1800,2469.9495,101.5718,0.00,0.01
347,1708.5079,977.9810,2469.0044,96.6791,0.00,0.01
348,2435.8452,9.4403,2450.3639,2419.7234,0.01,0.03
349,1725.8014,942.3082,2471.4237,131.8077,0.01,0.02
350,1340.3099,911.5150,2461.3256,7.8026,0.05,0.01
351,1941.6062,840.6615,2449.5428,162.2957,0.00,0.03
352,1712.0822,777.2468,2440.4010,97.1669,0.01,0.03
353,2093.5214,741.0966,2442.9309,129.2203,0.00,0.03
354,2428.6678,4.4060,2440.4452,2425.0280,0.00,0.04
355,1211.8592,1027.7538,2445.0027,112.3032,0.02,0.02
356,1969.2874,748.4616,2432.2750,154.4531,0.08,0.03
357,2279.8477,551.1317,2447.5941,149.0455,0.00,0.03
358,2239.1636,403.2233,2438.3544,1053.1647,0.00,0.04
359,2425.5887,0.7602,2427.3725,2424.8734,0.00,0.04
360,2432.8196,4.3696,2444.7129,2427.3992,0.00,0.03
361,1052.0395,867.4815,2454.8523,-19.8195,0.00,0.02
362,1743.2685,974.4093,2465.7270,87.1357,0.00,0.02
363,2341.6190,378.1863,2455.7401,877.3003,0.00,0.03
364,2426.5088,7.1294,2449.6283,2416.7130,0.00,0.04
365,1431.6786,925.5269,2459.1884,92.1668,0.00,0.01
366,1946.3887,874.6058,2467.8627,319.8158,0.00,0.01
367,1869.8829,904.9170,2471.2539,105.6043,0.00,0.02
368,1458.8465,930.7803,2468.0714,314.7841,1.26,0.02
369,1596.7125,1021.6705,2469.8189,97.0389,0.00,0.01
370,1753.6089,1031.7683,2464.4208,86.9566,0.00,0.02
371,2426.0566,6.4878,2440.1133,2413.1040,0.01,0.03
372,1975.5715,778.5863,2470.9152,319.8461,0.03,0.01
373,1877.9388,889.0645,2456.4498,97.1091,0.07,0.02
374,2318.3740,105.2601,2425.0027,2017.3291,0.10,0.04
375,1719.9644,900.7253,2460.9627,107.0441,0.00,0.01
376,1293.2760,954.5883,2446.8718,91.9208,0.05,0.02
377,2338.9882,374.1427,2459.2666,890.3806,0.01,0.02
378,2363.6591,97.4520,2433.7175,2068.3455,0.04,0.04
379,2417.7636,15.0595,2436.8894,2370.8130,0.04,0.04
380,2406.5473,74.4755,2436.8477,2122.0778,0.00,0.03
381,2257.9188,458.8524,2453.6867,631.4418,0.00,0.03
382,2433.4980,8.1791,2451.5965,2420.7261,0.00,0.03
383,1798.8806,975.1006,2471.1225,92.1294,0.00,0.02
384,2260.7973,558.2893,2455.3234,101.9401,0.01,0.03
385,2269.9260,314.5744,2424.3088,1263.7485,0.90,0.04
386,2270.0188,555.8558,2451.3292,118.6051,0.00,0.03
387,2296.7909,138.4814,2419.0520,1938.3365,0.01,0.04
388,2075.2747,621.6246,2418.2476,85.6411,0.56,0.03
389,1344.4767,915.9536,2404.3905,106.0702,0.04,0.04
390,2395.6882,37.7355,2446.2966,2326.6393,0.01,0.03
391,2035.1547,762.2081,2444.0943,314.7054,0.03,0.03
392,1828.7302,856.7582,2430.2522,162.6191,0.00,0.03
393,2238.8901,483.3380,2421.1274,423.0085,0.01,0.04
394,1988.0166,837.1626,2426.0238,88.3635,0.09,0.03
395,2155.5461,592.8809,2419.2274,106.4454,0.10,0.05
396,2406.5393,5.1868,2413.3857,2395.8771,0.03,0.04
397,1988.7805,725.2332,2421.9044,316.6052,0.08,0.04
398,2347.7004,193.4969,2416.0859,1603.6758,0.04,0.04
399,2249.7959,516.1742,2415.8474,263.0163,0.05,0.04
400,2382.9180,32.9600,2412.0986,2278.5851,0.44,0.04
401,2409.5731,7.6898,2420.3514,2395.4583,0.05,0.04
402,2426.4293,11.6588,2443.9030,2398.8196,0.00,0.03
403,1246.3458,932.0250,2459.2505,81.8434,0.01,0.02
404,1917.7925,736.4866,2455.3682,731.4397,0.03,0.03
405,1459.2410,1040.9685,2451.0976,86.7427,0.01,0.03
406,1583.1942,844.0141,2426.4898,158.5380,0.05,0.04
407,2202.3466,557.1197,2424.4170,671.7186,0.01,0.04
408,2419.6110,2.8108,2423.8008,2414.2584,0.10,0.04
409,1783.5225,822.2348,2425.0505,625.1033,0.08,0.04
410,2421.4534,7.3740,2424.7575,2393.1441,0.01,0.04
411,2131.5476,776.5224,2426.7197,74.6204,0.00,0.04
412,2424.0002,0.9818,2426.2846,2422.2718,0.00,0.04
413,2279.0984,569.1780,2428.6907,74.6888,0.00,0.04
414,2424.5406,1.8633,2427.3554,2417.8507,0.00,0.04
415,2424.7441,0.3354,2425.1828,2423.9593,0.00,0.04
416,2426.5315,2.7569,2430.4608,2417.2713,0.01,0.04
417,2159.2106,733.2891,2447.3939,69.7915,0.00,0.03
418,1983.8241,764.2716,2429.6830,624.7472,0.00,0.04
419,1364.6668,1200.5991,2425.5390,-22.3987,0.00,0.04
420,2221.1024,541.5951,2430.3284,707.8883,0.03,0.04
421,2425.1324,0.5513,2426.3963,2424.2625,0.00,0.04
422,1201.4925,1225.7071,2435.3183,-27.4574,0.04,0.04
423,2005.1507,887.1778,2449.0294,116.3861,0.03,0.03
424,2425.0192,1.4112,2426.9479,2420.1704,0.00,0.04
425,2426.5483,2.1946,2430.7564,2422.0383,0.00,0.04
426,2152.8735,756.5830,2446.4331,16.1280,0.00,0.03
427,2180.1534,679.9233,2442.1216,-27.1077,0.00,0.03
428,2426.4128,1.4655,2431.0076,2424.9607,0.00,0.04
429,1297.4923,1150.9230,2471.5608,12.7322,0.03,0.02
430,1995.9822,918.3332,2444.8369,3.0810,0.00,0.03
431,2422.6462,3.2496,2429.7554,2417.3882,0.01,0.04
432,1202.4667,1226.7104,2434.0939,-27.3142,0.00,0.04
433,1303.3650,1149.5366,2454.2099,-18.2541,0.00,0.02
434,2333.7457,335.0212,2434.6151,1036.7158,0.00,0.03
435,2260.9202,589.6856,2422.0107,-22.7820,0.00,0.04
436,1814.9203,1040.2748,2423.8185,-27.3361,0.42,0.04
437,2269.8898,592.7033,2432.6376,-25.6120,0.00,0.04
438,1973.4927,939.2539,2426.9260,-22.3784,0.00,0.04
439,2416.6362,6.2409,2423.1074,2396.1805,0.00,0.04
440,2424.5807,0.2473,2424.8004,2424.0249,0.00,0.04
441,2424.8313,0.1373,2425.1568,2424.5602,0.00,0.04
442,2424.9614,0.1442,2425.2959,2424.7248,0.00,0.04
443,2425.6055,0.9671,2427.0710,2424.2261,0.00,0.04
444,2430.1658,4.5299,2440.2865,2424.8789,0.00,0.03
445,1297.2856,1156.3505,2471.2418,81.8056,0.00,0.01
446,1791.9624,918.5657,2452.5083,85.8778,0.00,0.03
447,1590.8733,1102.1148,2468.5808,86.9977,0.00,0.02
448,1841.7858,956.9175,2448.8003,102.0593,0.00,0.03
449,2179.7512,624.1033,2449.7586,196.7006,0.00,0.03
450,2172.4944,515.7505,2468.9650,809.0472,0.03,0.02
451,1363.5336,1098.0207,2469.0051,77.0381,0.00,0.01
452,1755.7266,923.2341,2447.3369,83.7251,0.01,0.03
453,1188.8599,1100.5907,2443.7124,16.9068,0.00,0.02
454,1679.8057,976.6666,2439.1607,-49.4669,4.73,0.03
455,1829.5246,824.5235,2437.4814,126.4354,0.03,0.03
456,2305.4432,485.5651,2442.7028,425.5442,0.00,0.03
457,2425.9461,4.9591,2435.1693,2417.4404,0.00,0.03
458,2032.6645,760.8577,2460.9482,92.0708,0.04,0.02
459,2335.9661,291.2429,2444.7301,1251.6484,0.00,0.03
460,2428.5808,3.5581,2435.7108,2425.0935,0.00,0.04
461,1106.2088,1056.0067,2460.1137,51.2228,0.00,0.02
462,2425.5953,18.3583,2441.5327,2362.5280,0.00,0.03
463,2424.9013,26.5044,2442.0856,2328.2878,0.00,0.03
464,2424.5387,15.4570,2433.8116,2366.6006,0.00,0.03
465,2319.5788,472.5132,2457.1616,489.8078,0.00,0.03
466,2429.0579,3.2641,2438.4203,2425.2007,0.00,0.04
467,2037.5556,861.8621,2471.6578,101.8565,0.00,0.02
468,2430.2027,3.6959,2436.6839,2422.4432,0.00,0.03
469,1269.6809,969.2996,2470.3769,101.8707,0.00,0.01
470,2054.6895,646.8897,2452.5091,357.3883,0.20,0.02
471,2309.6496,489.0105,2446.9041,415.8047,0.00,0.03
472,2435.4584,5.6920,2448.0019,2427.0972,0.00,0.03
473,1953.3716,892.1678,2468.4280,84.5496,0.00,0.02
474,2264.7794,524.5699,2470.4131,603.7502,0.00,0.01
475,1802.9439,962.7934,2468.7778,225.9554,0.00,0.02
476,2440.9030,6.3648,2451.1094,2429.0686,0.00,0.02
477,2418.7230,127.3027,2469.1289,1927.1683,0.00,0.02
478,1807.7800,807.1880,2438.0725,281.8981,0.00,0.03
479,2425.2180,1.9952,2430.2610,2421.1085,0.00,0.04
480,2344.8781,361.1364,2456.1089,946.4080,0.00,0.03
481,2426.5264,0.9153,2428.7663,2425.6139,0.00,0.04
482,2435.6448,7.6711,2454.7104,2427.2857,0.00,0.03
483,1174.6518,1125.6429,2455.1803,84.5980,0.00,0.03
484,2164.7681,735.6851,2455.2358,112.2343,0.00,0.02
485,2427.8283,1.3198,2430.9451,2426.0621,0.00,0.04
486,1951.9182,874.5392,2469.0034,265.5551,0.00,0.02
487,2100.1071,764.1479,2471.7449,112.2209,0.00,0.01
488,2296.6203,566.7087,2456.7472,101.9360,0.00,0.02
489,2430.4634,2.4125,2436.1301,2427.2783,0.00,0.03
490,2064.5483,812.5223,2469.1310,122.0600,0.05,0.02
491,2453.4011,9.3685,2469.7683,2438.2007,0.00,0.02
492,1020.3162,1103.8549,2454.2485,89.7104,0.01,0.03
493,2041.4713,747.6050,2470.1094,529.0973,0.00,0.02
494,2110.9921,738.2936,2457.5155,215.9968,0.00,0.03
495,2217.6231,628.7271,2471.7650,549.4153,0.00,0.02
496,2396.8667,195.4964,2471.0942,1640.7899,0.00,0.02
497,1911.6425,808.6755,2470.3096,331.8466,0.00,0.02
498,2194.3082,647.1260,2456.7348,425.0574,0.00,0.03
499,1732.3782,953.4616,2466.4209,117.2137,0.00,0.02
500,2034.7075,853.9632,2469.5868,148.9324,0.00,0.02
501,1923.0920,796.0136,2471.7235,297.0339,0.00,0.03
502,2425.9145,2.7053,2435.9448,2425.0116,0.00,0.04
503,2445.1712,16.3541,2471.0889,2425.0805,0.00,0.02
504,2429.7776,5.6568,2443.0944,2425.0095,0.00,0.04
505,2214.1235,616.4787,2462.9614,558.1725,0.00,0.02
506,2187.6028,688.5422,2471.4243,206.4086,0.00,0.02
507,2266.8219,430.8601,2430.9758,909.0267,0.00,0.04
508,2425.0048,0.0152,2425.0587,2424.9933,0.00,0.04
509,2425.0623,0.0690,2425.2695,2424.9970,0.00,0.04
510,990.4212,913.3627,2428.9508,108.6499,0.00,0.03
511,2425.2968,0.5560,2427.0527,2425.0005,0.00,0.04
512,179.5900,200.1147,716.7442,41.0848,0.00,0.03
513,2180.6413,543.8134,2425.2191,672.1643,0.00,0.04
514,2425.0182,0.0249,2425.0855,2424.9954,0.00,0.04
515,2426.0501,1.7062,2430.2735,2425.0309,0.00,0.04
516,1754.6278,953.5935,2469.7210,101.8657,0.00,0.01
517,2135.8975,712.3402,2467.7148,289.9927,0.00,0.02
518,2064.2677,767.9410,2465.3889,339.9138,0.00,0.02
519,2427.0935,2.4766,2434.0151,2425.0795,0.00,0.04
520,2191.9555,713.3170,2471.8329,122.1433,0.00,0.01
521,2244.5971,539.9241,2463.7744,474.7645,0.00,0.02
522,2318.8106,460.8669,2465.2797,534.4355,0.00,0.03
523,2430.4313,7.5254,2447.3692,2425.0001,0.00,0.03
524,2131.5054,567.0849,2471.5922,975.6108,0.00,0.01
525,2189.4416,711.1262,2471.0804,97.0074,0.00,0.01
526,2113.3351,708.8606,2471.5925,449.6477,0.00,0.02
527,2064.4332,822.2864,2471.6083,127.1069,0.00,0.01
528,2194.3757,663.5505,2462.6205,111.5830,0.00,0.03
529,1871.4838,872.6508,2440.5953,335.6800,0.00,0.03
530,2427.2732,6.0547,2447.0407,2425.0232,0.00,0.04
531,2313.9857,520.4194,2470.2377,298.8032,0.00,0.02
532,1672.9361,886.5394,2466.1652,331.3298,0.00,0.03
533,2372.5623,219.2301,2462.1132,1524.3562,0.00,0.04
534,2425.0720,0.0221,2425.0970,2425.0298,0.00,0.04
535,2427.6360,3.4350,2436.2973,2425.0000,0.00,0.04
536,2424.7048,30.5018,2454.1767,2311.9785,0.00,0.03
537,1425.0925,1027.2037,2462.1138,165.2042,0.00,0.02
538,2455.0962,10.7762,2471.8544,2437.5835,0.00,0.02
539,2176.2075,597.1951,2445.6702,316.9486,0.00,0.03
540,2427.7373,2.4101,2434.6280,2425.4490,0.00,0.04
541,1954.8601,875.6317,2467.7392,136.9974,0.00,0.01
542,1863.0832,917.1415,2471.8395,96.8903,0.00,0.01
543,2132.8784,680.4512,2471.8464,289.1524,0.00,0.02
544,2153.7263,635.8630,2471.8759,489.8968,0.13,0.02
545,2338.9396,475.8772,2471.7943,496.1499,0.00,0.01
546,2137.8394,665.5103,2471.1301,487.9263,0.00,0.02
547,2321.3841,470.8150,2461.3667,498.1909,0.00,0.03
548,1954.0929,835.1248,2468.6823,349.8802,0.00,0.03
549,2425.0527,0.0325,2425.1034,2425.0006,0.00,0.04
550,2335.9144,448.9796,2471.8642,597.4802,0.00,0.02
551,1837.4432,903.1801,2470.1013,190.2976,0.04,0.03
552,1730.9542,966.2315,2469.4448,96.8703,0.00,0.02
553,2163.3677,619.1189,2470.6060,469.7542,0.00,0.02
554,1649.7825,1036.6486,2471.0468,132.0681,0.00,0.02
555,1645.6759,787.1456,2471.2052,495.5392,0.00,0.02
556,1738.8219,953.6999,2466.3095,96.9491,0.25,0.02
557,2325.6036,494.6056,2471.2913,410.4034,0.00,0.02
558,149.3061,279.7720,914.8557,-11.6191,0.00,0.02
559,1093.6820,1071.9223,2471.0890,-8.4282,0.00,0.01
560,1521.3655,983.8951,2471.3185,94.3139,0.00,0.02
561,1853.4090,779.2171,2466.1420,351.1215,0.00,0.03
562,2428.2397,2.6953,2436.0090,2426.2211,0.00,0.04
563,1369.8172,970.1396,2454.0349,40.2256,0.01,0.02
564,2340.6768,266.3747,2431.8045,1316.3560,0.38,0.04
565,2425.8984,1.1434,2428.6913,2425.0418,0.00,0.04
566,2052.5527,785.2862,2452.1339,47.4529,0.01,0.02
567,2421.3364,5.3532,2426.7657,2408.2955,0.01,0.04
568,2425.0995,0.0745,2425.2862,2425.0039,0.00,0.04
569,1933.1459,784.0332,2428.5126,-48.0111,0.03,0.04
570,2425.3050,2.4260,2426.9847,2416.0458,0.03,0.04
571,2425.3936,0.1957,2425.8314,2425.1505,0.00,0.04
572,2429.4349,3.1426,2434.1465,2421.4027,0.00,0.04
573,2037.8695,805.9502,2447.4364,183.4323,1.71,0.04
574,2428.5681,1.8256,2433.9393,2426.5999,0.00,0.04
575,1639.5557,950.6659,2455.2920,86.3852,0.00,0.02
576,2427.9882,2.6206,2434.0872,2425.1628,0.00,0.04
577,2335.8350,452.2056,2471.8241,584.9670,0.00,0.02
578,1467.2568,869.1088,2464.9257,341.7464,0.00,0.02
579,1538.4292,893.3989,2467.8741,106.6269,0.82,0.03
580,1596.1752,983.6418,2470.7269,82.5564,0.12,0.02
581,2175.8464,723.0129,2468.5006,112.2348,0.00,0.02
582,2324.8762,417.1164,2442.8809,709.4900,0.00,0.03
583,2427.5765,3.0645,2434.7432,2424.7305,0.00,0.04
584,1761.9470,1029.1822,2469.1688,101.8782,0.00,0.02
585,725.1625,968.1267,2462.3209,-52.5463,0.15,0.04
586,1070.9295,1030.8090,2469.4062,-22.2659,0.04,0.02
587,1943.3617,831.7189,2470.0633,107.2218,0.00,0.02
588,2145.7073,510.1893,2448.3318,822.7313,0.08,0.03
589,2370.7660,270.0778,2467.8292,1327.0696,0.00,0.02
590,2075.3861,631.0892,2461.8094,561.8470,0.08,0.03
591,2080.5765,692.2767,2447.2678,96.6627,0.00,0.03
592,2312.0845,465.9540,2468.1492,508.5254,0.00,0.03
593,1900.9086,812.2273,2437.0735,90.9039,0.07,0.03
594,2158.7261,510.7957,2421.0609,741.1502,0.00,0.04
595,2352.9634,145.1886,2423.4207,1794.4500,0.00,0.04
596,2245.2612,487.8721,2421.3739,483.3894,0.03,0.04
597,2412.9618,7.2991,2421.0348,2396.7666,0.00,0.04
598,2422.9454,7.2515,2425.8284,2394.8878,0.00,0.04
599,2425.8704,5.9149,2448.7173,2423.0703,0.00,0.04
600,1688.8923,978.3244,2445.6738,80.1862,0.49,0.04
601,1908.8509,907.5468,2465.8535,-51.2157,1.71,0.04
602,2434.2687,12.2278,2469.0187,2423.0604,0.00,0.03
603,1789.1186,871.4516,2461.2884,393.0503,0.00,0.04
604,2192.9506,545.7384,2458.0313,514.9248,0.00,0.03
605,2339.4878,290.0698,2438.8649,1223.2464,0.00,0.04
606,2425.4264,2.1820,2433.7204,2423.2687,0.00,0.04
607,1935.0365,838.9967,2459.6179,-24.8947,0.00,0.03
608,1909.6085,851.9182,2435.2493,-49.0955,0.00,0.04
609,2044.0568,650.9267,2443.1746,-49.0601,0.00,0.04
610,2425.0269,0.1530,2425.6181,2424.9567,0.00,0.04
611,2142.3190,763.8675,2445.4477,82.2665,0.00,0.03
612,2425.3013,1.0553,2429.3315,2424.9493,0.00,0.04
613,1026.2851,1115.2270,2448.2210,-18.7417,0.00,0.02
614,2424.9402,0.0567,2424.9940,2424.7793,0.00,0.04
615,2175.9086,679.5354,2424.9996,-43.9554,0.00,0.04
616,2424.9987,0.0007,2424.9995,2424.9975,0.00,0.04
617,2425.0003,0.0016,2425.0064,2424.9998,0.00,0.04
618,2053.0050,787.6803,2442.1137,125.5239,0.00,0.03
619,2425.5184,1.2334,2428.7914,2424.9477,0.00,0.04
620,2107.1885,704.6685,2469.7662,487.1706,0.00,0.03
621,2159.1556,720.3905,2437.4240,148.0719,0.00,0.03
622,2056.7666,814.0167,2470.2758,104.2855,0.00,0.03
623,2170.7832,704.9772,2462.0167,96.8779,0.00,0.03
624,2126.9106,573.5109,2453.5695,664.3436,0.07,0.03
625,2421.5900,9.7999,2428.0056,2384.9588,0.01,0.04
626,2424.8645,8.0084,2453.0328,2412.6638,0.00,0.04
627,1280.9532,1036.3609,2456.0556,171.3702,0.00,0.03
628,2438.8923,12.8972,2467.8520,2419.6445,0.00,0.03
629,2052.0668,806.0733,2451.5041,-41.1763,0.00,0.03
630,2424.8721,0.6118,2425.1465,2422.5106,0.00,0.04
631,2424.7863,0.7005,2425.1666,2422.1240,0.00,0.04
632,2425.2341,0.8759,2428.6253,2424.9722,0.00,0.04
633,1332.1802,949.5595,2449.7462,59.2252,0.00,0.02
634,1373.0321,1002.4663,2463.8662,83.4894,0.00,0.03
635,1339.6034,996.0587,2460.2358,56.6865,0.00,0.03
636,2179.4808,678.1276,2470.3517,351.6147,0.00,0.03
637,2425.2373,0.3516,2426.3801,2425.0013,0.00,0.04
638,2191.4290,651.5446,2461.3655,346.2629,0.00,0.03
639,2262.0744,504.8833,2460.3892,473.1313,0.00,0.03
640,2058.9403,826.1783,2471.8004,101.9263,0.00,0.02
641,1655.9743,974.1680,2463.2118,104.3305,0.00,0.03
642,2052.8752,796.7988,2444.0975,317.3196,0.00,0.03
643,1784.2267,1009.5234,2469.7595,96.8724,0.00,0.01
644,2050.7156,822.4656,2464.3366,107.3025,0.00,0.02
645,615.1042,757.6520,2431.1460,166.6506,0.00,0.04
646,2316.9611,517.9001,2471.5927,311.5717,0.00,0.02
647,2449.7886,12.0881,2470.8072,2431.6661,0.00,0.02
648,2122.3954,654.0890,2444.7312,704.3855,0.00,0.03
649,2427.4835,1.8925,2431.2003,2425.2300,0.00,0.04
650,2056.4775,828.7224,2471.3356,107.1178,0.00,0.02
651,2317.0807,479.5862,2454.8485,459.8848,0.00,0.03
652,2428.6437,1.9715,2432.3255,2425.3445,0.00,0.04
653,1847.6257,907.9116,2471.6161,335.0330,0.00,0.01
654,1841.1321,919.7744,2471.1508,107.0844,0.00,0.01
655,2082.3964,716.7614,2470.8679,303.4919,0.00,0.02
656,2028.7887,728.2105,2449.7378,375.8114,0.00,0.03
657,2428.2371,4.3715,2440.4771,2423.2901,0.00,0.04
658,1517.2621,1049.3346,2464.0110,111.4661,0.00,0.03
659,2441.3065,9.2055,2467.8323,2430.8861,0.00,0.03
660,710.1021,785.5305,2444.4171,60.5548,0.00,0.04
661,2168.6549,640.3881,2470.8899,369.3983,0.00,0.02
662,2118.9271,724.6119,2470.6274,197.1351,0.00,0.01
663,2437.3050,11.0255,2459.3005,2415.7974,0.00,0.03
664,1530.5847,1061.3178,2470.7170,76.1359,0.00,0.02
665,2438.4566,4.1740,2445.8200,2430.7437,0.00,0.03
666,2054.4071,826.9181,2470.0146,126.7463,0.00,0.02
667,1500.7469,1085.3955,2469.9772,131.0887,0.00,0.02
668,2083.1088,756.2636,2458.1830,254.2753,0.00,0.02
669,1564.0900,982.2088,2434.7596,180.3289,0.00,0.04
670,2434.6779,5.8533,2448.6005,2427.9343,0.00,0.03
671,1884.0981,1004.1385,2471.8033,17.1108,0.00,0.01
672,1574.9117,1037.9508,2470.9813,157.5055,0.00,0.02
673,2435.8069,6.5514,2452.5810,2425.8784,0.00,0.03
674,2452.7596,11.8064,2471.8043,2436.6937,0.00,0.02
675,2178.6018,707.8465,2453.1039,161.8541,0.00,0.02
676,2434.9505,6.5083,2455.0284,2426.8836,0.00,0.03
677,1959.1180,878.6804,2471.8717,130.4057,0.00,0.02
678,1940.6629,895.1334,2471.2245,259.5046,0.00,0.02
679,2189.1671,672.4457,2460.9224,315.1560,0.00,0.02
680,2429.6945,3.5590,2438.0060,2426.1782,0.00,0.04
681,2085.2018,781.5214,2471.4993,284.1282,0.00,0.01
682,945.8699,1016.5316,2463.6530,128.1568,0.00,0.03
683,1974.6024,825.6378,2463.4294,119.5716,0.33,0.03
684,2424.8437,0.3202,2425.1362,2423.8470,0.00,0.04
685,2422.3452,10.5734,2425.5609,2381.3979,0.01,0.04
686,2234.6121,540.7315,2425.5742,346.2211,0.00,0.04
687,2424.9418,0.0496,2424.9936,2424.8246,0.00,0.04
688,2424.9991,0.0049,2425.0082,2424.9903,0.00,0.04
689,2425.0323,0.0445,2425.1534,2424.9942,0.00,0.04
690,2425.0076,0.0196,2425.0700,2424.9913,0.00,0.04
691,2425.0087,0.0263,2425.0890,2424.9753,0.00,0.04
692,2182.3974,559.3359,2425.2023,346.4462,0.00,0.04
693,2425.6016,0.8540,2427.9051,2425.0074,0.00,0.04
694,1168.2405,1117.2115,2436.6191,74.2343,0.00,0.04
695,2286.7781,535.0090,2425.7679,214.7010,0.00,0.04
696,2425.0716,0.0879,2425.2787,2425.0000,0.00,0.04
697,2424.6985,1.3418,2426.0279,2421.4828,0.00,0.04
698,2425.0718,0.0829,2425.3128,2425.0000,0.00,0.04
699,2425.1497,0.0793,2425.3095,2425.0080,0.00,0.04
700,2425.1969,0.0832,2425.3593,2425.0738,0.00,0.04
701,2290.9681,519.9744,2425.5473,277.1161,0.00,0.04
702,2425.0466,0.1023,2425.4035,2425.0000,0.00,0.04
703,2426.3136,0.9817,2428.7031,2425.0497,0.00,0.04
704,205.3295,216.7998,715.2810,46.3857,0.00,0.03
705,1443.1486,858.6929,2408.3173,104.4347,0.24,0.04
706,425.5640,734.9673,2418.2970,74.6378,0.28,0.04
707,1923.7577,637.7486,2411.3931,491.3894,0.30,0.04
708,1478.2150,937.1807,2426.2003,79.2964,1.49,0.05
709,2207.3160,546.9392,2424.8227,124.2043,0.74,0.04
710,2150.3043,457.8617,2418.3911,1061.2055,0.00,0.04
711,2200.4838,214.1364,2407.2085,1695.9183,0.84,0.05
712,2374.3208,81.2577,2417.0504,2080.2541,0.16,0.04
713,2399.1358,12.9686,2412.0267,2365.8943,0.01,0.04
714,2373.4343,85.7025,2412.4946,2049.8870,0.00,0.04
715,2395.5087,12.2645,2404.6190,2352.4988,0.08,0.04
716,2393.7952,9.0060,2405.7246,2379.4671,0.05,0.04
717,2400.5580,5.7301,2409.5280,2390.3910,0.00,0.04
718,2407.3304,4.4907,2413.3587,2397.1723,0.05,0.04
719,2412.3213,11.1947,2419.5646,2374.0469,0.00,0.04
720,2411.4861,4.3690,2417.1523,2402.5834,0.00,0.04
721,2291.4781,356.2602,2419.9160,921.8911,0.00,0.04
722,2413.7338,6.5410,2421.3561,2400.4115,0.00,0.04
723,2417.4295,4.3342,2424.5584,2409.5191,0.01,0.04
724,2421.7740,2.0727,2423.9629,2414.7281,0.00,0.04
725,2424.8797,2.9482,2431.0983,2420.6911,0.00,0.04
726,2410.5237,10.7226,2426.5398,2387.9632,0.01,0.04
727,2422.5701,5.6618,2427.3947,2408.6141,0.00,0.04
728,1996.7676,887.9993,2425.1737,98.9622,0.06,0.04
729,2423.5939,1.9527,2424.8364,2417.1564,0.00,0.04
730,2424.1468,1.1190,2425.0406,2420.0920,0.00,0.04
731,1543.2233,1137.5867,2424.9854,74.5947,0.00,0.04
732,2412.8162,36.7558,2424.6912,2271.2655,0.01,0.04
733,2408.4582,45.0956,2425.0681,2235.4050,0.01,0.04
734,2423.8048,2.0529,2425.0413,2417.1425,0.00,0.04
735,2425.0848,0.2147,2425.6460,2424.6909,0.00,0.04
736,1310.7823,1125.8839,2427.7620,74.8783,0.14,0.04
737,2423.8287,1.2131,2425.0723,2421.1836,0.00,0.04
738,2422.9888,2.7896,2425.0708,2415.6745,0.00,0.04
739,2424.5071,1.0135,2426.2098,2422.5009,0.00,0.04
740,2425.0040,1.0758,2425.9216,2421.0197,0.00,0.04
741,2277.2416,503.9914,2426.4693,343.0438,0.01,0.04
742,2425.1891,0.4568,2425.9154,2424.1856,0.00,0.04
743,1931.9674,914.3573,2429.8366,70.4412,0.00,0.04
744,2300.0625,468.3293,2424.7180,486.2534,0.00,0.03
745,2339.1438,330.9252,2434.7789,1057.5941,0.00,0.03
746,2207.4205,582.4278,2434.3433,489.1078,0.00,0.03
747,2424.8596,0.8198,2426.1289,2422.3802,0.00,0.04
748,2424.6191,1.3732,2426.7387,2421.5431,0.00,0.04
749,2338.0268,338.1777,2425.7882,1028.2708,0.00,0.04
750,2131.5839,777.4080,2426.1704,74.6982,0.00,0.04
751,2236.3879,499.1026,2427.0440,802.1402,0.01,0.04
752,2423.7179,2.4931,2425.8700,2417.1693,0.00,0.04
753,1098.1625,1157.2733,2425.2654,70.3039,0.03,0.04
754,2124.4483,770.2115,2425.4607,74.7675,0.00,0.04
755,2413.2711,44.4799,2425.2768,2241.0224,0.03,0.04
756,2424.8686,1.0194,2426.1055,2421.2726,0.00,0.04
757,2424.0588,1.7444,2425.2231,2418.4934,0.00,0.04
758,2277.7474,568.8479,2425.1564,74.6134,0.00,0.04
759,2424.7913,0.6779,2425.2726,2422.8043,0.00,0.04
760,1690.4048,1089.3630,2425.3818,74.6065,0.00,0.04
761,2423.9172,2.0896,2425.1828,2416.7377,0.00,0.04
762,2422.7892,2.0413,2425.0736,2417.5728,0.00,0.04
763,1984.4633,917.4440,2425.4324,74.6361,0.00,0.04
764,1956.9766,537.3837,2421.5226,818.0068,0.00,0.04
765,2423.8728,1.5344,2425.1132,2419.2771,0.00,0.04
766,2424.6003,0.7553,2425.0875,2422.6918,0.00,0.04
767,2277.8466,568.8738,2425.1415,74.6093,0.00,0.04
768,2380.0271,169.8639,2425.0800,1722.1684,0.00,0.04
769,2422.1531,3.6161,2425.1070,2413.1278,0.00,0.04
770,2422.2260,4.8755,2425.1629,2405.9477,0.00,0.04
771,2425.1484,0.4838,2426.2154,2424.0168,0.00,0.04
772,809.8134,1089.0207,2425.1823,74.6634,0.00,0.04
773,2360.0253,134.8437,2426.1034,2012.5358,0.00,0.04
774,2424.8348,1.8260,2426.9304,2418.6987,0.01,0.04
775,2278.4167,569.0027,2426.2552,74.6789,0.00,0.04
776,2425.6221,0.6379,2427.2949,2424.5788,0.00,0.04
777,2088.5958,559.4256,2433.3586,959.2767,0.10,0.03
778,1875.3673,944.6411,2427.2302,74.9761,0.06,0.04
779,2297.9381,434.4782,2430.8877,619.0223,0.63,0.04
780,2416.6090,12.8292,2425.7986,2386.8970,0.00,0.04
781,2278.1391,568.9503,2425.1719,74.6044,0.00,0.04
782,2425.2391,0.1573,2425.5836,2425.0545,0.00,0.04
783,2005.6011,744.4378,2430.5909,298.9705,0.00,0.04
784,2424.6749,1.0356,2425.6455,2421.1376,0.00,0.04
785,2205.9935,579.0018,2425.2218,307.5835,0.00,0.04
786,2293.6784,504.0754,2425.1630,341.4319,0.01,0.04
787,2423.4197,3.3262,2425.2661,2411.3194,0.00,0.04
788,2425.1541,0.0943,2425.3807,2425.0737,0.00,0.04
789,2130.5733,777.0242,2426.3901,74.7177,0.00,0.04
790,1466.6894,852.1729,2427.0785,406.0814,0.00,0.03
791,2414.1778,44.1382,2426.6626,2243.2409,0.00,0.04
792,2296.2456,500.9741,2428.3482,355.9850,0.00,0.04
793,2424.5269,3.7628,2427.6382,2410.2265,0.00,0.04
794,2381.0074,152.0674,2427.9628,1793.1715,0.00,0.04
795,2355.8460,166.2516,2425.1646,1847.0415,0.00,0.04
796,1991.8023,770.5123,2425.0492,223.0145,0.13,0.04
797,1800.1561,785.0866,2423.4147,358.6869,0.15,0.04
798,2098.0408,633.5297,2424.2415,268.0549,0.14,0.04
799,2394.6913,10.5091,2408.5915,2362.7849,0.11,0.04
800,2400.8243,9.2048,2417.9535,2383.7797,0.03,0.04
801,2282.6107,334.3921,2425.4932,1346.3707,0.00,0.04
802,2336.8031,239.9370,2425.6463,1410.5063,0.01,0.04
803,2103.5491,627.8355,2416.1828,200.0167,0.09,0.05
804,2383.9249,37.7801,2410.7196,2260.3654,0.07,0.04
805,2413.0698,10.5089,2427.1629,2399.9090,0.00,0.04
806,2422.6353,6.0086,2426.4738,2400.7701,0.00,0.04
807,2423.8519,1.8253,2425.6412,2419.3271,0.00,0.04
808,2424.6509,1.9106,2428.3241,2418.1839,0.01,0.04
809,2382.1692,165.0677,2425.5808,1742.8668,0.00,0.04
810,2423.0961,1.6034,2424.9998,2419.5083,0.00,0.04
811,2424.7894,0.3132,2424.9678,2423.9214,0.00,0.04
812,2424.4436,0.9932,2424.9877,2420.9415,0.00,0.04
813,2424.8900,0.1801,2425.0176,2424.2115,0.00,0.04
814,2424.6506,1.2314,2425.0104,2419.9010,0.00,0.04
815,2424.8151,0.7184,2425.0029,2422.0329,0.00,0.04
816,2425.0001,0.0002,2425.0005,2424.9999,0.00,0.04
817,2422.3372,4.8216,2425.1501,2411.9345,0.00,0.04
818,2425.0149,0.0245,2425.0958,2424.9989,0.00,0.04
819,2425.0180,0.0245,2425.0899,2424.9999,0.00,0.04
820,2337.7161,339.0602,2426.8049,1024.5428,0.00,0.04
821,2425.0174,0.0334,2425.1134,2424.9612,0.00,0.04
822,2425.0971,0.1153,2425.4191,2425.0101,0.00,0.04
823,2413.7315,9.9360,2426.6768,2393.6429,0.01,0.04
824,2422.5182,6.8565,2425.3320,2402.8111,0.00,0.04
825,2425.0256,0.1174,2425.3802,2424.7622,0.00,0.04
826,2063.1925,522.8244,2427.3101,1079.7703,0.00,0.04
827,2328.4236,85.1182,2418.1287,2099.9216,0.14,0.04
828,2259.0061,410.5909,2426.3868,1149.2070,0.00,0.04
829,2327.5954,317.5387,2427.4637,1101.4332,0.05,0.04
830,2338.1870,313.2842,2433.3767,1125.7555,0.00,0.04
831,2424.5860,0.5538,2425.7734,2423.3032,0.00,0.04
832,2424.9952,0.1154,2425.2238,2424.6576,0.00,0.04
833,2425.4838,0.8761,2428.3475,2424.3941,0.00,0.04
834,2357.1891,215.1083,2430.5574,1525.1609,0.01,0.04
835,2325.3814,308.0831,2431.9165,1132.8892,0.00,0.04
836,2422.2903,7.4295,2426.5935,2402.5104,0.00,0.04
837,2425.0050,0.0151,2425.0285,2424.9723,0.00,0.04
838,2420.8213,8.7217,2426.1038,2400.4269,0.01,0.04
839,2425.0774,0.0526,2425.1867,2425.0061,0.00,0.04
840,2426.0456,6.1726,2430.6374,2402.7248,0.00,0.04
841,2425.3853,0.2789,2426.0782,2424.9732,0.00,0.04
842,2425.0646,15.1132,2433.0272,2366.9628,0.01,0.04
843,2438.3292,9.6724,2463.5595,2427.9054,0.00,0.03
844,2423.1784,21.0142,2449.5024,2392.5761,0.00,0.03
845,2445.9497,10.2826,2471.1764,2432.9345,0.00,0.02
846,2242.7412,580.3131,2461.0281,111.6222,0.00,0.03
847,2328.1569,293.4781,2471.7081,1525.4841,0.00,0.03
848,2238.7121,560.6975,2471.1591,569.0223,0.01,0.02
849,2424.2821,19.4276,2468.2724,2402.3873,0.03,0.03
850,2422.6649,79.3623,2466.5751,2137.5295,0.73,0.03
851,2151.9907,638.9203,2471.7856,554.3460,0.00,0.02
852,2246.5043,558.3078,2467.6559,95.4259,0.06,0.03
853,2276.5415,305.6806,2465.2009,1123.2573,0.05,0.03
854,2276.8908,449.4349,2432.8824,541.9792,0.07,0.04
855,2304.9500,393.1728,2471.7828,790.6896,0.01,0.03
856,2263.7231,563.3258,2462.0378,92.2214,0.06,0.03
857,2392.1817,64.9105,2430.0026,2163.4252,0.06,0.04
858,2425.0272,2.3905,2426.1317,2415.8313,0.03,0.04
859,2426.0955,0.4294,2426.7997,2425.4891,0.00,0.04
860,2432.8371,3.4576,2439.2521,2427.1782,0.00,0.03
861,2118.5759,740.4002,2464.4599,107.3693,0.07,0.02
862,2230.3505,518.2909,2470.9859,564.4375,0.05,0.03
863,2399.8105,32.0934,2422.1520,2290.2564,0.00,0.04
864,2334.7940,283.1842,2431.8737,1239.5595,0.03,0.04
865,2409.0069,15.2052,2430.5497,2367.9641,0.00,0.04
866,2414.5946,14.8924,2432.3639,2380.0273,0.01,0.04
867,2414.1691,26.1569,2446.0494,2341.3309,0.21,0.03
868,2038.6616,788.9928,2468.2107,325.0295,0.00,0.02
869,2412.5275,18.6435,2444.9387,2374.7934,0.03,0.04
870,1739.2868,1029.1646,2445.0580,100.4176,0.00,0.03
871,2151.9880,710.5399,2424.3267,217.5434,0.00,0.04
872,2422.1718,2.6298,2429.3822,2417.0571,0.00,0.04
873,2194.8944,654.1692,2469.6412,92.0351,0.00,0.03
874,2425.5207,1.8874,2429.1906,2423.6667,0.00,0.04
875,1979.4863,785.5895,2458.4769,276.8283,0.00,0.03
876,2419.9371,4.2450,2427.4297,2413.2032,0.00,0.04
877,2358.1365,271.6034,2448.4634,1306.4609,0.02,0.04
878,2423.7716,1.6085,2425.4818,2419.5546,0.00,0.04
879,2424.6907,2.2202,2428.4774,2417.1835,0.00,0.04
880,2387.9496,128.8209,2451.0573,1902.9339,0.00,0.04
881,2427.4033,6.2140,2447.2945,2420.3864,0.00,0.04
882,1983.7162,876.3259,2468.0043,115.8789,0.00,0.02
883,2298.3144,464.9762,2440.5671,505.6657,0.00,0.03
884,2424.9438,1.2781,2428.3021,2421.1904,0.00,0.04
885,2429.0515,3.9046,2439.4415,2425.5349,0.00,0.04
886,1709.8229,974.2266,2468.7409,97.3427,0.00,0.01
887,2178.7880,725.1176,2469.0302,112.2529,0.00,0.02
888,2123.5737,678.3550,2471.9857,583.2893,0.00,0.02
889,1925.8667,850.7216,2471.9308,120.9281,0.00,0.01
890,2272.6796,488.3212,2452.4501,524.6152,0.00,0.02
891,2415.7200,7.9193,2427.3630,2400.5446,0.00,0.04
892,2423.4375,5.1539,2427.7615,2410.6328,0.00,0.04
893,2433.3004,6.0396,2449.4687,2427.0625,0.00,0.03
894,1701.2665,977.5629,2470.2517,173.8564,0.01,0.02
895,2452.5853,17.6394,2471.7753,2413.1936,0.00,0.01
896,2384.7164,185.0569,2471.7410,1791.0297,0.00,0.01
897,2219.8720,597.1499,2467.7260,496.7966,0.00,0.02
898,2335.4879,375.5250,2444.6198,881.2311,0.00,0.03
899,2425.0991,2.6857,2434.5635,2422.0714,0.00,0.04
900,2428.5928,9.9076,2452.0772,2414.8822,0.01,0.03
901,2426.5579,13.0548,2452.2246,2392.2589,0.09,0.03
902,2429.5933,5.5200,2446.2378,2421.5207,0.00,0.03
903,2010.9264,900.9143,2467.3508,121.7832,0.00,0.02
904,2302.2742,527.1854,2463.1799,260.8338,0.00,0.03
905,2423.8995,17.3790,2449.9460,2392.2052,0.00,0.03
906,2103.2034,753.9903,2459.4680,94.1007,0.00,0.03
907,2157.4070,634.4167,2453.1811,142.4627,0.04,0.03
908,2113.1296,654.6689,2458.3621,323.9753,0.01,0.03
909,2297.6179,152.8724,2449.7720,1787.1081,0.02,0.04
910,2211.6445,585.6737,2460.4109,610.8333,0.00,0.03
911,1849.8405,851.7978,2471.5030,340.0264,0.06,0.02
912,2284.3641,557.3138,2441.4628,126.0187,0.00,0.03
913,2362.4966,68.2615,2425.2112,2175.6748,0.11,0.04
914,2295.1602,510.4635,2471.8949,318.9557,0.00,0.04
915,2411.8742,40.0751,2425.8637,2264.3429,0.00,0.04
916,2423.9449,24.3467,2454.9751,2334.4522,0.01,0.04
917,2428.4718,9.0132,2462.9187,2425.0500,0.00,0.04
918,2283.4184,453.2795,2471.9080,613.7136,0.01,0.02
919,2373.0211,53.1911,2417.6787,2192.3385,0.36,0.04
920,2396.1138,30.1790,2424.5924,2288.6088,0.05,0.04
921,2415.7391,7.4629,2424.2797,2404.2111,0.03,0.04
922,2353.5401,253.4724,2435.8419,1372.6873,0.00,0.04
923,2399.6323,82.5476,2425.6826,2081.3427,0.01,0.04
924,2354.1947,197.0271,2425.2215,1612.2202,0.03,0.04
925,2416.0988,9.2632,2425.5386,2402.6761,0.01,0.04
926,2422.5702,5.6838,2425.4387,2404.5824,0.00,0.04
927,2423.7640,5.8761,2428.4013,2401.2248,0.00,0.04
928,1746.4092,723.1276,2425.3161,196.1285,0.04,0.04
929,2426.6957,3.5094,2437.0969,2425.0017,0.00,0.04
930,1797.0698,987.3705,2471.8648,111.6181,0.00,0.01
931,2229.7684,606.5892,2468.7924,319.8311,0.00,0.02
932,2293.6530,422.9898,2470.0580,889.0747,0.00,0.02
933,2443.6742,11.0793,2471.1248,2430.4500,0.00,0.02
934,2313.3988,475.9309,2445.2539,470.2171,0.00,0.03
935,2430.8587,6.8664,2450.7211,2425.0961,0.00,0.03
936,2164.7533,775.1087,2471.6873,106.9255,0.00,0.01
937,2288.0944,505.2536,2452.5367,344.9741,0.00,0.03
938,2396.5302,44.6074,2431.4428,2248.5436,0.14,0.04
939,2424.4073,4.1408,2431.4715,2415.1485,0.00,0.04
940,2440.6633,11.4503,2465.4282,2428.0298,0.00,0.03
941,2432.1541,10.5681,2448.4654,2397.4682,0.00,0.03
942,1938.8173,896.0163,2471.9492,132.0499,0.00,0.02
943,2327.2617,417.4944,2448.0460,710.4446,0.00,0.03
944,2343.1930,284.1132,2426.1925,1244.1981,0.00,0.04
945,2329.5081,317.2411,2428.0488,1105.3342,0.00,0.04
946,2424.6449,1.9281,2428.1515,2421.1885,0.00,0.04
947,2319.1900,400.0706,2439.6048,770.9537,0.00,0.03
948,2428.1696,2.2461,2431.0995,2422.7885,0.00,0.04
949,2289.9020,557.5925,2471.5762,132.4974,0.05,0.02
950,2190.4930,652.0986,2469.3334,112.2492,0.01,0.02
951,2389.5013,161.6578,2438.8974,1763.8316,0.00,0.03
952,2426.0289,7.5342,2434.3483,2399.5652,0.00,0.04
953,2433.2823,4.6826,2443.2426,2425.8571,0.00,0.03
954,1738.4795,1011.9249,2470.1192,-47.5993,0.01,0.02
955,1157.7338,1167.0757,2468.8483,-48.2729,0.00,0.02
956,1982.4764,850.1615,2468.7061,-33.4997,0.00,0.02
957,1595.9647,987.3966,2471.4205,131.7350,0.00,0.02
958,1923.9412,879.2588,2471.1918,303.3176,0.00,0.02
959,2447.8612,13.3630,2466.0655,2402.3072,0.00,0.02
960,2090.8522,574.8699,2454.0297,600.8196,0.01,0.03
961,2232.4958,479.8420,2467.4077,817.4267,0.00,0.03
962,2103.8959,616.3368,2416.9065,399.2097,0.00,0.04
963,2150.7283,680.5312,2453.9473,167.0914,0.01,0.03
964,2232.0666,505.6979,2399.5536,293.4522,0.04,0.04
965,2065.3678,665.8554,2403.7341,16.2678,0.03,0.04
966,2287.3638,296.7845,2424.2246,1303.9285,0.15,0.04
967,1989.0736,812.3254,2422.8540,-50.9896,0.68,0.04
968,2114.5341,594.8741,2424.6244,638.4431,0.02,0.04
969,2175.1653,611.3024,2467.9955,533.8737,0.03,0.04
970,2360.3415,82.5342,2423.0460,2073.7964,0.19,0.04
971,2271.9411,422.5884,2430.1983,638.7047,0.16,0.04
972,2392.9107,32.2744,2442.6147,2308.7520,0.04,0.04
973,1927.2933,823.6908,2425.4591,301.4870,0.01,0.03
974,2175.3169,616.5675,2428.0286,357.8470,0.09,0.04
975,2290.1717,496.2938,2425.6477,368.1240,0.01,0.04
976,2384.2379,20.6296,2419.2277,2340.9994,0.03,0.04
977,2416.0579,10.3819,2431.5284,2399.9490,0.01,0.04
978,1920.9644,861.6256,2418.2315,37.5684,0.00,0.04
979,2188.5912,598.4392,2432.3163,156.7695,0.01,0.04
980,2249.1532,263.4779,2420.1996,1751.8876,0.06,0.04
981,2346.5428,152.8175,2437.8423,1796.8251,0.40,0.04
982,2157.3650,652.4742,2420.5778,92.1521,0.01,0.04
983,2387.3557,19.7604,2399.9149,2313.3492,0.04,0.04
984,2396.1321,9.0466,2419.9690,2383.8161,0.06,0.04
985,2319.0381,322.1278,2421.9989,1071.9082,0.00,0.04
986,2336.5183,89.3372,2431.5888,2105.9845,0.04,0.04
987,2353.6613,160.7672,2422.9321,1739.1881,0.01,0.04
988,2395.1943,25.6371,2422.8989,2307.2719,0.01,0.04
989,2410.4743,16.4305,2425.0004,2361.2809,0.01,0.04
990,2416.2891,10.6916,2424.9994,2389.7817,0.00,0.04
991,2421.9414,1.7116,2423.3942,2416.4255,0.00,0.04
992,2224.1593,515.7366,2423.6370,648.9383,0.00,0.04
993,2421.3797,9.2292,2450.3721,2402.2551,0.03,0.04
994,2425.7651,10.9396,2458.9246,2404.0504,0.00,0.04
995,2198.4080,608.3606,2470.2950,581.0430,0.01,0.03
996,2416.7660,11.3787,2434.3425,2398.5135,0.00,0.04
997,2283.6807,518.7186,2430.1269,274.9469,0.00,0.04
998,2169.6330,671.1728,2446.4149,131.7343,0.00,0.03
999,2415.7034,9.1892,2423.0248,2391.7309,0.00,0.04
1000,2282.2347,526.7541,2423.5859,242.4070,0.00,0.04
1001,2415.5281,17.1440,2423.6693,2353.0527,0.00,0.04
1002,2423.4730,0.2749,2423.7071,2422.7835,0.00,0.04
1003,2423.1390,1.3977,2423.8017,2417.9879,0.00,0.04
1004,2423.3931,0.8931,2423.7097,2419.9389,0.00,0.04
1005,2421.6642,6.6794,2423.7264,2395.9850,0.00,0.04
1006,2423.4880,0.2460,2423.7547,2422.8074,0.00,0.04
1007,2200.9808,559.9651,2423.6071,643.6865,0.00,0.04
1008,2205.1644,502.7462,2423.7868,799.0379,0.30,0.04
1009,2423.5452,0.2902,2423.8171,2422.7649,0.00,0.04
1010,2422.3252,3.7126,2423.8785,2408.5571,0.00,0.04
1011,2422.7811,2.1585,2424.0488,2414.9485,0.01,0.04
1012,2422.1919,3.5600,2423.9309,2411.9123,0.03,0.04
1013,2423.7377,1.3166,2424.6418,2418.8524,0.00,0.04
1014,2310.7939,440.2684,2427.3562,605.6524,0.00,0.04
1015,2412.5172,7.6753,2423.8584,2402.9492,0.00,0.04
1016,2426.0925,1.6917,2429.1250,2423.6760,0.00,0.04
1017,2227.1298,479.5864,2462.3223,743.6596,0.30,0.02
1018,2429.8973,43.9574,2469.9401,2325.8095,0.28,0.02
1019,2062.9711,794.6065,2464.0691,122.1632,0.00,0.02
1020,2355.3485,290.2064,2438.0050,1231.5333,0.00,0.03
1021,2427.7681,9.3671,2435.7094,2393.5433,0.01,0.03
1022,2364.5590,244.2994,2432.9146,1418.4222,0.30,0.04
1023,2427.5593,2.5395,2433.9715,2424.7414,0.00,0.04
1024,2175.8973,585.3006,2472.0372,658.4729,0.03,0.01
1025,1871.4941,826.1449,2471.6893,234.9307,0.19,0.03
1026,2309.1208,467.1520,2464.2239,505.1230,0.00,0.03
1027,2422.5561,36.6617,2441.1812,2281.3366,0.01,0.03
1028,2439.0074,7.3119,2459.5679,2430.4473,0.00,0.03
1029,2089.3925,635.3822,2471.2484,61.5827,0.29,0.03
1030,2226.4458,421.0882,2443.3664,686.8384,0.09,0.03
1031,2227.3773,568.2162,2442.7296,131.8134,0.07,0.03
1032,2428.3911,9.4469,2438.6896,2399.4531,0.00,0.03
1033,2387.4999,138.5670,2430.5325,1851.5488,0.01,0.04
1034,2418.4484,8.9897,2430.3730,2390.7995,0.06,0.04
1035,2107.5225,744.2395,2427.0519,152.5685,0.04,0.04
1036,2424.0486,5.4701,2429.3291,2403.6275,0.00,0.04
1037,2424.6315,0.9032,2425.7645,2422.2569,0.00,0.04
1038,2426.4882,1.6327,2430.1675,2423.7606,0.00,0.04
1039,2397.5734,149.4152,2453.9886,1820.4357,0.03,0.02
1040,2433.5971,5.0586,2444.0479,2426.0965,0.00,0.03
1041,2434.3373,40.1165,2471.8706,2345.7319,0.16,0.02
1042,2045.6581,830.5973,2471.8483,112.2605,0.00,0.02
1043,2227.1077,599.3612,2471.8349,349.9309,0.01,0.01
1044,2422.1819,77.3670,2471.8867,2140.8234,0.07,0.02
1045,2297.9302,502.9874,2471.3858,351.6597,0.01,0.03
1046,2305.4373,440.2570,2429.8099,600.6296,0.01,0.03
1047,2424.9669,2.8248,2428.9934,2417.6040,0.00,0.04
1048,2426.7673,1.5726,2430.5252,2425.1349,0.00,0.04
1049,1689.3564,991.8134,2471.8468,117.2038,0.00,0.02
1050,1810.2161,948.9118,2471.5544,232.9017,0.00,0.02
1051,1832.0459,895.1583,2465.0057,107.3084,0.00,0.02
1052,2430.3522,2.7953,2436.7197,2426.1117,0.00,0.03
1053,2426.0288,39.4834,2471.8963,2320.6005,0.06,0.02
1054,2123.7716,655.9030,2469.2424,654.9740,0.14,0.02
1055,2166.3602,714.0676,2471.8873,169.3911,0.22,0.03
1056,2429.1464,11.5080,2471.8773,2419.8586,0.01,0.04
1057,2429.6673,53.5777,2469.5102,2249.9904,0.14,0.02
1058,2236.3245,543.0229,2470.6751,783.7278,0.18,0.02
1059,2230.6332,458.5243,2450.1153,475.9646,0.01,0.04
1060,2414.5135,57.2052,2465.2937,2251.1169,0.05,0.03
1061,2133.4003,524.3353,2461.7975,690.0098,0.10,0.03
1062,2193.0067,464.3764,2471.3032,927.6465,0.51,0.04
1063,2077.9853,653.1537,2431.9515,376.2862,0.00,0.03
1064,2415.1795,12.1846,2425.8281,2385.0541,0.00,0.04
1065,2421.6678,1.1997,2423.5385,2419.1197,0.00,0.04
1066,2421.7809,2.3179,2423.9147,2414.2031,0.00,0.04
1067,2423.6706,1.5217,2424.9651,2419.0290,0.00,0.04
1068,2424.5127,0.4269,2425.0031,2423.4028,0.00,0.04
1069,2424.8412,0.1486,2425.0230,2424.5449,0.00,0.04
1070,2424.7148,0.6092,2425.0332,2422.8111,0.00,0.04
1071,2424.8962,0.1663,2425.0218,2424.2646,0.00,0.04
1072,2424.9974,0.1726,2425.5702,2424.8020,0.00,0.04
1073,2426.1142,0.9233,2428.1808,2425.1504,0.00,0.04
1074,1722.4435,840.9040,2468.7990,326.6754,0.00,0.02
1075,1813.8994,772.4983,2466.2503,421.3701,0.00,0.02
1076,2044.9024,818.4162,2462.3608,239.0319,0.00,0.03
1077,1588.2657,887.6597,2466.6670,467.1285,0.01,0.03
1078,2375.0848,166.6037,2453.4781,1748.7264,0.00,0.03
1079,2290.3351,509.4829,2424.5530,317.1300,0.00,0.04
1080,2422.4974,1.7628,2424.0596,2417.9118,0.00,0.04
1081,2424.3769,0.9963,2425.0132,2421.4368,0.00,0.04
1082,2424.9991,0.0005,2424.9997,2424.9980,0.00,0.04
1083,2424.9552,0.1079,2425.0000,2424.5937,0.00,0.04
1084,2424.9997,0.0003,2425.0000,2424.9990,0.00,0.04
1085,2425.0000,0.0000,2425.0000,2425.0000,0.00,0.04
1086,2424.9997,0.0013,2425.0000,2424.9948,0.00,0.04
1087,2425.0000,0.0000,2425.0000,2425.0000,0.00,0.04
1088,2425.0006,0.0017,2425.0071,2425.0000,0.00,0.04
1089,2281.9255,562.8041,2459.5132,102.4352,0.00,0.04
1090,2425.0480,0.0789,2425.2879,2425.0000,0.00,0.04
1091,2427.1996,1.5664,2431.1164,2424.5142,0.00,0.04
1092,2249.2288,577.1232,2447.6428,92.1573,0.00,0.03
1093,2424.3357,12.8908,2431.7395,2374.9950,0.00,0.04
1094,2427.9674,4.3289,2439.6308,2425.0027,0.00,0.04
1095,1789.2994,942.4800,2460.9364,92.4799,0.01,0.02
1096,2434.9781,6.5692,2453.1576,2424.6402,0.00,0.03
1097,1744.7763,902.6663,2457.4555,87.2244,0.03,0.02
1098,1944.6909,799.9355,2466.8824,126.9969,0.05,0.02
1099,2198.4514,549.7897,2471.6528,166.9118,0.15,0.03
1100,2020.8664,884.4623,2471.7794,116.5952,0.00,0.02
1101,2425.2426,0.3912,2426.5032,2425.0354,0.00,0.04
1102,1851.5340,819.4436,2452.3548,112.2422,0.00,0.02
1103,2425.2009,0.3748,2426.6205,2425.0415,0.00,0.04
1104,2429.7567,4.9191,2442.8014,2425.2722,0.00,0.04
1105,2002.1867,742.1262,2464.6913,560.8327,0.01,0.01
1106,1718.8180,930.1078,2469.4713,36.0491,0.15,0.02
1107,2080.5274,773.1022,2466.1658,91.8204,0.03,0.02
1108,1769.0960,753.7246,2435.8564,163.2041,0.04,0.03
1109,2403.5938,88.5538,2461.1899,2065.3567,0.03,0.03
1110,2320.0295,331.1809,2464.7666,1275.5905,0.01,0.02
1111,2089.3392,719.4922,2468.1702,141.9155,0.01,0.01
1112,2332.7870,451.2611,2469.6020,585.3941,0.00,0.02
1113,2442.3631,6.6285,2453.4153,2433.0039,0.00,0.03
1114,2270.2259,465.0489,2462.2425,796.7870,0.00,0.02
1115,2013.7639,879.6909,2466.0827,117.3021,0.01,0.01
1116,2432.0164,11.5195,2455.9409,2413.5002,0.01,0.03
1117,2301.8547,566.6798,2458.0598,107.2166,0.00,0.02
1118,2433.4991,3.3401,2439.5022,2426.6262,0.00,0.03
1119,2452.8270,11.8205,2470.7059,2435.2445,0.00,0.01
1120,1581.5535,995.9765,2464.2693,136.2670,0.08,0.02
1121,1960.6803,861.4480,2466.7319,144.2302,0.00,0.02
1122,2126.8751,668.2308,2457.4459,590.9809,0.00,0.02
1123,2433.9108,3.8542,2441.9015,2427.6506,0.00,0.03
1124,1471.2109,938.4037,2470.6035,127.1034,0.00,0.01
1125,1932.4737,827.2135,2465.8420,117.2083,0.01,0.02
1126,1930.0898,819.3423,2463.1979,92.1876,0.00,0.02
1127,2431.8317,3.6383,2439.6700,2427.6267,0.00,0.03
1128,1497.8257,1101.9879,2463.3733,83.4383,0.00,0.02
1129,2434.6823,3.6139,2442.5062,2429.4604,0.00,0.03
1130,1501.4845,997.3044,2462.2152,135.9535,0.00,0.01
1131,2382.3329,210.5693,2443.7923,1566.9474,0.00,0.03
1132,2426.9590,1.8006,2432.6951,2425.2790,0.00,0.04
1133,2296.7455,543.5045,2462.6146,193.0551,0.00,0.02
1134,1900.3658,847.5192,2468.1839,101.9151,0.00,0.01
1135,2450.1889,7.1405,2458.6129,2435.2315,0.00,0.02
1136,2381.8703,183.6896,2459.6865,1672.9548,0.00,0.03
1137,2134.2908,516.4438,2447.9183,845.1892,1.60,0.03
1138,2400.2007,61.5705,2445.9344,2167.8169,0.04,0.03
1139,2399.8483,20.0539,2445.2669,2371.1548,0.00,0.03
1140,2045.0250,849.1776,2464.5142,92.1596,0.00,0.02
1141,2441.3210,6.0584,2451.4152,2430.1969,0.00,0.03
1142,2425.8975,13.5293,2449.2604,2394.5681,0.00,0.03
1143,2022.1351,780.1430,2470.4748,126.2587,0.00,0.01
1144,2292.1151,566.7014,2452.4291,97.4716,0.00,0.03
1145,2427.7974,2.2004,2433.6844,2425.3903,0.00,0.04
1146,2036.6271,842.6997,2464.7173,140.7368,0.01,0.01
1147,2433.5223,30.1683,2454.7098,2332.7049,0.15,0.02
1148,2294.3019,563.4401,2452.0352,112.2506,0.00,0.03
1149,2427.7542,1.9320,2432.3102,2424.7745,0.00,0.04
1150,1514.0329,1076.9995,2470.5932,106.8480,0.00,0.01
1151,2428.0944,2.9690,2435.7344,2422.1102,0.00,0.04
1152,2218.6338,604.6090,2469.0630,361.1637,0.03,0.02
1153,2303.0736,561.8778,2464.6327,127.1098,0.01,0.02
1154,2434.1125,4.0869,2444.4733,2426.4856,0.00,0.03
1155,1891.6081,860.4660,2466.7354,87.2546,0.00,0.01
1156,2318.0359,442.3016,2468.9280,608.7847,0.01,0.02
1157,2390.8614,99.1850,2444.4692,2009.8998,0.05,0.03
1158,2415.6858,8.0545,2430.3744,2402.5215,0.00,0.03
1159,2436.2802,9.5390,2454.5371,2414.9691,0.01,0.02
1160,1739.5177,1058.8763,2471.2024,92.1945,0.01,0.01
1161,2439.0607,7.0829,2457.1212,2430.1906,0.00,0.03
1162,2286.6136,509.1977,2455.8052,319.4219,0.03,0.03
1163,2403.7380,39.1409,2430.6858,2265.4731,0.54,0.04
1164,2424.2337,8.5644,2436.7741,2398.7559,0.00,0.04
1165,2406.5993,50.4540,2464.0656,2269.5676,0.01,0.03
1166,2423.9761,5.9364,2432.9050,2408.3392,0.01,0.04
1167,2223.2956,599.8486,2436.7434,70.1063,0.00,0.03
1168,2309.9596,456.7391,2467.7941,542.9157,0.00,0.03
1169,2427.4466,4.6381,2437.8135,2418.3359,0.00,0.03
1170,2293.2449,420.7310,2458.4742,792.9629,0.03,0.03
1171,2340.0913,350.9326,2436.9818,980.9824,0.00,0.03
1172,2425.7349,2.9415,2431.1070,2418.3651,0.03,0.04
1173,2435.3599,5.4243,2444.5143,2425.2334,0.00,0.03
1174,2401.4497,44.1440,2457.6048,2276.0399,0.05,0.03
1175,2083.9737,725.8987,2455.7396,107.2964,0.01,0.02
1176,2417.3654,26.2158,2430.0172,2318.6555,0.00,0.04
1177,2424.6164,0.4934,2425.2182,2423.3958,0.00,0.04
1178,2424.6194,0.6123,2424.8990,2422.9920,0.00,0.04
1179,2424.5649,0.9807,2424.8999,2420.8016,0.00,0.04
1180,2424.8741,0.0585,2424.9034,2424.6676,0.00,0.04
1181,2424.8973,0.0079,2424.9150,2424.8777,0.00,0.04
1182,2429.1653,6.2452,2448.7262,2424.9037,0.00,0.03
1183,1781.7981,943.8960,2446.0377,110.1024,0.66,0.03
1184,2421.0703,22.4707,2468.5150,2378.9399,0.00,0.03
1185,2426.1002,2.7655,2433.9519,2424.8999,0.00,0.04
1186,2444.9242,17.2640,2471.8031,2416.1518,0.00,0.02
1187,2445.7384,15.8552,2469.8438,2424.9610,0.00,0.02
1188,2410.1683,24.3632,2433.5493,2335.6307,0.01,0.03
1189,2330.6025,460.1087,2471.4076,549.3501,0.00,0.02
1190,2446.5114,16.3224,2471.7212,2424.9074,0.00,0.02
1191,2237.5235,486.0223,2436.9872,892.9845,0.03,0.03
1192,2275.4803,441.0428,2438.8808,691.5978,0.00,0.03
1193,2430.1891,12.9176,2462.3496,2417.0458,0.00,0.03
1194,2307.8910,457.9653,2437.6844,534.5003,0.00,0.04
1195,2401.7337,49.0528,2428.0278,2239.8364,0.47,0.04
1196,2362.3864,240.1256,2428.1654,1432.4086,0.00,0.04
1197,2424.6054,0.2210,2424.8738,2424.1065,0.00,0.04
1198,2424.9394,0.0319,2424.9712,2424.8484,0.00,0.04
1199,2424.9920,0.0053,2424.9983,2424.9747,0.00,0.04
1200,2424.9993,0.0003,2424.9997,2424.9987,0.00,0.04
1201,2424.9999,0.0000,2425.0000,2424.9998,0.00,0.04
1202,2425.0000,0.0000,2425.0000,2425.0000,0.00,0.04
1203,2425.0000,0.0000,2425.0000,2425.0000,0.00,0.04
1204,2425.0000,0.0000,2425.0000,2425.0000,0.00,0.04
1205,2425.0000,0.0000,2425.0000,2425.0000,0.00,0.04
1206,2425.0000,0.0000,2425.0000,2425.0000,0.00,0.04
1207,2425.0000,0.0000,2425.0000,2425.0000,0.00,0.04
1208,2425.0000,0.0000,2425.0000,2425.0000,0.00,0.04
1209,2425.0000,0.0000,2425.0000,2425.0000,0.00,0.04
1210,2425.0000,0.0000,2425.0000,2425.0000,0.00,0.04
1211,2425.0000,0.0000,2425.0000,2425.0000,0.00,0.04
1212,2425.0000,0.0000,2425.0000,2425.0000,0.00,0.04
1213,2425.0000,0.0000,2425.0000,2425.0000,0.00,0.04
1214,2425.0000,0.0000,2425.0000,2425.0000,0.00,0.04
1215,2425.0000,0.0000,2425.0000,2425.0000,0.00,0.04
1216,2425.0000,0.0000,2425.0000,2425.0000,0.00,0.04
1217,2425.0000,0.0000,2425.0000,2425.0000,0.00,0.04
1218,2425.0000,0.0000,2425.0000,2425.0000,0.00,0.04
1219,2425.0000,0.0000,2425.0000,2425.0000,0.00,0.04
1220,2425.0000,0.0000,2425.0000,2425.0000,0.00,0.04
1221,2425.0000,0.0000,2425.0000,2425.0000,0.00,0.04
1222,2425.0000,0.0000,2425.0000,2425.0000,0.00,0.04
1223,2425.0000,0.0000,2425.0000,2425.0000,0.00,0.04
1224,2425.0000,0.0000,2425.0000,2425.0000,0.00,0.04
1225,2425.0000,0.0000,2425.0000,2425.0000,0.00,0.04
1226,2425.0000,0.0000,2425.0000,2425.0000,0.00,0.04
1227,2425.0000,0.0000,2425.0000,2425.0000,0.00,0.04
1228,2425.0000,0.0000,2425.0000,2425.0000,0.00,0.04
1229,2425.0000,0.0000,2425.0000,2425.0000,0.00,0.04
1230,2425.0000,0.0000,2425.0000,2425.0000,0.00,0.04
1231,2425.0000,0.0000,2425.0000,2425.0000,0.00,0.04
1232,2425.0000,0.0000,2425.0000,2425.0000,0.00,0.04
1233,2425.0000,0.0000,2425.0001,2425.0000,0.00,0.04
1234,2425.0004,0.0002,2425.0008,2425.0002,0.00,0.04
1235,2425.0054,0.0024,2425.0106,2425.0020,0.00,0.04
1236,2425.0530,0.0278,2425.1104,2425.0124,0.00,0.04
1237,2425.7709,0.5642,2427.0104,2425.2513,0.00,0.04
1238,2438.7924,6.6339,2451.1525,2429.1332,0.00,0.03
1239,2363.8415,227.7428,2454.9304,1501.0139,0.11,0.03
1240,1892.5524,850.7221,2471.8538,425.2662,0.00,0.01
1241,2411.8717,69.6074,2461.0190,2158.3505,0.23,0.03
1242,1947.1513,851.8446,2471.8351,110.0573,0.00,0.01
1243,2082.9605,785.4460,2471.2739,331.2888,0.00,0.01
1244,2427.4023,35.3990,2471.1337,2335.8976,0.00,0.03
1245,2439.7686,7.2158,2453.5882,2427.6773,0.00,0.03
1246,2408.8618,38.4998,2444.0355,2289.1149,0.01,0.03
1247,2277.6233,505.7991,2471.2544,473.0506,0.00,0.02
1248,2194.1207,659.6776,2463.5594,344.9763,0.09,0.02
1249,2429.2227,3.4848,2439.0039,2425.9174,0.00,0.04
1250,2026.6988,763.6919,2471.9258,473.5082,0.00,0.01
1251,2373.0227,93.2666,2458.3038,2057.3356,0.53,0.03
1252,2346.1399,330.5274,2471.7241,1095.0428,0.00,0.02
1253,2430.8664,27.3481,2470.7340,2374.0359,0.00,0.02
1254,2340.1949,397.0062,2471.1317,803.2126,0.04,0.02
1255,2145.8912,555.2118,2434.6171,496.4526,0.03,0.03
1256,2427.0966,2.7379,2433.4917,2420.6121,0.00,0.04
1257,2064.6371,640.9818,2471.8536,122.1575,0.04,0.02
1258,2428.2801,2.6428,2431.7423,2421.1268,0.00,0.03
1259,2432.3191,6.0580,2448.1472,2420.9054,0.00,0.03
1260,2319.0281,501.4937,2463.2276,377.2528,0.00,0.02
1261,2395.4664,49.5552,2437.4948,2234.1101,0.03,0.04
1262,2303.7440,568.6544,2471.7371,101.8736,0.00,0.02
1263,2406.4494,105.4496,2453.9277,1999.6194,0.90,0.03
1264,2046.9027,822.0439,2461.9808,112.3930,0.00,0.03
1265,2295.0292,496.7496,2439.2613,371.5818,0.00,0.03
1266,2386.0053,52.2309,2427.2411,2212.5525,0.09,0.04
1267,2430.5403,9.7279,2445.3065,2406.5524,0.00,0.03
1268,2000.7311,825.9113,2469.2015,112.2561,0.00,0.02
1269,2427.6359,1.8326,2432.1216,2425.9496,0.00,0.04
1270,1633.7066,973.4990,2471.1186,232.1092,0.08,0.02
1271,2129.4070,681.6815,2470.0612,97.0298,0.03,0.02
1272,1858.3246,894.5463,2471.1227,107.3210,0.00,0.02
1273,2406.1557,78.1139,2430.9994,2103.7816,0.00,0.04
1274,2438.1194,11.7595,2471.1352,2424.4246,0.00,0.03
1275,2442.3856,16.7099,2466.1573,2396.6236,0.00,0.02
1276,2090.7109,736.0613,2464.0522,514.0391,0.00,0.02
1277,2432.4472,4.1873,2440.4134,2426.3675,0.00,0.03
1278,2005.3736,788.5540,2471.1736,314.9741,0.01,0.02
1279,2441.8150,15.1280,2471.8719,2427.0007,0.00,0.02
1280,2354.1082,106.8710,2451.0635,2044.6738,1.00,0.04
1281,2397.8518,72.2930,2464.6520,2218.0550,0.00,0.03
1282,2429.3474,15.0456,2449.2345,2382.6815,0.00,0.03
1283,1678.8327,874.9363,2447.9922,160.3965,0.00,0.02
1284,2427.9833,1.7987,2431.3017,2425.0162,0.00,0.04
1285,2316.7177,405.3501,2452.6525,780.9835,0.00,0.02
1286,2436.6086,5.8730,2446.1810,2427.9019,0.00,0.03
1287,2197.8359,502.8161,2451.0602,919.9096,0.00,0.02
1288,2430.1411,4.6182,2437.1597,2416.5861,0.01,0.03
1289,2434.6040,5.4034,2453.7171,2429.3700,0.00,0.03
1290,2075.1310,517.7303,2457.2459,947.5042,0.01,0.02
1291,1691.8546,890.2213,2455.3310,136.3245,0.07,0.02
1292,1813.6473,931.6725,2470.9849,144.9599,0.01,0.02
1293,2426.6218,28.3261,2444.3083,2317.7014,0.00,0.03
1294,2331.9405,426.1691,2454.2787,681.6624,0.00,0.03
1295,2430.6154,2.8933,2439.7079,2427.3264,0.00,0.03
1296,1837.5841,932.1607,2470.3077,101.8999,0.00,0.02
1297,2295.2952,568.8860,2453.9307,92.1432,0.00,0.02
1298,2431.5711,4.8076,2446.9599,2426.7162,0.00,0.03
1299,1965.3976,832.7218,2471.0473,135.6600,0.00,0.01
1300,2409.8332,39.5303,2454.9233,2272.6180,0.00,0.03
1301,2442.3519,13.6451,2464.6001,2426.2689,0.00,0.02
1302,2440.3857,5.9582,2452.0496,2433.4635,0.00,0.03
1303,2241.4483,512.3821,2469.4014,642.0397,0.01,0.02
1304,2284.8702,547.0327,2471.8630,167.9764,0.01,0.03
1305,2360.9233,89.5168,2470.2007,2148.8503,0.04,0.03
1306,2367.7318,353.1517,2472.4309,1000.5512,0.00,0.01
1307,2131.6465,673.0453,2470.0983,523.5932,0.00,0.02
1308,2426.2958,45.4220,2450.1407,2252.2381,0.00,0.03
1309,2428.2228,1.8504,2433.1262,2425.9117,0.00,0.04
1310,1809.6891,904.8319,2470.5698,103.7519,0.00,0.02
1311,1947.1554,767.5777,2471.8127,552.9274,0.00,0.02
1312,2429.1131,2.3629,2434.9914,2426.4650,0.00,0.04
1313,2057.8532,749.8332,2471.8231,125.1279,0.00,0.01
1314,2079.7635,812.1786,2471.4903,92.1231,0.00,0.01
1315,1818.2261,968.1523,2471.8553,92.1097,0.00,0.01
1316,2099.4781,734.4376,2469.7658,162.1168,0.00,0.02
1317,2423.6758,21.5788,2456.3264,2367.7603,0.00,0.03
1318,2307.4458,439.0341,2466.5874,633.7008,0.01,0.02
1319,2428.8550,39.3566,2449.8762,2277.3779,0.00,0.03
1320,2427.4997,1.0788,2430.3455,2426.1246,0.00,0.04
1321,2443.1857,5.8035,2459.4717,2433.4489,0.00,0.02
1322,1821.6748,899.2559,2471.8487,96.9220,0.00,0.01
1323,2261.2830,422.1399,2430.6676,825.2088,0.05,0.03
1324,2195.9733,660.6572,2469.8228,340.0165,0.00,0.02
1325,2400.0220,22.1913,2435.8183,2357.1658,0.04,0.03
1326,2024.3548,887.0765,2469.6311,92.0672,0.00,0.02
1327,2374.1630,294.5973,2472.0378,1234.5845,0.02,0.02
1328,1995.3635,845.0374,2470.3979,97.0056,0.00,0.01
1329,2318.1859,390.1830,2471.8817,1050.4622,0.00,0.01
1330,2449.4074,12.8542,2471.7891,2425.4980,0.00,0.02
1331,2432.0722,3.7245,2440.2571,2427.0100,0.00,0.03
1332,2225.1248,614.1544,2471.2748,539.5594,0.00,0.01
1333,2445.1930,10.7703,2470.5307,2432.7625,0.00,0.02
1334,2308.4113,334.3915,2444.0049,1356.8600,0.00,0.03
1335,2433.8255,4.1072,2440.5062,2427.2232,0.00,0.03
1336,2451.2684,11.2828,2471.0433,2437.0645,0.00,0.02
1337,1766.9250,895.8945,2471.8298,331.3384,0.00,0.02
1338,2323.0639,353.0850,2438.8781,990.0475,0.00,0.03
1339,2428.0898,1.9386,2433.1399,2426.0219,0.00,0.04
1340,2451.1468,11.0831,2471.1878,2437.2528,0.00,0.02
1341,2420.6940,16.3800,2443.1823,2376.5142,0.00,0.03
1342,2092.1652,768.3959,2471.8051,340.0152,0.00,0.01
1343,1936.1188,905.4213,2469.2520,107.2110,0.00,0.02
1344,2281.4854,427.3536,2443.2438,901.0544,0.00,0.03
1345,2433.7102,5.5005,2448.8674,2427.1435,0.00,0.03
1346,2317.4677,402.1062,2472.4912,862.1242,0.00,0.02
1347,2187.6687,706.8707,2471.8563,106.8706,0.00,0.01
1348,2306.9128,569.5125,2471.7594,101.9049,0.00,0.01
1349,2278.5262,438.1268,2461.2753,1075.1824,0.00,0.02
1350,2350.3781,242.3220,2465.2547,1418.2471,0.09,0.03
1351,2301.6967,536.6397,2471.8635,225.2926,0.00,0.02
1352,2299.6125,551.6530,2471.9444,165.2646,0.05,0.02
1353,2413.4828,16.9920,2442.4792,2364.0754,0.01,0.03
1354,2436.1709,14.2944,2464.9405,2404.7292,0.01,0.03
1355,2449.3122,10.8731,2471.0117,2432.3342,0.00,0.02
1356,2415.5103,23.2451,2453.5021,2357.4132,0.10,0.03
1357,1612.2351,699.6553,2471.4042,551.5557,0.00,0.02
1358,2199.5004,621.5959,2468.5306,107.3043,0.00,0.03
1359,2430.8497,8.0239,2454.9284,2424.2897,0.00,0.03
1360,2272.2027,474.2166,2468.4071,1000.9157,0.04,0.02
1361,2185.9984,585.0715,2471.9509,596.9086,0.00,0.01
1362,2442.5471,15.9102,2470.3313,2417.9091,0.00,0.02
1363,2241.4430,500.2478,2429.0837,327.6804,0.00,0.05
1364,2172.2674,674.5498,2450.1970,319.7884,0.03,0.03
1365,2092.0961,628.1584,2423.9949,355.1124,0.00,0.05
1366,2389.1277,44.2609,2426.2747,2291.0986,0.04,0.04
1367,2410.4128,43.9102,2430.7878,2276.0319,0.04,0.04
1368,2427.1291,1.4347,2430.3608,2425.1500,0.00,0.04
1369,2251.2609,574.4984,2472.0088,340.0170,0.00,0.01
1370,1819.9802,939.8230,2466.5131,101.9277,0.00,0.02
1371,2444.9713,6.3770,2455.1806,2430.7847,0.00,0.02
1372,2447.7548,14.3075,2471.8627,2420.9233,0.00,0.02
1373,2430.6585,3.2641,2436.9670,2426.6597,0.00,0.03
1374,2309.1816,570.0103,2471.8130,101.8738,0.00,0.01
1375,2370.7044,303.1079,2471.9267,1198.1293,0.03,0.02
1376,2419.9488,17.5305,2446.1854,2379.0384,0.00,0.03
1377,1700.1297,995.1618,2455.5869,112.2500,0.00,0.02
1378,2430.9248,3.1722,2437.2559,2426.4787,0.00,0.03
1379,2118.0514,723.0024,2471.8397,440.2013,0.00,0.01
1380,2222.8571,644.7181,2469.9589,101.8178,0.00,0.01
1381,2441.1944,17.3977,2471.8653,2413.4390,0.05,0.02
1382,2432.7580,4.4623,2440.9587,2426.9231,0.00,0.03
1383,2045.5006,862.3656,2471.6441,96.8689,0.00,0.01
1384,2429.8887,18.3066,2446.1060,2367.3030,0.00,0.03
1385,1985.4532,830.6289,2471.2868,96.9660,0.00,0.01
1386,1938.2625,910.9634,2471.8845,97.0062,0.00,0.01
1387,2085.7091,777.2669,2471.7104,324.6886,0.00,0.01
1388,1454.0279,1012.8913,2471.1678,97.0077,0.00,0.01
1389,2159.9886,774.3973,2471.5583,101.9363,0.00,0.02
1390,2433.6145,7.6498,2446.3205,2411.7367,0.00,0.03
1391,1793.1985,888.6408,2471.9358,164.7096,0.00,0.01
1392,2442.6165,14.3920,2471.8234,2417.8498,0.00,0.02
1393,2110.5392,574.5594,2455.7098,674.5722,0.00,0.03
1394,2427.8716,1.9965,2433.7575,2425.8526,0.00,0.04
1395,1741.7394,829.3826,2470.5382,430.3234,0.00,0.02
1396,2148.4598,706.0468,2462.8838,112.2604,0.00,0.02
1397,2427.8881,2.0397,2432.6297,2425.4911,0.00,0.04
1398,2182.9772,734.6144,2471.5459,101.9350,0.00,0.01
1399,2430.0825,77.4147,2471.8758,2133.8363,0.00,0.02
1400,2424.6331,12.8550,2457.7235,2405.0622,0.00,0.03
1401,2195.0098,665.2170,2470.4323,420.3426,0.00,0.02
1402,2435.4444,5.6047,2444.5244,2425.7936,0.00,0.03
1403,2434.4441,6.0678,2443.5349,2425.1801,0.00,0.03
1404,2119.5626,702.4916,2471.9411,460.1697,0.00,0.02
1405,2248.5124,560.8195,2471.4459,319.8338,0.00,0.02
1406,2436.7204,5.5983,2445.7871,2427.4038,0.00,0.03
1407,2374.8858,295.2340,2471.9820,1232.7696,0.00,0.02
1408,2179.7931,643.7287,2447.6284,404.1448,0.03,0.03
1409,2137.9561,688.2221,2471.8820,135.9096,0.00,0.01
1410,2235.5406,431.2893,2438.1162,847.7459,0.41,0.04
1411,2290.8893,559.5111,2471.3344,127.1016,0.04,0.02
1412,2263.0352,428.3269,2439.7861,612.1148,0.70,0.04
1413,2016.8238,746.7031,2410.0837,315.2179,0.10,0.04
1414,2367.4876,25.7350,2416.2350,2326.1778,0.14,0.04
1415,2427.3035,27.2548,2464.1974,2360.5446,0.01,0.03
1416,2100.5533,753.5579,2471.4225,166.4666,0.00,0.02
1417,2440.9926,8.7615,2462.9023,2430.2964,0.00,0.03
1418,2357.4965,355.6199,2471.9020,981.1624,0.00,0.02
1419,2111.1798,521.7410,2443.6664,1168.2496,0.18,0.04
1420,2456.0995,10.8981,2471.9496,2438.3711,0.00,0.01
1421,2431.1684,2.6329,2435.6399,2427.7772,0.00,0.03
1422,2211.0566,655.9739,2469.0795,440.0780,0.00,0.01
1423,2233.1734,542.4237,2471.9188,554.3094,0.10,0.03
1424,2314.0899,572.5194,2471.8907,96.9456,0.00,0.01
1425,1930.5924,912.6899,2470.2363,112.2579,0.00,0.01
1426,2302.8511,500.1610,2461.6367,367.1237,0.04,0.03
1427,2435.8489,28.6309,2470.0442,2387.4936,0.03,0.02
1428,2438.0527,7.3694,2454.5775,2428.5581,0.00,0.03
1429,2414.7268,84.9501,2447.2114,2088.4325,0.04,0.03
1430,2010.0120,780.3007,2470.2658,450.0811,0.00,0.02
1431,2197.4854,651.1504,2471.3128,474.8652,0.00,0.02
1432,2431.6362,2.8809,2436.4493,2425.9290,0.00,0.03
1433,1907.0803,860.6296,2471.9934,127.1014,0.00,0.01
1434,1906.2618,943.3534,2470.8225,50.7086,0.00,0.02
1435,1881.1111,863.1931,2455.8274,101.9134,0.00,0.02
1436,2429.8523,3.8501,2442.7419,2425.7089,0.00,0.04
1437,2227.0954,623.3302,2471.9789,101.9376,0.05,0.02
1438,2125.0467,729.1158,2467.4870,181.8380,0.00,0.02
1439,2068.5406,771.9609,2451.0408,455.0405,0.00,0.03
1440,2427.3644,1.9274,2432.6253,2425.5187,0.00,0.04
1441,1888.4978,860.3798,2466.5219,344.9767,0.09,0.01
1442,1834.5715,946.3617,2471.3657,96.9499,0.00,0.01
1443,2161.9730,628.3383,2471.2595,484.7737,0.00,0.01
1444,2253.2688,555.1936,2472.1239,628.7398,0.00,0.01
1445,1865.1696,889.8305,2470.1876,315.0777,0.00,0.01
1446,1970.8652,844.9390,2471.8567,340.0184,0.01,0.01
1447,2258.1302,361.1119,2471.4359,1300.8423,0.19,0.03
1448,1959.5334,870.4773,2471.8548,226.0043,0.00,0.02
1449,2438.5808,6.7818,2456.8830,2429.0339,0.00,0.03
1450,1787.9449,855.6939,2470.2229,123.6203,0.00,0.02
1451,2184.6343,721.1304,2471.3829,112.2460,0.00,0.01
1452,1975.8727,768.2048,2471.8814,349.9368,0.00,0.02
1453,2431.4754,2.9589,2437.8059,2427.2429,0.00,0.03
1454,1912.3013,961.5716,2471.8761,94.4384,0.00,0.01
1455,1908.8899,854.6903,2471.9130,117.2045,0.00,0.01
1456,2165.7723,766.6432,2471.9228,117.2016,0.00,0.01
1457,2389.5296,243.8681,2471.8822,1446.2471,0.00,0.02
1458,2171.1172,607.6679,2468.9418,603.7673,0.00,0.01
1459,2337.4682,454.0732,2471.8230,579.2165,0.00,0.02
1460,1848.2829,910.5514,2466.3920,127.1095,0.00,0.02
1461,2441.4217,7.1513,2454.5804,2430.0398,0.00,0.03
1462,1473.5950,1053.7964,2468.8533,70.1435,0.00,0.02
1463,2325.0155,448.2683,2452.2640,589.0183,0.00,0.03
1464,2428.8361,2.2210,2433.2734,2425.6867,0.00,0.04
1465,2183.3702,730.2808,2471.8760,189.5311,0.00,0.01
1466,2102.9310,785.6792,2471.1760,107.3075,0.00,0.01
1467,2244.9873,545.5932,2456.1208,464.9530,0.00,0.02
1468,2430.2594,2.6190,2436.0212,2426.5426,0.00,0.04
1469,1922.3745,923.7713,2463.7863,149.9566,0.00,0.01
1470,1737.5203,957.3689,2471.7768,117.2040,0.00,0.01
1471,1900.4769,918.6914,2451.4507,191.4676,0.15,0.03
1472,1862.0897,940.0965,2471.2321,96.8696,0.00,0.02
1473,2441.6259,7.6266,2452.4922,2427.6761,0.00,0.03
1474,1029.7970,1001.7738,2441.5315,137.9177,0.05,0.03
1475,2017.9312,774.1604,2471.7428,504.6285,0.00,0.01
1476,2077.6808,800.4006,2469.9829,122.1561,0.00,0.01
1477,2068.0860,812.8541,2471.5748,222.6319,0.00,0.01
1478,1773.8103,928.8361,2470.4919,101.9379,0.00,0.01
1479,2072.7021,804.2717,2471.3682,289.4242,0.00,0.01
1480,1751.2358,934.4799,2470.1289,192.1514,0.00,0.01
1481,2337.8587,458.3139,2471.4502,563.2159,0.00,0.01
1482,1808.6024,994.6372,2471.8560,96.9491,0.00,0.01
1483,2256.3563,543.4171,2471.8871,489.5256,0.00,0.01
1484,1405.4181,975.8233,2464.1694,171.9830,0.00,0.03
1485,1792.0199,982.0956,2468.4809,97.0770,0.00,0.02
1486,2151.4079,701.3816,2453.1921,269.0284,0.00,0.03
1487,2063.5676,810.0042,2466.7851,103.5324,0.00,0.02
1488,2331.3933,410.7340,2449.2304,740.7948,0.00,0.03
1489,2432.0665,4.4274,2442.3814,2426.4603,0.00,0.03
1490,2312.6171,449.0679,2465.0207,578.9806,0.01,0.02
1491,2411.0008,14.0228,2439.4735,2388.7986,0.01,0.04
1492,2398.6774,179.3778,2471.8839,1707.3375,0.00,0.02
1493,2317.3630,460.3688,2446.1229,534.4732,0.00,0.03
1494,2428.2911,1.9399,2435.0424,2426.1852,0.00,0.04
1495,1903.0901,942.9091,2471.0194,102.0901,0.00,0.02
1496,2428.8992,2.1679,2433.3441,2425.7975,0.00,0.04
1497,1634.1570,943.7973,2471.7925,115.8731,0.00,0.01
1498,2430.2422,9.4416,2448.2201,2411.9902,0.01,0.03
1499,2036.2340,878.2948,2470.1124,101.9288,0.00,0.01
1500,2431.6779,11.9141,2456.6201,2414.4001,0.01,0.03
1501,2160.8666,650.3709,2438.3869,324.2229,0.00,0.03
1502,2400.8098,59.8274,2427.1866,2189.5797,0.00,0.04
1503,2423.6516,5.7653,2429.3330,2405.6144,0.00,0.04
1504,2425.8398,0.3883,2426.7405,2425.3693,0.00,0.04
1505,2013.2397,760.2027,2444.6027,400.9118,0.00,0.03
1506,2425.6851,0.3940,2426.5347,2425.1467,0.00,0.04
1507,2177.2842,698.4189,2452.8957,146.8778,0.00,0.02
1508,2426.9819,1.0398,2429.3887,2425.4531,0.00,0.04
1509,2203.7654,639.4484,2470.0659,499.9118,0.00,0.02
1510,2374.0981,215.3937,2432.1696,1539.9038,0.00,0.03
1511,2426.7240,0.9285,2429.1649,2425.4821,0.00,0.04
1512,1624.8869,752.7522,2457.9104,98.3985,0.00,0.03
1513,1490.2201,894.6406,2436.3859,1.1865,0.00,0.04
1514,2049.7828,727.4782,2417.3606,408.2266,0.03,0.04
1515,2250.6631,541.2468,2415.6604,156.2469,0.01,0.04
1516,2370.4217,47.9052,2412.1521,2194.4749,0.03,0.04
1517,2264.7749,573.3831,2420.9301,44.2848,0.00,0.04
1518,2371.7309,34.9452,2413.8735,2285.5731,0.01,0.04
1519,2278.2500,516.6343,2417.3840,277.4078,0.03,0.04
1520,2404.9817,6.0563,2418.5452,2394.4111,0.00,0.04
1521,2416.2674,4.8068,2422.8700,2402.6680,0.00,0.04
1522,2420.1984,7.2287,2426.5078,2394.8671,0.00,0.04
1523,2153.9644,724.3749,2431.7940,133.4834,0.00,0.04
1524,2281.7378,556.3324,2430.7233,127.0916,0.00,0.04
1525,2302.1902,494.9949,2441.7536,385.1667,0.00,0.03
1526,2296.3743,529.8439,2456.6433,244.5375,0.00,0.03
1527,2423.2275,5.7116,2434.3084,2415.2976,0.00,0.04
1528,2336.8118,435.7279,2468.7143,649.7941,0.00,0.02
1529,2424.9618,2.3891,2429.3916,2419.0982,0.00,0.04
1530,2425.4884,4.9370,2434.6763,2412.4274,0.03,0.04
1531,2433.3634,37.7041,2460.9784,2294.4822,0.00,0.02
1532,2292.9267,541.5066,2446.5302,195.9123,0.01,0.03
1533,2431.8804,9.0025,2452.4540,2416.4966,0.00,0.03
1534,2229.4056,588.7966,2470.2888,369.3729,0.01,0.02
1535,1979.3268,833.8653,2471.8408,356.4909,0.00,0.01
1536,2435.4817,8.2465,2459.8157,2426.8661,0.00,0.03
1537,1952.8375,849.1305,2440.7291,117.2023,0.00,0.03
1538,2429.7138,10.7345,2469.4186,2419.5004,0.00,0.03
1539,2319.8262,486.6408,2471.0619,435.5815,0.00,0.02
1540,2401.4670,93.0195,2437.9820,2041.9993,0.00,0.04
1541,2430.7225,7.0095,2445.3650,2422.7444,0.00,0.03
1542,2077.9326,734.0810,2466.8498,292.1769,0.00,0.02
1543,2209.9420,594.6604,2443.1896,516.5796,0.00,0.03
1544,2427.4611,4.1392,2433.2224,2413.5205,0.00,0.04
1545,2325.0251,417.2396,2444.0365,709.2043,0.00,0.03
1546,2423.8572,5.7053,2428.9075,2405.2465,0.00,0.04
1547,2430.1005,3.9997,2436.8688,2419.9370,0.00,0.03
1548,2453.4255,10.8017,2471.8422,2428.9530,0.00,0.02
1549,2428.3550,3.6282,2439.7234,2423.3691,0.01,0.04
1550,2400.6457,211.3192,2471.8786,1583.7302,0.00,0.02
1551,2425.7224,26.1268,2444.9783,2340.3121,0.14,0.03
1552,2064.2550,812.4589,2470.4205,344.9831,0.01,0.01
1553,2428.0058,6.5557,2439.8336,2417.1940,0.01,0.03
1554,2407.5548,167.4438,2469.0303,1760.5782,0.00,0.02
1555,2055.3030,822.3112,2468.5816,126.6170,0.00,0.02
1556,2112.9530,701.9445,2470.8043,551.1906,0.00,0.02
1557,2430.1761,10.4604,2454.1903,2413.6518,0.00,0.03
1558,2323.5293,506.7417,2471.7735,361.5109,0.00,0.02
1559,2454.1670,15.2106,2471.8475,2427.9098,0.00,0.02
1560,2347.8019,398.5091,2471.1334,805.0442,0.01,0.02
1561,2306.1256,395.3566,2444.0818,782.5753,0.03,0.03
1562,2373.9258,90.4635,2427.3140,2060.9011,0.01,0.04
1563,2385.7748,89.6360,2461.8485,2117.7020,0.01,0.03
1564,2442.1223,9.6699,2460.5505,2418.1005,0.00,0.02
1565,2263.7909,383.6487,2430.9306,962.3090,0.00,0.04
1566,2425.9194,0.7404,2427.2539,2425.0055,0.00,0.04
1567,1923.5397,595.5227,2462.9897,286.8560,0.00,0.03
1568,2426.3443,0.9874,2428.7568,2425.1224,0.00,0.04
1569,1727.0683,958.8871,2471.1202,101.8745,0.00,0.01
1570,2312.6721,564.3807,2471.2144,127.1050,0.00,0.01
1571,2448.7067,11.4893,2470.0353,2423.5150,0.00,0.02
1572,1858.7033,810.6642,2447.2491,346.1512,0.00,0.03
1573,2427.0631,1.0084,2429.7119,2425.3555,0.00,0.04
1574,1920.9011,799.7494,2471.7086,340.0144,0.00,0.02
1575,2249.8062,502.1477,2452.2873,639.9145,0.00,0.03
1576,2435.1962,11.0275,2463.6323,2422.3881,0.00,0.03
1577,2240.9083,560.2114,2467.3365,684.6429,0.00,0.02
1578,2275.4424,466.5218,2458.6922,725.6965,0.00,0.02
1579,1904.1618,837.3288,2471.1984,425.3942,0.00,0.01
1580,2312.8963,477.2987,2471.5287,464.9822,0.00,0.03
1581,1905.9188,954.4762,2468.8120,96.9267,0.00,0.01
1582,2435.3807,6.6067,2447.9009,2424.9158,0.00,0.03
1583,2380.0440,302.8777,2471.7633,1207.7993,0.00,0.01
1584,2176.7511,544.7035,2468.0165,694.5377,0.01,0.03
1585,2313.0932,564.5123,2471.8469,127.1068,0.00,0.01
1586,2163.4223,634.0448,2471.9044,504.8677,0.00,0.01
1587,2458.9587,9.0334,2471.8351,2436.8653,0.00,0.01
1588,2185.6757,694.3636,2456.6966,97.0692,0.00,0.02
1589,2420.2772,13.8834,2430.9058,2388.4567,0.00,0.04
1590,2434.3443,5.8731,2445.5367,2426.7836,0.00,0.03
1591,2304.2435,567.4058,2471.3520,107.1252,0.00,0.02
1592,2434.2179,6.3801,2450.2196,2426.7844,0.00,0.03
1593,1937.6781,898.5072,2471.9432,136.9938,0.00,0.02
1594,2392.1815,215.1761,2471.2789,1559.2990,0.00,0.02
1595,2441.7672,9.1962,2468.8107,2427.6011,0.00,0.03
1596,2429.7357,49.3377,2467.3005,2252.3962,0.00,0.02
1597,2204.8942,662.6590,2471.7679,314.9727,0.00,0.01
1598,2085.8308,762.8242,2471.3786,340.0191,0.00,0.02
1599,2436.1935,6.2446,2449.5571,2427.9452,0.00,0.03
1600,2451.2637,10.9833,2470.9026,2435.5291,0.00,0.02
1601,2082.9120,749.9690,2453.4225,455.0036,0.00,0.02
1602,2430.1857,3.7252,2440.7527,2425.5935,0.00,0.04
1603,2224.7979,620.4024,2472.0061,568.6318,0.00,0.01
1604,1827.2609,892.5931,2438.0905,153.2337,0.01,0.03
1605,2258.1994,540.7805,2450.6314,205.1198,0.00,0.03
1606,2258.3408,446.6299,2439.8493,587.0531,0.00,0.03
1607,2367.0075,327.6243,2465.6326,1099.2617,0.00,0.02
1608,2227.1997,571.4964,2449.3417,315.1885,0.00,0.03
1609,2123.9250,682.2046,2471.8587,101.9376,0.00,0.01
1610,2442.5799,13.8517,2462.2845,2406.9099,0.00,0.02
1611,2443.7206,8.5497,2461.3506,2430.2553,0.00,0.02
1612,1739.5270,812.0716,2435.1263,264.3241,0.03,0.03
1613,2368.8462,255.2407,2455.0930,1380.9808,0.00,0.03
1614,1874.5365,883.3182,2470.8013,127.1033,0.00,0.01
1615,2306.4158,570.4189,2468.7116,97.4573,0.00,0.02
1616,2355.0176,340.8421,2460.5574,1035.6020,0.00,0.02
1617,2351.7140,235.7741,2434.7371,1443.7795,0.00,0.04
1618,2362.3690,315.9429,2467.0456,1139.5507,0.01,0.02
1619,2416.8771,27.8857,2440.4544,2318.3677,0.01,0.04
1620,2433.9535,6.7950,2444.7517,2416.5188,0.01,0.03
1621,2075.3428,709.2488,2468.8789,464.8463,0.00,0.02
1622,2432.5940,3.7132,2439.7018,2427.1195,0.00,0.03
1623,2239.1682,576.7043,2471.8086,588.8754,0.00,0.01
1624,2440.0473,8.4118,2456.3918,2426.4782,0.00,0.03
1625,2298.8710,562.3394,2469.9830,121.4327,0.00,0.02
1626,2433.2040,6.9190,2452.5385,2426.4413,0.00,0.03
1627,2231.2879,532.3471,2471.9232,593.8362,0.00,0.01
1628,2177.0905,546.7505,2442.5666,638.6532,0.00,0.03
1629,1999.3714,703.7110,2435.2665,606.6160,0.01,0.03
0,123.3467,158.8461,547.4973,-56.8326,49.54,0.06
1,150.2435,219.7102,833.9545,-52.5834,22.40,0.08
1630,2218.6654,443.5347,2441.6414,633.3636,0.01,0.04
2,615.9928,661.2871,1528.6624,-73.4670,9.66,0.08
1631,2309.9122,198.2813,2432.3812,1588.9734,2.42,0.04
3,541.7978,770.6836,2121.4417,-54.2258,25.69,0.06
1632,2264.1533,277.0391,2455.4477,1553.2504,2.00,0.04
4,1931.4968,415.4664,2305.5783,551.8249,0.00,0.03
5,1674.8835,932.5298,2443.0576,84.0258,0.00,0.01
1633,2355.3721,151.9949,2435.1383,1806.5099,0.43,0.04
6,2059.8080,695.6270,2449.0166,550.5205,0.00,0.02
1634,2418.8798,17.9407,2433.2298,2375.3994,0.11,0.04
7,1928.0406,870.7217,2394.2910,43.2859,0.00,0.03
1635,2438.8465,11.0252,2471.3455,2426.6383,0.00,0.03
8,2300.5496,96.4803,2411.3224,2117.3734,0.00,0.04
1636,2412.8437,44.1142,2449.9934,2271.6978,0.00,0.03
9,2408.5113,25.4200,2426.5812,2322.4471,0.00,0.04
1637,2437.0922,6.0842,2452.5234,2429.4389,0.00,0.03
10,2426.9109,2.8659,2437.0514,2424.5175,0.00,0.04
1638,2342.3161,400.7218,2468.6464,791.9286,0.03,0.02
11,1431.9040,1029.3084,2444.1621,92.0435,0.00,0.02
1639,2125.5259,730.7949,2471.1722,117.2087,0.00,0.02
12,2429.0106,3.8833,2440.6572,2423.5423,0.00,0.03
13,1690.9339,917.8466,2470.0847,91.8855,0.00,0.01
1640,2427.8750,4.3026,2436.0287,2421.2121,0.00,0.03
14,1653.6525,1044.6100,2470.5765,94.6636,0.00,0.01
1641,1873.9305,896.0284,2468.5712,101.8737,0.00,0.02
15,2190.5817,661.6270,2467.6486,359.7543,0.00,0.02
1642,2437.2125,5.8499,2448.5695,2428.8652,0.00,0.03
16,2061.9323,759.5582,2445.1619,245.6741,0.00,0.03
1643,2290.4127,432.6494,2471.8307,1094.9979,0.00,0.02
17,2054.8426,605.1479,2435.1867,287.9074,0.00,0.03
1644,2297.7966,406.8975,2441.8837,813.8834,0.00,0.03
18,2423.1054,1.7768,2426.0042,2419.6929,0.00,0.04
1645,2451.2949,12.5381,2471.6582,2430.9036,0.00,0.02
19,2314.7871,475.1774,2452.5543,474.5511,0.00,0.03
1646,2426.3639,27.5085,2442.5007,2320.6786,0.00,0.03
20,2301.2449,510.2089,2440.7917,325.2643,0.00,0.03
1647,2431.9289,3.6431,2440.3966,2426.2824,0.00,0.03
21,2393.5159,125.5829,2431.5112,1907.2189,0.00,0.04
1648,2201.3649,671.1471,2470.9164,349.9350,0.00,0.01
22,2426.4122,1.8442,2432.3283,2424.7019,0.00,0.04
1649,2435.6973,8.4113,2448.0360,2414.2070,0.00,0.03
23,1873.7988,901.4521,2470.5166,101.6521,0.00,0.02
1650,2442.5111,5.8906,2453.6199,2431.5272,0.00,0.03
24,2405.9690,63.9451,2438.7160,2186.1308,0.14,0.04
1651,2318.9192,509.7608,2470.1026,344.9843,0.00,0.02
25,2312.1408,337.3362,2451.0988,1278.6765,0.00,0.03
1652,2433.7689,6.7909,2449.8484,2425.4612,0.00,0.03
26,1966.7970,663.8463,2463.0163,615.3595,0.00,0.02
1653,2431.1065,6.9142,2447.4071,2425.1729,0.00,0.03
27,2020.8246,667.5705,2444.6696,386.5439,0.00,0.03
1654,1931.3613,759.0935,2471.7906,574.0578,0.00,0.01
28,2429.5140,3.7571,2441.5578,2425.8527,0.00,0.04
1655,2162.3666,772.1366,2468.3520,107.3084,0.00,0.01
29,2086.5662,760.1126,2466.9458,122.1046,0.00,0.02
1656,2300.3553,563.8362,2470.3260,117.2051,0.00,0.02
30,1840.6724,900.7958,2452.3814,173.6296,0.00,0.02
1657,2428.3949,4.7921,2437.7230,2420.6162,0.00,0.03
31,2430.3938,13.2884,2446.5357,2395.0129,0.00,0.03
1658,2170.7270,719.1840,2468.5606,117.2024,0.00,0.02
32,2340.0017,379.5582,2447.3384,870.1110,0.00,0.03
1659,2428.2369,3.1539,2433.2607,2421.5558,0.00,0.04
33,2234.2808,558.7499,2455.3596,464.8574,0.00,0.02
1660,2326.5405,459.2539,2471.4638,548.3108,0.00,0.02
34,2427.4761,1.5555,2431.7395,2425.8600,0.00,0.04
1661,2437.5584,7.1403,2451.3979,2428.2855,0.00,0.03
35,2192.3245,661.9384,2451.1950,325.2315,0.00,0.02
36,1278.4022,910.9532,2435.7783,221.3130,0.00,0.03
1662,2442.2894,8.8781,2456.1515,2425.6043,0.00,0.02
37,2396.3135,127.7550,2438.4003,1901.7286,0.00,0.04
1663,2366.2664,308.0904,2455.5313,1173.3565,0.00,0.02
38,2221.5492,459.4395,2428.5406,840.9078,0.00,0.04
1664,2432.3600,3.4833,2443.1676,2428.1508,0.00,0.03
39,2299.0661,393.3613,2426.7934,788.8865,0.00,0.04
1665,2309.3503,569.9950,2469.3173,101.9268,0.00,0.01
40,2419.3388,8.0918,2427.9246,2396.1869,0.00,0.04
1666,1881.6174,899.3801,2468.6468,112.2535,0.00,0.01
41,2425.6988,0.8230,2427.9328,2424.8768,0.00,0.04
1667,2171.8691,742.3471,2471.6820,97.0052,0.00,0.02
42,2213.9904,590.5361,2471.8318,499.8088,0.00,0.02
1668,2434.7796,4.4096,2445.6221,2428.8468,0.00,0.03
43,2433.9712,7.5946,2447.6041,2423.3910,0.00,0.03
1669,2331.2718,481.9869,2471.5877,464.9200,0.00,0.02
44,1419.8163,1054.4590,2460.2852,81.5595,0.00,0.02
1670,2077.3646,661.8709,2471.8128,569.0654,0.00,0.02
45,1940.7379,844.3067,2471.7509,92.1315,0.00,0.01
1671,2240.5584,589.4132,2467.2204,135.9796,0.00,0.02
46,2061.6286,827.2412,2471.6222,95.8774,0.00,0.01
1672,2424.7890,6.0543,2437.6771,2417.7051,0.00,0.03
47,2074.2459,751.5244,2461.8189,376.0530,0.03,0.03
1673,2301.7938,565.5152,2469.6494,112.2027,0.00,0.02
48,2155.0752,725.6200,2447.6000,95.1418,0.01,0.03
1674,2317.3199,517.2657,2470.8659,314.7603,0.00,0.02
49,2403.2539,36.6344,2424.7109,2265.1196,0.01,0.04
1675,2307.3527,546.5794,2461.6812,190.8479,0.00,0.02
50,2406.8566,35.3078,2429.0429,2283.1383,0.12,0.04
1676,2435.3329,9.7273,2463.4332,2425.9433,0.00,0.03
51,2427.3541,2.8783,2432.9141,2422.8206,0.00,0.04
52,1493.4258,1073.6969,2471.7435,82.2464,0.15,0.02
1677,2321.6979,461.5439,2465.1417,534.4485,0.00,0.03
53,2230.6944,590.0302,2472.4109,350.9105,0.03,0.02
1678,2431.1477,3.2006,2436.3361,2426.1856,0.00,0.03
1679,2067.9685,807.7798,2467.9071,121.4307,0.00,0.02
54,2436.3411,3.5239,2442.5634,2428.4286,0.00,0.03
55,1056.4059,976.6263,2451.2909,86.9434,0.00,0.02
1680,2439.9610,24.4896,2471.7625,2364.0473,0.04,0.02
56,2426.1350,13.5374,2437.4817,2382.8576,0.00,0.03
1681,2434.6880,5.4757,2444.8705,2427.1837,0.00,0.03
57,2439.1567,6.8512,2452.1243,2428.2946,0.00,0.03
58,39.8386,28.6271,96.5604,-17.4559,0.00,0.02
1682,2441.8578,15.2490,2471.5321,2409.3476,0.00,0.02
59,1613.3909,957.6638,2471.3130,75.9705,0.00,0.02
60,1165.9507,1147.8463,2470.7919,-16.9267,0.00,0.02
1683,1829.7804,954.4772,2469.1999,111.6581,0.00,0.01
1684,1988.4998,787.2109,2453.8431,494.1707,0.00,0.02
61,2134.0392,665.6264,2466.8183,395.5596,0.00,0.02
1685,2429.5785,4.4710,2442.9440,2425.0165,0.00,0.04
62,2426.7581,5.8932,2435.1340,2409.3159,0.00,0.04
1686,1713.3136,972.0892,2471.6120,132.0321,0.00,0.01
63,2208.5125,622.8758,2471.7578,529.0295,0.00,0.02
1687,2356.9170,332.5893,2471.3958,1069.8597,0.00,0.02
64,2433.9651,5.5093,2445.0824,2425.1015,0.00,0.03
1688,2360.3206,227.0017,2434.0911,1481.7429,0.00,0.03
65,2214.7957,667.3461,2472.0472,96.7686,0.00,0.01
1689,2435.7223,15.0993,2467.2723,2408.9823,0.01,0.03
66,2441.9255,14.1342,2468.9894,2425.1854,0.00,0.03
67,1608.5821,1014.6201,2471.5345,75.6444,0.00,0.01
1690,2195.9526,421.1523,2453.4113,1034.3406,0.00,0.03
68,2061.6048,799.0991,2457.4407,115.9426,0.00,0.02
1691,2304.7433,568.8361,2471.0733,101.9252,0.00,0.02
69,2429.8511,10.5121,2467.0040,2411.5834,0.00,0.03
1692,2218.9159,603.1693,2447.4701,122.0356,0.00,0.03
70,2268.8431,604.0634,2471.5181,-47.6175,0.00,0.02
1693,2416.5363,9.8810,2437.0811,2400.5291,0.00,0.04
1694,1792.1062,874.9480,2471.6631,335.0596,0.00,0.01
71,2177.2343,725.0203,2471.6657,92.0977,0.00,0.02
72,1513.8175,957.1167,2439.0323,166.8318,0.00,0.03
1695,2433.5396,19.6749,2472.1401,2388.7646,0.00,0.03
73,1533.2549,1024.9241,2456.2463,126.8263,0.00,0.02
1696,2362.7455,236.2219,2457.1507,1449.6965,0.00,0.03
74,2299.4533,562.0409,2471.8942,123.2255,0.00,0.02
1697,2434.8778,13.8861,2451.7030,2396.8513,0.01,0.03
75,2398.3469,133.8632,2449.5594,1880.5499,0.00,0.03
1698,2231.2147,627.0936,2471.1374,96.9949,0.00,0.01
76,2424.4097,1.5375,2426.4635,2421.0145,0.00,0.04
1699,2437.9296,8.1129,2455.5050,2427.3693,0.00,0.03
77,2424.3928,4.7862,2428.1690,2408.2860,0.04,0.04
1700,2072.0744,797.0561,2471.4633,140.8257,0.00,0.02
78,2424.2116,4.5615,2425.8718,2406.5669,0.00,0.04
1701,2309.5055,505.9992,2453.2523,349.9246,0.00,0.03
79,2425.1445,0.1474,2425.5969,2425.0243,0.00,0.04
1702,2426.6286,2.1181,2433.1352,2424.3204,0.00,0.04
80,2431.2461,2.1002,2435.8610,2428.5923,0.00,0.03
1703,2214.2736,619.9724,2464.4881,488.5072,0.00,0.02
81,2296.3711,567.9400,2471.4419,97.0527,0.00,0.02
1704,2181.5442,694.3440,2456.9030,154.7755,0.00,0.02
82,2427.7184,1.4337,2430.6284,2425.4061,0.00,0.04
1705,2428.1207,3.0001,2436.0705,2425.0237,0.00,0.04
83,2435.1686,8.1081,2456.3483,2425.2189,0.00,0.03
1706,2061.7019,823.9034,2471.2946,106.8311,0.00,0.02
84,1600.1301,1029.8624,2469.3366,46.0694,0.00,0.01
1707,1961.2864,867.1295,2471.4106,335.0609,0.00,0.01
85,1744.6640,975.0880,2471.7630,87.0806,0.00,0.01
1708,2441.8072,13.6996,2464.7957,2413.5795,0.00,0.02
86,2014.6844,773.5039,2471.6124,410.2512,0.00,0.02
1709,2312.4879,465.7775,2440.9591,508.6171,0.00,0.03
87,2074.6025,788.5761,2465.6683,-38.2369,2.86,0.07
1710,2425.6789,0.4415,2426.8465,2425.1286,0.00,0.04
88,2308.3277,507.5881,2470.1653,342.7856,0.00,0.04
1711,2432.6884,9.6922,2452.9487,2404.4071,0.00,0.03
89,2314.0331,464.6659,2444.0315,514.4950,0.00,0.03
1712,1950.2416,877.8808,2471.0376,145.1969,0.00,0.01
90,2426.0212,0.6410,2427.4653,2425.2609,0.00,0.04
91,1553.2024,1035.6628,2471.5359,75.2753,0.00,0.03
1713,2205.9579,627.2062,2463.9467,385.5888,0.00,0.02
92,2339.0776,362.2684,2456.6869,936.3254,0.00,0.03
1714,2424.7986,1.8911,2428.3711,2421.0418,0.00,0.04
93,2429.7178,10.4915,2470.0980,2425.3286,0.00,0.04
1715,2426.2144,17.6620,2457.7404,2366.7959,0.00,0.04
94,2441.5540,10.3882,2469.3358,2429.8510,0.00,0.03
1716,2435.6878,16.2545,2470.7230,2402.0093,0.00,0.03
95,848.3490,984.4369,2454.1730,-36.4558,12.88,0.09
1717,2447.0979,10.8893,2463.6444,2426.5130,0.00,0.02
96,2115.7546,727.6134,2465.3189,-30.3691,0.00,0.02
1718,2432.3055,4.9343,2440.2208,2426.4073,0.00,0.03
97,1756.7522,1024.9647,2459.3680,71.2493,0.00,0.02
1719,2213.3327,654.0456,2470.2392,106.4429,0.00,0.01
98,2433.3329,5.3087,2445.0672,2427.4078,0.00,0.03
1720,2426.8457,9.3567,2444.0966,2396.6600,0.06,0.03
99,2431.8553,33.4025,2471.8069,2321.5884,0.05,0.02
1721,1802.9324,981.6827,2471.5244,122.0941,0.00,0.01
100,2448.8992,7.5315,2463.1988,2435.5623,0.00,0.02
1722,2451.0911,12.5771,2471.7024,2431.4819,0.00,0.02
101,2218.8195,625.4407,2471.9170,549.3308,0.00,0.02
1723,2433.4316,3.6234,2442.5152,2428.9917,0.00,0.03
102,2173.9206,623.9009,2452.1518,81.7750,0.00,0.03
1724,2440.9094,74.6728,2470.6780,2153.4235,0.00,0.01
103,2426.1000,3.0997,2437.9175,2424.6153,0.00,0.04
104,1825.0250,942.9792,2445.0816,104.4523,0.00,0.03
1725,2392.4914,106.4940,2468.0727,2040.4687,0.35,0.02
105,1136.4066,1158.9908,2444.9944,-48.8190,0.00,0.03
1726,2172.5995,639.7043,2464.4377,488.2531,0.00,0.02
106,2427.8924,1.7005,2431.3171,2426.0742,0.00,0.04
1727,2418.3562,84.0975,2451.2974,2095.9245,0.00,0.03
107,2264.0346,556.2942,2471.3808,198.8689,0.00,0.02
1728,2272.6888,406.5880,2453.8531,1011.2541,0.00,0.03
108,2436.5218,7.1359,2451.7224,2428.0516,0.00,0.03
109,659.8697,896.7430,2469.1036,-21.9844,0.00,0.02
1729,2440.8205,6.8452,2451.8132,2428.2874,0.00,0.03
110,1471.0421,1122.2764,2471.5422,76.4917,0.00,0.02
1730,2422.2277,35.1674,2455.9648,2311.4900,0.01,0.03
111,2438.7115,6.1632,2450.1232,2428.9683,0.00,0.03
1731,1780.9363,895.8172,2470.6535,117.1253,0.00,0.01
112,1666.3184,959.8535,2470.1678,87.0736,0.00,0.01
113,891.6602,1071.8098,2471.3387,-16.7955,0.00,0.01
1732,1840.9044,926.9018,2464.1395,122.8516,0.00,0.02
114,1819.3805,952.7023,2471.8905,195.3580,0.00,0.01
1733,2426.5924,6.1328,2436.7927,2409.5848,0.00,0.04
115,2182.2652,571.4074,2471.0948,955.8747,0.00,0.01
1734,1182.8262,764.4105,2462.8666,107.3056,0.00,0.02
116,2235.8633,546.3446,2470.7839,620.6081,0.00,0.03
1735,2201.9444,421.5320,2451.7775,1275.7267,0.00,0.03
117,2302.9992,567.0400,2467.5268,107.0348,0.00,0.02
1736,2430.4685,4.1341,2441.8831,2425.5200,0.00,0.03
118,2318.6076,455.6239,2450.2151,554.1303,0.00,0.03
1737,2271.7393,529.4780,2471.4073,355.0947,0.00,0.02
119,2427.4284,1.3975,2431.2554,2426.1469,0.00,0.04
1738,2338.2514,237.1821,2450.1788,1569.9410,0.03,0.03
120,2298.3629,545.7672,2452.4188,184.8124,0.00,0.03
1739,2430.7914,8.5215,2446.4889,2405.4395,0.00,0.03
1740,1829.1939,942.4388,2471.8049,101.9298,0.00,0.02
121,2430.3802,4.5286,2444.6453,2425.6576,0.00,0.03
1741,1921.9477,858.4550,2471.9334,101.8647,0.00,0.02
122,2035.3765,750.6893,2469.6421,202.9224,0.00,0.01
1742,2132.6080,660.9118,2453.4058,554.3599,0.00,0.02
123,2323.0750,459.3248,2467.2470,544.4993,0.00,0.03
124,202.9159,179.7385,807.8992,71.2145,0.00,0.03
125,706.0978,916.1677,2469.7020,81.3676,0.00,0.03
1743,2259.8256,595.7125,2434.0166,-46.8757,0.00,0.04
126,2017.9405,746.2679,2445.8050,139.2317,0.00,0.03
1744,1346.0014,737.6537,2435.8133,-47.0475,0.00,0.04
127,2133.9565,694.9838,2470.3276,137.8313,0.00,0.03
1745,1941.0278,629.8838,2450.7706,618.4737,0.00,0.03
128,2307.1388,476.5170,2468.7925,462.0454,0.00,0.03
1746,2263.4768,462.9901,2435.2501,616.9347,0.00,0.04
129,2369.2335,261.1704,2462.7174,1358.9147,0.00,0.03
1747,2418.2080,10.3894,2425.4351,2401.9680,0.00,0.04
130,2433.4440,8.2503,2449.9309,2425.3061,0.00,0.03
1748,2425.3403,0.2154,2425.8850,2425.0979,0.00,0.04
131,1961.9797,848.3085,2471.8815,341.4353,0.00,0.02
1749,2274.8420,478.1015,2439.3625,497.1376,0.00,0.03
132,2165.4576,721.6109,2452.1428,201.0876,0.00,0.03
1750,2426.0120,1.4171,2431.2639,2425.2511,0.00,0.04
133,2015.2860,769.5294,2471.8329,107.3075,0.00,0.01
1751,1705.4233,991.1909,2464.5323,166.2626,0.54,0.03
134,2160.1555,776.0482,2471.3902,96.9489,0.00,0.02
1752,2427.5429,1.2998,2430.0296,2425.5590,0.00,0.04
1753,1078.2270,1204.6950,2458.0167,-45.5822,0.00,0.03
135,2307.4016,481.1338,2440.5354,444.0981,0.00,0.03
1754,1984.3732,920.8817,2471.2374,-14.9208,0.00,0.02
136,2342.4732,320.0294,2425.7513,1103.0050,0.00,0.04
1755,2442.7833,8.6471,2471.7072,2430.8121,0.00,0.03
137,2428.2823,4.5346,2437.1786,2425.0762,0.00,0.04
1756,2255.3965,530.8149,2470.7074,608.4188,0.00,0.02
138,2450.5611,10.3455,2471.2819,2436.2367,0.00,0.02
1757,2254.2530,523.2007,2469.3392,623.8744,0.00,0.02
139,2316.7788,454.5632,2452.1299,556.4464,0.00,0.03
1758,2433.3777,3.8517,2439.1455,2426.4301,0.00,0.03
140,2426.7721,1.8212,2431.1041,2425.0458,0.00,0.04
1759,1951.9146,868.8932,2471.7014,166.3306,0.00,0.02
141,2451.0906,10.6358,2471.4353,2433.0475,0.00,0.02
1760,2331.9101,307.9133,2436.2684,1142.5478,0.00,0.04
142,1547.4299,1024.2590,2461.7333,216.2901,0.00,0.02
1761,2261.3481,530.5509,2425.9271,209.5904,0.01,0.04
143,2020.7122,801.9979,2471.1568,311.9675,0.00,0.02
1762,2400.3182,41.6621,2432.8848,2274.8213,0.00,0.04
144,2441.8505,7.0516,2456.9205,2431.1084,0.00,0.03
1763,580.2442,1002.1386,2433.1446,-46.9630,0.00,0.02
145,2286.5528,566.6776,2471.3292,96.9412,0.00,0.02
1764,2417.2172,10.0514,2427.4583,2389.9465,0.00,0.04
146,670.5388,853.3956,2434.9007,113.6753,0.00,0.04
147,2365.7648,318.1940,2469.7820,1134.2172,0.00,0.02
1765,2433.0958,9.8177,2450.7418,2402.7009,0.00,0.03
148,1585.3947,1000.4537,2436.6157,152.6139,0.00,0.03
1766,1842.0875,798.7755,2463.5075,433.2028,0.00,0.02
149,2454.4836,12.2891,2471.8669,2435.1991,0.00,0.02
1767,2325.4559,448.2554,2462.2396,589.7827,0.00,0.03
150,1527.6283,822.2322,2435.0981,281.9583,0.00,0.03
1768,2376.2370,211.4028,2440.0926,1557.5881,0.00,0.03
151,2042.3211,725.8108,2428.2396,277.0167,1.17,0.04
1769,2428.6747,2.5970,2436.3942,2425.5468,0.00,0.04
152,2419.5241,3.9857,2424.5728,2412.0829,0.00,0.04
1770,2182.8656,708.0582,2471.4008,127.0822,0.00,0.02
153,2425.9798,0.8708,2428.0902,2424.4897,0.00,0.04
1771,2041.0240,739.7313,2451.4045,375.5732,0.00,0.02
154,1425.5762,876.3258,2463.5767,96.8712,0.00,0.02
1772,2428.3474,1.6716,2431.6686,2425.9557,0.00,0.04
155,2433.6612,5.1465,2446.1426,2426.3300,0.00,0.03
1773,1935.2979,823.7446,2470.8090,489.9030,0.00,0.02
156,2451.0704,8.4273,2467.5383,2436.9499,0.00,0.02
1774,2107.7201,741.8503,2471.6436,151.5161,0.00,0.01
157,1892.9182,775.7736,2471.8091,118.0928,0.00,0.02
1775,2439.5326,9.6691,2468.8943,2426.3624,0.00,0.03
158,1438.6637,924.3407,2469.9323,136.9989,0.00,0.02
1776,2073.8440,783.6170,2463.0805,316.4474,0.00,0.02
159,2445.4853,9.9838,2471.1800,2431.1414,0.00,0.02
1777,2434.9510,5.8940,2451.1213,2428.1044,0.00,0.03
160,2213.2900,613.9262,2446.8206,210.9271,0.00,0.03
1778,2317.5882,494.9481,2462.7035,400.9850,0.00,0.02
161,2204.9902,654.8273,2471.6559,380.7731,0.00,0.02
162,2215.9727,644.2165,2471.7756,474.9194,0.00,0.01
1779,2426.5590,5.6630,2441.8779,2418.0773,0.00,0.03
163,2082.4336,759.9259,2471.9107,440.1364,0.00,0.02
1780,1973.3710,799.9414,2471.4978,410.8777,0.00,0.02
164,1251.7407,1041.6757,2435.5323,177.0261,0.00,0.03
1781,2381.3234,201.5148,2469.9117,1602.7049,0.00,0.03
165,1704.6461,1111.4993,2470.4810,-47.9609,0.00,0.02
166,1605.0025,1070.2192,2454.7595,-48.1367,0.00,0.03
1782,2427.6081,7.0185,2448.7027,2424.7406,0.00,0.04
167,1961.4072,810.1602,2466.3178,452.9479,0.01,0.02
1783,2318.9952,513.7140,2469.6658,329.5844,0.00,0.02
168,2026.3226,813.1756,2444.4845,87.8453,0.00,0.03
1784,2435.3432,5.3444,2449.1074,2428.5977,0.00,0.03
169,2423.9592,6.1060,2431.0357,2410.7900,0.00,0.04
1785,1942.7756,891.6245,2466.6498,217.4970,0.00,0.02
170,2448.6385,6.3216,2456.8505,2438.7968,0.00,0.02
1786,2132.0311,666.9416,2471.7759,687.5048,0.00,0.02
1787,1486.4238,996.1442,2471.5558,101.9217,0.00,0.02
171,1838.7613,940.7490,2450.4600,171.9941,0.00,0.03
1788,1927.3628,914.5385,2469.1292,121.4064,0.00,0.02
172,2050.1132,823.4649,2465.9456,97.3857,0.00,0.02
173,1814.8588,1066.3541,2450.4404,-42.3046,0.00,0.03
1789,2429.7984,8.4103,2449.5884,2424.9978,0.00,0.04
174,1943.9080,891.5640,2464.1200,96.5074,0.00,0.02
1790,2419.9044,106.1086,2464.0841,2011.4544,0.00,0.02
175,2241.3444,534.7564,2449.7452,548.5060,0.00,0.02
1791,2037.4922,850.5813,2470.6961,130.7114,0.00,0.02
176,1983.9550,746.7998,2432.2115,286.6544,0.00,0.03
1792,2154.6626,599.8584,2443.3618,628.0857,0.00,0.03
177,1807.6733,1063.8476,2431.6530,-39.3364,0.05,0.04
1793,2358.1879,275.3678,2439.6699,1291.7946,0.00,0.03
178,2259.9383,591.0051,2421.8073,-28.5727,0.00,0.04
1794,2425.3486,1.3798,2428.5184,2423.1870,0.00,0.04
179,2420.3323,3.0690,2425.7076,2415.0622,0.00,0.04
1795,2446.4022,10.1419,2468.2818,2434.8440,0.00,0.02
180,2430.3817,7.1364,2446.1511,2423.5619,0.00,0.03
1796,2362.8576,127.9641,2458.8266,2010.1448,0.00,0.03
181,2213.2248,643.8817,2470.1704,101.8558,0.00,0.02
1797,2212.8680,637.7875,2470.7552,503.4420,0.00,0.01
182,1798.8271,955.9851,2460.0066,181.5300,0.00,0.03
1798,2428.5851,16.7220,2465.3461,2396.7230,0.01,0.03
183,2368.4119,286.2441,2471.2679,1260.5937,0.00,0.02
1799,2309.3283,449.7490,2447.3031,568.4672,0.00,0.03
184,2427.8251,2.1035,2434.0510,2425.1311,0.00,0.04
1800,2407.2948,13.0415,2423.3000,2377.5939,0.00,0.03
185,1975.6176,834.7131,2465.2718,100.3628,0.00,0.02
1801,2423.7231,11.5517,2437.8824,2400.1734,0.01,0.04
186,2201.4760,628.8276,2457.4225,534.0961,0.00,0.03
1802,2094.9060,734.0632,2467.4903,434.9557,0.00,0.02
187,2439.1304,9.9856,2466.8911,2428.1556,0.00,0.03
188,1066.3245,994.7967,2463.0972,172.0141,0.00,0.03
1803,2436.5212,7.9985,2460.8972,2427.1065,0.00,0.03
189,2175.3047,718.2949,2463.5684,92.0468,0.00,0.02
1804,2292.5962,562.0384,2466.6511,116.2290,0.00,0.03
190,1883.4203,957.5806,2468.1404,96.8749,0.00,0.03
1805,2408.1880,23.1927,2426.8097,2325.6924,0.00,0.03
191,2366.4029,246.5358,2462.4062,1412.1615,0.00,0.04
1806,2424.4751,5.3244,2433.8476,2411.7054,0.00,0.04
192,2426.0772,2.4263,2435.3349,2425.0616,0.00,0.04
1807,2302.0673,550.3807,2465.2332,171.2614,0.00,0.02
193,2442.9716,16.4222,2470.1307,2425.0459,0.00,0.03
1808,2286.4447,555.9540,2445.7939,133.3687,0.00,0.03
194,2030.4306,829.8881,2470.5307,102.4476,0.00,0.02
1809,2329.8120,383.2180,2442.9273,845.7196,0.00,0.04
195,1913.6264,901.0804,2454.3518,195.9738,0.00,0.03
1810,2426.0080,1.4569,2429.6537,2424.7378,0.00,0.04
196,2382.6228,190.7881,2469.9976,1644.9202,0.00,0.03
1811,2438.6061,9.9253,2466.7809,2430.1419,0.00,0.03
197,2426.2905,2.1192,2434.0120,2425.0666,0.00,0.04
1812,2410.7986,69.0967,2464.4024,2145.6576,0.00,0.04
198,2445.4685,10.4946,2470.4402,2429.2137,0.00,0.02
199,1697.1008,992.1142,2454.4876,191.2701,0.00,0.03
1813,2425.0006,0.0016,2425.0062,2425.0000,0.00,0.04
200,2194.8546,652.6613,2470.4496,333.1027,0.00,0.02
1814,2110.6671,672.2722,2470.0236,607.2262,0.00,0.03
201,2425.5742,1.2379,2429.9153,2425.0123,0.00,0.04
1815,2334.7634,349.6399,2425.3635,980.6138,0.00,0.04
202,2364.3111,271.6606,2454.0000,1312.6210,0.00,0.03
1816,2425.0000,0.0000,2425.0000,2425.0000,0.00,0.04
203,2033.0606,711.9315,2463.3380,541.0276,0.00,0.02
1817,2184.1657,658.0201,2468.9671,296.6481,0.00,0.03
204,2436.6659,7.1465,2453.7582,2428.1591,0.00,0.03
1818,2427.5303,8.7300,2461.2197,2425.0000,0.00,0.04
205,2397.7722,187.0083,2469.4966,1674.6988,0.00,0.02
1819,2438.8200,17.5939,2470.2799,2425.0001,0.00,0.03
206,2225.7975,611.4581,2471.8429,573.7987,0.00,0.01
1820,2443.9347,11.6638,2469.8477,2427.7357,0.00,0.02
207,2389.3943,224.2118,2471.6985,1522.9838,0.00,0.02
1821,2155.2669,429.6489,2435.7475,1149.9849,0.00,0.03
208,2041.6880,815.9493,2467.7482,312.4854,0.00,0.03
1822,2425.0042,0.0149,2425.0553,2424.9812,0.00,0.04
209,2106.4670,682.9315,2429.5020,361.5194,0.00,0.04
1823,2425.1131,0.1135,2425.4237,2425.0029,0.00,0.04
210,2425.0268,0.0292,2425.0913,2425.0016,0.00,0.04
1824,2182.1819,586.6746,2427.4526,385.8968,0.00,0.04
211,2425.0455,0.0318,2425.1154,2425.0032,0.00,0.04
1825,2425.0001,0.0006,2425.0022,2424.9991,0.00,0.04
212,2425.1826,0.1067,2425.4487,2425.0215,0.00,0.04
1826,2425.2994,0.3966,2426.5072,2425.0002,0.00,0.04
213,1586.3894,599.4163,2425.9062,502.1839,0.00,0.04
1827,1451.7928,908.8621,2468.9584,96.9896,0.00,0.02
214,2425.1083,0.3301,2425.3927,2423.9364,0.00,0.04
1828,2304.1699,439.0462,2469.8616,755.6041,0.00,0.01
215,2425.6185,0.4041,2426.5865,2425.1996,0.00,0.04
1829,2312.4094,484.4522,2457.0100,436.4549,0.00,0.03
216,1024.1774,498.9009,2426.7563,346.9460,0.00,0.03
1830,2391.0661,223.6170,2468.8223,1526.2016,0.00,0.02
217,2426.1375,0.4477,2426.7549,2425.2626,0.00,0.04
218,575.8213,284.2390,1342.8336,60.8800,0.00,0.03
1831,2434.3530,6.5346,2449.7543,2425.0567,0.00,0.03
219,2425.6815,0.3345,2426.7000,2425.1810,0.00,0.04
1832,2329.8894,472.3087,2466.1802,501.0421,0.00,0.02
220,901.9965,603.3374,2428.1824,56.0483,0.00,0.03
1833,2429.5545,2.7705,2435.2421,2424.5050,0.00,0.03
221,2425.8612,0.6260,2427.7207,2425.2095,0.00,0.04
1834,2233.2403,608.0446,2471.1564,539.3321,0.00,0.01
222,2381.9386,218.5568,2447.7938,1535.6752,0.00,0.03
1835,2440.6833,7.7650,2454.2199,2427.2692,0.00,0.03
223,2323.5966,477.4066,2469.1926,474.9636,0.00,0.02
1836,2307.2371,506.4356,2463.0351,346.1034,0.00,0.03
224,2318.5988,462.0868,2448.3868,529.0427,0.00,0.03
1837,2427.3718,3.9171,2435.4437,2422.1924,0.00,0.03
225,2428.6039,1.9734,2433.6386,2426.4728,0.00,0.04
1838,1759.5235,1041.6160,2467.8555,101.8788,0.00,0.01
226,1631.0088,1075.3628,2471.3933,96.9619,0.00,0.01
227,1463.8534,1021.5946,2467.2147,92.0405,0.00,0.02
1839,1915.6176,888.3558,2470.9141,96.7301,0.00,0.01
1840,2104.9476,723.4253,2464.3387,505.3337,0.00,0.02
228,2403.6290,102.5572,2435.7157,2006.5239,0.00,0.04
1841,2428.4729,4.1565,2437.3937,2422.8336,0.00,0.03
229,2357.7382,293.2009,2444.2073,1222.3237,0.00,0.03
1842,1754.5691,924.9542,2461.6880,122.0153,0.00,0.02
230,2426.2560,0.9294,2428.6747,2425.1736,0.00,0.04
231,1194.2484,1042.1895,2464.0885,178.1720,0.00,0.02
1843,1983.9463,806.1491,2461.8063,434.2469,0.00,0.02
232,1795.3248,980.9617,2463.1893,96.9594,0.00,0.02
1844,2433.8440,4.1444,2443.9600,2427.8378,0.00,0.03
233,2221.8502,615.1848,2471.8890,524.0108,0.00,0.02
1845,1983.6341,843.3718,2470.8491,154.8863,0.00,0.01
234,1677.0216,1004.7125,2471.7210,158.8356,0.00,0.03
1846,2435.3122,7.0587,2449.4647,2425.4499,0.00,0.03
235,2322.7539,469.5396,2471.1246,504.8183,0.00,0.02
1847,2240.2703,541.1605,2470.5385,710.4019,0.00,0.02
236,2439.9144,14.9135,2469.5661,2425.8085,0.00,0.03
1848,2430.3925,3.9089,2439.9664,2424.2253,0.00,0.03
237,1322.2611,1028.3517,2447.8714,187.0469,0.00,0.03
1849,1750.4032,833.3571,2471.3897,544.1107,0.00,0.01
238,1987.3153,787.1422,2448.9449,385.6922,0.00,0.03
1850,2434.0414,5.8355,2447.9152,2424.3946,0.00,0.03
239,2427.6715,1.6347,2430.7060,2425.3955,0.00,0.04
1851,2191.9809,677.3107,2455.6185,101.8395,0.00,0.02
240,1820.1873,830.7412,2466.9740,377.1903,0.00,0.02
241,1670.8786,1018.6368,2460.1078,101.8742,0.00,0.02
1852,2431.4654,4.8928,2445.9793,2426.5955,0.00,0.03
242,2095.1993,690.6917,2471.0699,435.1497,0.00,0.02
243,593.5316,771.8219,2438.1062,66.7193,0.00,0.03
1853,2111.1602,728.2329,2464.9756,324.6399,0.00,0.01
244,2182.6384,723.2799,2471.7137,143.3039,0.00,0.02
1854,2435.7814,11.7080,2467.1561,2423.1929,0.00,0.03
245,2200.3932,636.7949,2455.4549,445.1542,0.00,0.03
1855,2431.0989,2.5969,2435.5935,2427.2042,0.00,0.03
246,2428.1649,2.4535,2434.8214,2425.7163,0.00,0.04
1856,1941.8018,907.1059,2471.7329,112.2439,0.00,0.01
1857,2265.7964,516.0563,2471.8079,648.2024,0.00,0.01
247,2456.0961,10.4462,2471.7638,2444.0282,0.00,0.01
1858,1647.5401,988.4859,2470.1139,97.0024,0.00,0.02
248,2316.6667,493.2053,2461.2573,406.6404,0.00,0.02
1859,2135.8483,686.4379,2462.4270,101.8438,0.00,0.02
249,2221.9145,616.4267,2471.8113,574.0365,0.00,0.02
1860,2085.4599,756.8123,2453.2583,96.9445,0.00,0.02
250,2053.8342,721.3827,2462.1093,396.5897,0.00,0.02
251,1665.0331,922.9551,2471.2762,101.9305,0.00,0.01
1861,2426.9203,1.3618,2430.5370,2425.4067,0.00,0.04
252,1217.8613,1080.4289,2444.7860,138.2813,0.00,0.03
1862,1993.7146,795.4310,2471.1986,450.0341,0.00,0.02
253,2128.5008,673.6472,2464.9476,584.0221,0.00,0.02
1863,2320.1922,474.1440,2468.7495,484.1137,0.00,0.02
254,2440.6422,10.4419,2468.4934,2427.5771,0.00,0.03
1864,2433.9179,4.3358,2442.3818,2426.8207,0.00,0.03
255,398.1146,778.9382,2451.1329,7.0900,0.00,0.02
256,2136.4900,672.7705,2470.4736,465.2724,0.00,0.02
1865,2453.7012,10.8749,2471.5970,2441.6579,0.00,0.02
257,1971.7131,842.3997,2471.6999,469.8497,0.00,0.01
1866,2322.2632,468.0019,2451.2303,509.7971,0.00,0.02
258,2336.8651,478.2180,2471.5243,485.0410,0.00,0.01
1867,2429.7018,2.7708,2436.8048,2426.3303,0.00,0.04
259,2102.4686,747.3979,2468.9642,255.3953,0.00,0.02
1868,2093.7344,766.5421,2471.8950,205.6530,0.00,0.01
260,1823.7453,943.1062,2471.1508,112.2483,0.00,0.01
1869,2188.1160,716.6891,2471.8240,132.0546,0.00,0.01
261,2037.8650,876.9633,2471.3122,101.9605,0.00,0.01
1870,2308.5682,565.8991,2471.4221,117.3023,0.00,0.02
262,2246.5790,567.1756,2468.7926,509.7465,0.00,0.01
1871,2438.2468,10.5930,2459.7796,2417.1934,0.00,0.03
263,1721.2814,979.8817,2471.9835,96.9540,0.00,0.01
264,1800.8335,965.0932,2469.0453,201.8078,0.00,0.02
1872,2346.3870,345.8859,2451.6457,1007.0296,0.00,0.03
265,2324.5169,490.4452,2465.4691,425.3451,0.00,0.02
1873,2426.9096,1.3037,2430.5913,2425.4396,0.00,0.04
266,2359.1778,352.0695,2463.9332,995.9259,0.00,0.02
1874,2179.1494,714.3464,2468.6285,127.1088,0.00,0.02
267,2316.4969,478.1325,2455.1105,464.9379,0.00,0.03
1875,2437.6705,6.3195,2448.8082,2427.3604,0.00,0.03
268,2427.9919,1.6237,2431.0057,2426.1225,0.00,0.04
1876,2436.9638,5.8476,2453.9860,2428.7933,0.00,0.03
1877,1881.3722,792.0656,2471.9315,464.8660,0.00,0.02
269,2447.5958,9.2105,2469.2885,2436.6450,0.00,0.02
270,566.4263,756.9303,2448.3630,79.9034,0.00,0.03
1878,2435.2962,7.8019,2452.4644,2427.3553,0.00,0.03
271,2165.9766,776.3795,2471.8519,96.9373,0.00,0.01
272,1848.7379,916.9434,2471.6703,106.8083,0.00,0.01
1879,2322.4867,434.8862,2445.5850,638.3435,0.00,0.03
1880,2426.3063,1.7580,2429.6085,2423.2048,0.00,0.04
273,2439.3815,6.4918,2450.2787,2430.1932,0.00,0.03
274,1959.1787,855.4982,2462.6049,157.8881,0.00,0.02
1881,2213.0062,656.0380,2471.8796,250.8340,0.00,0.01
275,2335.7937,474.2388,2471.2881,499.3270,0.00,0.01
1882,2457.8219,9.2917,2470.2136,2442.7121,0.00,0.01
276,2441.3303,7.8193,2454.7999,2429.0715,0.00,0.03
1883,2320.5320,510.1613,2471.1708,345.0806,0.00,0.02
277,1243.5513,1065.9442,2471.3325,196.9508,0.00,0.03
1884,2442.7477,10.1858,2469.2230,2428.7805,0.00,0.03
278,2324.8217,519.0278,2471.8526,314.9765,0.00,0.01
1885,2433.7437,5.4274,2444.8381,2427.2547,0.00,0.03
279,2449.3740,8.1792,2468.8757,2437.1555,0.00,0.02
1886,2445.0116,8.6800,2464.1525,2433.5376,0.00,0.02
280,1947.3865,837.6660,2450.7182,142.9782,0.00,0.03
1887,2366.9692,273.9471,2450.7451,1306.2731,0.00,0.03
281,2312.1274,565.5071,2471.3093,122.1556,0.00,0.01
1888,2428.9274,2.2120,2433.8793,2425.8180,0.00,0.04
283,2220.7391,638.8243,2471.9063,464.9218,0.00,0.01
1889,2285.2333,514.0809,2471.6567,405.4842,0.00,0.01
284,2093.9994,753.9110,2463.8207,328.2444,0.00,0.02
1890,2336.1616,475.5001,2470.9062,494.9667,0.00,0.01
285,1841.8223,969.6271,2471.8809,101.8775,0.00,0.01
1891,2302.8011,565.6651,2463.1021,112.2548,0.00,0.02
286,1956.8363,894.1911,2465.9757,99.3334,0.00,0.02
1892,2432.7356,7.0944,2453.2227,2426.3333,0.00,0.03
287,2182.9851,717.6360,2471.5936,97.0623,0.00,0.02
1893,1815.2004,942.8374,2469.5811,179.0543,0.00,0.02
288,2322.6020,478.4714,2470.0064,469.8713,0.00,0.02
1894,2321.6446,438.0814,2448.2179,625.1165,0.00,0.03
289,2436.6037,4.9473,2446.8066,2430.4826,0.00,0.03
1895,2427.0831,1.5037,2431.4550,2425.6152,0.00,0.04
290,1492.1112,981.2211,2471.8828,316.0143,0.00,0.01
1896,1828.8462,872.2032,2471.8234,96.9429,0.00,0.02
291,2061.1499,805.5032,2467.6317,261.9315,0.00,0.02
1897,2017.5113,786.3297,2471.0507,96.9479,0.00,0.01
292,2037.4246,766.0302,2468.5064,445.0680,0.00,0.02
1898,1708.4074,868.0295,2471.7942,452.6190,0.00,0.02
293,2451.4872,8.8486,2468.6476,2436.8914,0.00,0.02
1899,2455.6941,10.6005,2471.1062,2433.4279,0.00,0.02
294,2442.9231,7.3017,2463.8212,2428.6773,0.00,0.03
1900,1439.2053,776.5137,2439.6955,349.9303,0.00,0.03
295,2185.3289,690.7331,2471.4419,328.9671,0.00,0.02
1901,2425.3326,0.2668,2426.0100,2424.9472,0.00,0.04
296,2309.2117,538.7797,2470.7090,222.7104,0.00,0.02
1902,2432.7338,4.6557,2442.2722,2426.1228,0.00,0.03
297,2326.1742,517.6034,2471.7356,321.8114,0.00,0.01
1903,2059.2430,833.4453,2471.6813,101.8738,0.00,0.02
298,2449.6873,10.7744,2471.6646,2434.5796,0.00,0.02
1904,2428.0026,2.4235,2434.5427,2424.5974,0.00,0.04
299,2430.7621,3.6657,2437.7857,2426.3011,0.00,0.03
1905,2202.5287,670.8149,2470.2810,340.0193,0.00,0.01
300,2304.5236,567.3812,2469.7056,107.3079,0.00,0.02
1906,2439.3726,8.2606,2459.8896,2430.7148,0.00,0.03
301,2296.7846,553.4730,2463.1269,153.3365,0.00,0.03
1907,2183.9326,698.7737,2466.6838,136.9946,0.00,0.02
302,2310.6658,561.3068,2471.1092,136.9955,0.00,0.01
1908,2435.1630,5.2172,2446.3126,2426.7040,0.00,0.03
303,2428.5121,66.9064,2463.3151,2170.8133,0.00,0.02
1909,2458.1550,9.5895,2471.8018,2435.1032,0.00,0.01
304,2443.9777,6.2372,2458.4853,2437.5018,0.00,0.02
1910,2379.6080,234.0824,2447.5156,1473.2747,0.00,0.03
305,1214.1253,871.3388,2468.9122,132.0493,0.00,0.02
1911,2428.4629,2.2705,2432.5231,2425.8817,0.00,0.04
306,2325.4866,474.0349,2455.1246,489.6280,0.00,0.02
1912,2078.6532,674.9050,2471.8453,319.8045,0.00,0.02
307,1726.3704,954.6843,2471.8586,132.0538,0.00,0.01
1913,2045.8756,856.5279,2471.1792,97.0062,0.00,0.02
308,2075.2680,802.9244,2471.1050,122.1539,0.00,0.01
1914,2065.0657,773.7704,2440.8218,324.7767,0.00,0.03
309,2308.8189,515.2470,2451.5746,313.3629,0.00,0.03
1915,2426.0455,1.2919,2429.8704,2425.1456,0.00,0.04
310,2453.1976,6.5250,2471.8357,2446.6590,0.00,0.02
1916,2001.9036,798.8296,2471.6578,425.2516,0.00,0.02
311,2199.3425,562.2690,2469.9428,620.3053,0.00,0.02
1917,2086.0077,754.3060,2463.0001,435.1189,0.00,0.02
312,1796.2067,784.8288,2440.3031,331.6179,0.00,0.03
1918,2435.8279,6.7177,2449.9639,2427.4692,0.00,0.03
313,2427.4058,0.8586,2429.5385,2425.3416,0.00,0.04
1919,2441.9764,8.4552,2455.4132,2427.1631,0.00,0.03
314,2433.4179,2.8024,2437.9837,2428.7456,0.00,0.03
1920,2436.2925,5.1448,2447.7312,2426.9567,0.00,0.03
315,2002.6584,815.5064,2471.8852,97.0330,0.00,0.01
316,2060.6800,845.8721,2472.0150,77.0533,0.00,0.01
1921,2318.0429,478.5290,2451.3991,464.9080,0.00,0.03
317,2052.8409,838.5024,2462.3704,102.0029,0.00,0.02
1922,2339.7282,205.0577,2428.5036,1575.6033,1.42,0.05
318,985.2946,984.2702,2446.7847,113.9127,0.00,0.03
1923,2421.1130,5.1486,2425.8142,2409.6938,0.04,0.04
319,1946.1708,915.1070,2471.5633,96.9577,0.00,0.01
320,2128.0618,705.6513,2469.1244,96.8786,0.00,0.01
1924,2424.2184,0.9394,2425.8757,2422.4227,0.00,0.04
321,1964.0629,794.0438,2455.9532,225.9851,0.00,0.03
1925,2439.6939,8.6792,2457.9741,2427.6165,0.00,0.03
322,1828.5968,954.7592,2470.8871,106.7493,0.00,0.01
1926,2313.6191,488.9135,2451.8758,420.2799,0.00,0.03
323,2012.5482,783.5783,2470.1243,102.0018,0.00,0.02
1927,2429.2020,3.7683,2438.2534,2425.6881,0.00,0.04
324,1895.5393,838.9304,2470.2760,489.7018,0.00,0.02
1928,2303.0466,559.4072,2471.5796,136.9967,0.00,0.02
325,2182.0341,571.4960,2450.3325,560.9192,0.00,0.03
1929,2431.1932,4.9304,2439.3898,2420.6321,0.00,0.03
326,2426.6905,0.8715,2428.5768,2425.2954,0.00,0.04
327,1771.1407,939.4492,2464.5590,92.0502,0.00,0.02
1930,2002.6506,824.8289,2471.7345,96.9306,0.00,0.01
328,2314.9620,486.7013,2464.9946,430.2760,0.00,0.03
1931,2443.1739,10.0811,2465.9685,2429.6916,0.00,0.02
329,2429.4867,3.4901,2438.1338,2425.7562,0.00,0.04
1932,2374.8114,229.8020,2445.1120,1485.0779,0.00,0.03
330,2066.6924,822.4585,2471.3493,87.1272,0.00,0.01
1933,2430.3848,3.0484,2436.4681,2425.7385,0.00,0.03
331,1695.3113,962.3093,2450.4683,133.5628,0.00,0.03
1934,2240.3907,598.5653,2471.5966,217.5088,0.00,0.01
332,1917.8670,941.6193,2471.2216,87.1311,0.00,0.02
1935,2215.2728,620.5431,2468.6593,415.5941,0.00,0.02
333,2327.3608,450.1651,2455.6693,584.1490,0.00,0.02
1936,2421.1730,41.2916,2447.9835,2262.5447,0.00,0.03
334,2429.6892,3.4943,2439.5017,2425.4756,0.00,0.04
1937,2435.1647,5.6639,2449.4143,2428.3883,0.00,0.03
335,1546.7372,932.3428,2463.8788,309.8283,0.00,0.02
1938,1509.0240,878.1696,2471.2240,112.2478,0.00,0.02
336,1925.0299,845.8422,2470.2422,304.5125,0.00,0.02
1939,2045.9006,849.8852,2465.8915,117.1939,0.00,0.02
337,2145.7278,699.1833,2471.2333,194.0864,0.00,0.02
338,1797.1638,993.9105,2471.8914,92.1272,0.00,0.01
1940,2440.8345,9.9314,2468.3096,2428.4626,0.00,0.03
339,2073.8993,795.8563,2467.4087,324.5410,0.00,0.02
1941,2008.6635,819.1504,2447.3318,96.9467,0.00,0.02
340,2312.7416,515.8266,2465.3972,315.1763,0.00,0.02
1942,2427.0081,1.5041,2430.3734,2425.4720,0.00,0.04
1943,1813.8618,889.5663,2470.6109,122.1113,0.00,0.02
341,2431.6650,4.1330,2442.7148,2426.7452,0.00,0.03
1944,2026.0099,741.1582,2464.8972,528.4885,0.00,0.02
342,2177.1961,745.1347,2470.1103,96.9294,0.00,0.01
1945,2433.5810,6.0243,2449.3094,2427.3214,0.00,0.03
343,2191.2861,681.5911,2456.7409,373.2157,0.00,0.02
1946,2440.5366,9.0682,2457.0417,2426.5776,0.00,0.03
344,2240.8472,585.8891,2471.8276,428.4265,0.00,0.01
345,2088.3716,762.3246,2471.2351,116.4900,0.00,0.02
1947,2438.6019,7.9446,2463.7165,2429.5651,0.00,0.03
346,2330.9141,405.9712,2449.4571,758.7131,0.00,0.03
1948,2368.7566,316.3136,2468.1143,1144.2826,0.00,0.02
347,2427.5949,1.3579,2430.5082,2426.3059,0.00,0.04
1949,2423.4159,16.4391,2439.7389,2368.2579,0.00,0.03
348,2177.8301,631.1161,2453.4090,101.9088,0.00,0.02
1950,1967.4958,784.4875,2471.7640,394.4695,0.00,0.01
349,2432.9666,2.6808,2437.3227,2426.8106,0.00,0.03
1951,2292.6220,557.9156,2455.5871,132.0512,0.00,0.03
350,1996.7147,825.8561,2471.8350,102.3887,0.00,0.01
1952,2424.0179,1.7113,2427.2580,2421.2728,0.00,0.04
351,2194.9502,704.9291,2471.3957,324.9975,0.00,0.01
1953,2152.5828,646.0215,2471.0058,370.8349,0.00,0.02
352,1830.7357,863.5229,2469.4134,304.6268,0.00,0.02
1954,2429.1176,3.7578,2437.9605,2423.2776,0.00,0.03
353,1435.6062,1064.3210,2470.2101,92.0362,0.00,0.01
1955,2079.4271,788.8627,2470.2505,107.2970,0.00,0.02
354,2080.1680,768.9140,2467.6885,450.0498,0.00,0.02
1956,2428.6333,3.2292,2434.9958,2424.6388,0.00,0.04
355,2329.2013,431.1544,2470.1773,659.7548,0.00,0.03
1957,2134.9549,740.1545,2471.8375,101.8697,0.00,0.01
356,2429.8901,2.8718,2436.5016,2425.8494,0.00,0.04
1958,2231.9259,600.3432,2471.6925,549.4646,0.00,0.01
357,2335.0462,481.6648,2471.3418,469.9874,0.00,0.01
1959,2452.0660,9.0339,2467.8038,2436.3622,0.00,0.02
358,2370.6559,318.0089,2470.3931,1139.5764,0.00,0.02
1960,2064.1684,715.1809,2466.1963,395.3072,0.00,0.02
359,2127.7436,703.4249,2445.8911,270.3279,0.00,0.03
1961,2428.7042,2.5210,2434.3528,2426.0370,0.00,0.04
360,1946.8181,889.6738,2464.4302,97.4848,0.00,0.02
361,1718.6674,924.3074,2438.4441,337.6310,0.00,0.03
1962,1949.1904,885.5957,2470.0406,146.8756,0.00,0.01
362,2261.6050,536.2853,2471.5297,402.2596,0.00,0.02
1963,2436.4589,10.8472,2470.3751,2423.2106,0.00,0.03
1964,1887.9788,856.8218,2470.0326,112.0487,0.00,0.02
363,2442.9972,8.6027,2462.8801,2431.8037,0.00,0.03
1965,1960.0806,846.3821,2468.7583,400.1240,0.00,0.02
364,2198.9854,673.7260,2470.0289,341.6462,0.00,0.02
365,1361.3173,1027.7093,2464.8847,90.9178,0.00,0.02
1966,2314.4849,512.5728,2463.3845,329.5445,0.00,0.02
366,2312.7844,500.6430,2454.6608,374.0434,0.00,0.03
1967,2218.6766,576.0221,2450.0646,483.6583,0.00,0.03
367,2321.8076,477.7929,2471.0800,471.9352,0.00,0.02
1968,2425.6179,5.8406,2443.4400,2415.7639,0.00,0.04
368,1981.7036,870.5605,2469.5339,164.5734,0.00,0.02
1969,2325.5134,514.0736,2469.2266,334.8083,0.00,0.01
369,2315.3768,459.8887,2444.2464,534.3619,0.00,0.03
1970,2337.5927,459.8477,2469.9988,557.0672,0.00,0.01
370,1968.0385,826.9494,2469.7718,102.4476,0.00,0.03
1971,2205.0096,668.0732,2471.5853,96.7634,0.00,0.02
371,2427.4094,5.0511,2446.8129,2425.3538,0.00,0.04
1972,2436.9205,8.3607,2456.7190,2427.4870,0.00,0.03
372,2319.0565,482.2841,2455.9655,451.4123,0.00,0.02
1973,1979.9151,713.1220,2462.3075,336.2108,0.00,0.03
373,1493.6339,1011.4195,2471.5536,127.1938,0.00,0.02
1974,2426.6024,1.9944,2433.7705,2425.1420,0.00,0.04
374,2081.8690,757.0446,2471.7992,178.5578,0.00,0.03
1975,2441.3192,7.3421,2463.3293,2430.0431,0.00,0.03
375,2283.7738,441.9195,2466.4781,656.6027,0.00,0.03
1976,2443.9636,8.2296,2463.0099,2431.7099,0.00,0.02
376,2425.6610,0.4105,2426.6839,2425.0054,0.00,0.04
1977,2212.4572,603.4777,2453.9655,434.3855,0.00,0.02
377,2425.8940,0.9436,2428.5352,2425.0111,0.00,0.04
1978,2427.1599,6.4621,2446.4167,2419.3239,0.00,0.03
378,2168.4467,407.3539,2433.2790,1247.9437,0.00,0.04
1979,2335.9220,469.1191,2470.7855,519.2918,0.00,0.01
379,2425.9453,0.8885,2428.4959,2425.2384,0.00,0.04
380,1292.5222,1148.7748,2457.5377,66.0179,0.00,0.02
1980,2078.4855,682.4795,2470.8408,469.4944,0.00,0.02
381,2327.0764,327.0070,2433.7519,1082.7767,0.00,0.04
1981,2204.4967,649.3030,2470.3411,484.2327,0.00,0.02
382,2426.6561,1.2439,2429.6814,2425.4435,0.00,0.04
1982,2440.8393,6.2540,2454.3333,2431.4872,0.00,0.03
383,1874.0712,807.5072,2471.7899,326.3387,0.00,0.02
1983,2100.1996,740.6602,2469.9827,112.2252,0.00,0.02
384,1550.2361,948.0586,2471.3806,127.1339,0.00,0.01
1984,2428.9654,4.4066,2436.1177,2422.4610,0.00,0.03
385,2413.2593,167.0971,2469.9532,1766.6100,0.00,0.01
1985,2152.8106,771.2850,2455.5238,112.2428,0.00,0.02
386,1034.0671,979.2741,2448.9113,-21.8921,0.00,0.02
387,2181.5173,696.4608,2463.9443,335.0513,0.00,0.02
1986,2428.8589,2.1764,2435.4172,2426.1758,0.00,0.04
1987,2096.1987,742.3906,2471.6396,469.2898,0.00,0.02
388,2395.6867,232.6094,2470.5288,1495.8494,0.00,0.01
389,1851.1130,923.5098,2450.6822,211.8791,0.00,0.03
1988,2350.3666,353.8723,2453.6644,980.0717,0.00,0.03
390,1476.8962,1012.5924,2471.0843,50.9355,0.00,0.02
1989,2431.4909,5.2447,2449.7720,2427.0287,0.00,0.03
391,1758.8798,920.2326,2471.6761,141.6669,0.00,0.02
392,665.6732,864.6051,2463.2501,109.1221,0.00,0.03
1990,2112.2577,721.8105,2466.2101,323.3188,0.00,0.02
393,1037.1102,978.1798,2462.3112,108.9803,0.00,0.03
1991,2440.5984,12.0883,2463.7426,2424.1209,0.00,0.03
394,2429.0183,4.4050,2439.5351,2425.8352,0.00,0.04
395,1020.1659,981.0278,2446.8297,111.3439,0.00,0.03
1992,2431.7972,4.5519,2438.4251,2426.3078,0.00,0.03
396,2343.0874,336.2229,2460.7575,1041.3919,0.00,0.03
1993,2445.0344,10.0696,2471.6134,2430.0826,0.00,0.02
397,2426.4224,0.7907,2427.9394,2425.3481,0.00,0.04
398,413.3997,571.3114,2448.5188,65.8831,0.00,0.02
1994,2319.1449,472.4717,2451.9878,489.4043,0.00,0.03
399,770.3475,1004.1261,2467.1545,-22.0058,0.00,0.02
400,916.6861,1041.5065,2447.5297,12.4203,0.00,0.02
401,944.9478,936.0052,2443.7958,17.4949,0.00,0.03
1995,2432.4406,4.8081,2446.5100,2426.0548,0.00,0.03
402,233.6978,576.8019,2467.5071,75.0169,0.00,0.02
403,393.7218,790.5774,2469.6538,-22.0695,0.00,0.02
404,629.4930,895.5811,2469.1548,51.6284,0.00,0.02
405,581.1666,912.0622,2468.5162,-22.1001,0.00,0.02
1996,2454.5499,10.8346,2471.7411,2431.6445,0.00,0.02
406,800.8902,782.2183,2432.8223,84.7300,0.00,0.03
407,1489.9440,1074.3443,2439.7399,80.4761,0.00,0.03
1997,2441.0184,5.8871,2449.5189,2427.6017,0.00,0.03
408,1278.8718,1045.1569,2438.5637,80.2060,0.00,0.03
409,1113.8101,1167.5891,2443.4797,75.1595,0.00,0.03
1998,2442.5498,8.7432,2461.8542,2429.9313,0.00,0.02
410,1763.7631,998.1635,2443.7796,211.9709,0.00,0.03
1999,2447.8214,9.5392,2471.7787,2435.2069,0.00,0.02
411,1556.9437,1138.0986,2445.7234,81.4145,0.00,0.02
412,1286.9394,904.1522,2430.7488,264.9375,0.00,0.03
2000,2436.7191,9.3322,2455.4296,2425.4601,0.00,0.03
413,1849.0687,1018.3769,2443.1659,81.1985,0.00,0.03
2001,2436.9519,6.1170,2447.0321,2428.3853,0.00,0.03
414,1572.2356,886.6726,2435.0927,79.8638,0.00,0.04
415,1445.2298,1109.9704,2444.5208,79.8062,0.00,0.03
2002,2436.6252,9.6311,2461.7425,2426.4529,0.00,0.03
416,1286.4324,1165.5401,2469.0821,-22.3028,0.00,0.02
2003,2301.0199,560.2976,2464.7557,131.3084,0.00,0.02
417,1313.5786,999.6279,2428.2009,235.0549,0.00,0.04
418,1625.4674,925.0447,2427.7895,312.5366,0.00,0.04
2004,2434.3978,7.3667,2454.3683,2425.1770,0.00,0.03
419,1938.2130,804.7841,2432.7036,317.6751,0.00,0.04
2005,2051.0236,860.2725,2471.2891,97.0088,0.00,0.01
420,1045.4166,882.5508,2428.5841,207.9824,0.00,0.03
421,1706.1166,978.4098,2445.9654,-17.2071,0.00,0.03
2006,2439.6274,13.2816,2471.9156,2413.3666,0.00,0.03
422,2052.7495,717.4181,2429.3137,293.5769,0.00,0.04
2007,2035.9757,756.4595,2465.1380,107.3080,0.00,0.02
423,2133.1725,657.9975,2444.1205,303.0891,0.00,0.04
2008,2432.9104,4.0469,2437.8301,2425.6726,0.00,0.03
424,2202.5742,495.8628,2440.2397,890.4549,0.00,0.04
2009,2091.7546,769.0090,2471.2510,116.5591,0.00,0.01
425,2344.9734,353.7238,2470.3910,975.5521,0.00,0.03
2010,2041.4437,860.2618,2466.2343,92.1184,0.00,0.02
426,1536.7150,1081.3853,2444.5379,2.3328,0.00,0.03
2011,2248.3682,506.4748,2450.1462,872.4424,0.00,0.03
427,1033.9994,972.3504,2445.0128,79.7161,0.00,0.03
428,594.6944,626.3225,2448.1717,81.9731,0.00,0.03
429,1006.7680,1124.4995,2466.2725,72.2344,0.00,0.02
2012,2427.8398,2.3484,2433.0709,2425.4900,0.00,0.04
430,962.4691,904.5195,2458.2159,81.9750,0.00,0.02
431,1103.0287,1184.4888,2451.9208,-2.1767,0.00,0.02
2013,2270.6296,545.0408,2471.8432,314.9730,0.00,0.01
432,1164.5388,978.1251,2453.4254,128.9775,0.00,0.03
433,689.5625,722.8970,2454.5806,81.8931,0.00,0.02
2014,2192.3908,703.1743,2471.9085,127.1030,0.00,0.01
434,734.0542,1040.4352,2470.2755,-21.9647,0.00,0.01
435,1995.2353,830.5572,2453.7492,86.8945,0.00,0.02
2015,2433.9787,8.1811,2452.5274,2426.0028,0.00,0.03
436,1342.7387,974.4311,2439.4950,207.1195,0.00,0.03
2016,2439.0470,7.6290,2455.6702,2430.3304,0.00,0.03
437,1279.6573,1172.0668,2469.5967,-2.2556,0.00,0.02
438,1166.6750,862.4381,2451.0415,207.0438,0.00,0.03
439,514.9437,924.4791,2439.0450,-2.5141,0.00,0.02
2017,2443.6484,12.7246,2468.4736,2428.7380,0.00,0.02
440,445.9579,496.1182,2220.4391,187.3916,0.00,0.03
441,1043.7662,806.9355,2436.5412,75.2103,0.00,0.03
442,864.4937,966.3563,2442.8660,80.5235,0.00,0.02
2018,2437.7400,5.6461,2452.4326,2429.2660,0.00,0.03
443,737.2519,696.0835,2429.6079,231.2750,0.00,0.03
2019,2226.3367,633.3597,2471.6402,97.0075,0.00,0.01
444,1828.5763,877.3154,2441.1900,80.8469,0.00,0.03
445,1476.5746,949.7853,2432.9974,74.8283,0.00,0.04
2020,2442.1734,9.6735,2460.9759,2430.5571,0.00,0.02
446,1479.3962,984.8229,2439.5369,74.8513,0.00,0.03
447,1524.4393,943.0791,2436.3983,86.4464,0.00,0.03
2021,2443.5788,8.8987,2467.6514,2432.4350,0.00,0.02
448,1617.5099,793.4563,2435.8732,308.5010,0.00,0.03
2022,2423.2461,18.1201,2455.4179,2381.6914,0.00,0.03
449,718.6923,1009.4847,2470.6688,22.8715,0.00,0.01
450,1406.5362,1185.8010,2471.8667,7.9945,0.00,0.02
2023,2221.1397,611.6830,2467.8471,549.4197,0.00,0.02
451,1689.7959,836.9898,2439.7073,293.3278,0.00,0.03
452,28.6382,68.1790,171.6299,-27.1072,0.00,0.02
2024,2446.5248,8.0281,2464.1477,2432.2393,0.00,0.02
453,2099.0953,741.6771,2470.8050,86.7209,0.00,0.02
454,1461.2597,1149.8574,2470.8494,-21.9213,0.00,0.02
2025,2437.1415,19.7019,2471.6868,2380.6135,0.00,0.03
455,398.7443,208.6717,1045.6487,259.3660,0.00,0.04
456,964.3110,607.5034,2426.5373,341.6697,0.00,0.04
2026,2444.0548,7.4891,2454.9479,2429.6084,0.00,0.02
457,982.9151,771.2945,2427.1583,312.6371,0.00,0.04
458,1154.9627,734.3560,2426.7284,240.7705,0.00,0.04
459,944.2166,631.5961,2433.2573,80.0984,0.00,0.04
2027,2434.2684,11.5188,2451.3103,2403.9955,0.00,0.03
460,1517.7489,973.3372,2441.7405,80.0319,0.00,0.03
2028,2446.6658,9.1220,2465.1886,2436.4573,0.00,0.02
461,2122.3162,689.8022,2443.3194,318.2626,0.00,0.03
2029,2433.2810,7.5796,2459.1502,2426.0838,0.00,0.03
462,1277.1702,1168.5072,2471.4282,2.3591,0.00,0.02
463,888.1826,582.1387,2430.7542,289.0095,0.00,0.04
2030,1736.3935,916.5349,2459.1509,330.0850,0.00,0.02
464,1879.8111,822.5726,2431.8141,79.9377,0.00,0.04
2031,2427.9664,2.3876,2435.0934,2425.0080,0.00,0.04
465,1840.9481,922.1930,2435.7070,80.8283,0.00,0.03
2032,1788.7342,948.8037,2471.7522,112.2528,0.00,0.01
466,930.2351,720.9100,2433.6814,217.7847,0.00,0.03
467,961.7580,1138.4217,2434.4143,75.3519,0.00,0.03
2033,2299.2343,568.5972,2463.8283,97.4828,0.00,0.02
468,1278.2637,766.4411,2431.9674,235.0340,0.00,0.04
469,1705.5665,1091.4491,2450.5492,80.9356,0.00,0.02
2034,2433.6777,8.3637,2457.1571,2425.0352,0.00,0.03
470,1786.7933,862.1729,2438.7131,226.0811,0.00,0.03
2035,2429.3790,2.8380,2435.3357,2425.0389,0.00,0.03
471,1671.3290,999.5916,2449.9129,86.4998,0.00,0.03
472,1289.7468,943.5901,2435.7046,216.9456,0.00,0.03
2036,2438.9289,8.5690,2455.6278,2426.7761,0.00,0.03
473,2036.4073,631.5377,2444.1427,857.2961,0.00,0.03
2037,2431.9002,5.5304,2449.5355,2426.9190,0.00,0.03
474,808.2452,1109.0310,2471.0180,12.3078,0.00,0.02
475,1462.5224,752.7472,2436.9362,813.3417,0.00,0.04
2038,2381.8632,308.8469,2471.8360,1186.1787,0.00,0.01
476,1157.8557,896.9692,2440.6910,254.5830,0.00,0.03
477,698.7844,1020.1826,2466.9413,7.3236,0.00,0.02
478,1163.1906,1125.4678,2471.5723,81.1790,0.00,0.02
2039,2450.6025,8.3010,2466.7808,2431.5144,0.00,0.02
479,1473.4248,934.4272,2440.8447,81.2396,0.00,0.03
2040,2056.8101,730.8550,2470.2414,340.0250,0.00,0.02
480,1519.2942,907.4039,2440.3164,80.1469,0.00,0.03
2041,2428.7739,2.9218,2435.3295,2426.3228,0.00,0.04
481,1640.7084,907.4580,2441.5156,81.2155,0.00,0.03
482,1003.1584,1117.4498,2445.9382,81.3393,0.00,0.02
483,841.8171,770.7583,2433.9815,205.9988,0.00,0.03
2042,2452.6696,9.3513,2469.2245,2436.8010,0.00,0.02
484,662.0285,1039.4903,2471.6575,-12.3677,0.00,0.02
485,1665.4637,792.2484,2440.9602,80.9612,0.00,0.03
2043,2299.0350,556.9962,2462.1491,141.9366,0.00,0.02
486,1371.8438,875.7496,2444.8518,80.5639,0.00,0.03
2044,2432.0407,5.6495,2450.0250,2426.8938,0.00,0.03
487,1462.6696,888.0288,2442.5017,80.2526,0.00,0.03
488,1211.2749,1111.7057,2450.8199,81.2742,0.00,0.02
2045,2307.9970,559.3989,2471.8206,141.9371,0.00,0.02
489,1456.8009,865.2619,2451.5185,282.4440,0.00,0.03
490,833.2915,1093.3742,2470.9968,32.4144,0.00,0.02
2046,2427.1936,11.2134,2444.2722,2402.5104,0.00,0.03
491,1179.8081,1107.4414,2446.4503,81.2301,0.00,0.02
492,642.1564,472.8747,2185.0431,274.4218,0.00,0.03
2047,2264.1460,558.5753,2471.8421,344.9631,0.00,0.01
493,1056.5971,1102.7148,2466.6483,52.3281,0.00,0.02
2048,2451.7261,13.7969,2471.7674,2427.2992,0.00,0.02
494,2161.5884,648.7750,2446.3996,86.2211,0.00,0.03
495,1371.9613,834.9259,2440.7013,86.7713,0.00,0.03
2049,2428.5646,1.8252,2432.3051,2426.4285,0.00,0.04
496,1551.3421,919.3586,2439.9286,75.0154,0.00,0.03
2050,2449.1228,3.5880,2454.4199,2441.1801,0.00,0.02
497,1982.4671,912.7716,2446.4336,86.3519,0.00,0.03
498,1241.5110,911.9097,2434.6038,239.6044,0.00,0.04
2051,2449.5263,9.8243,2467.6085,2430.0224,0.00,0.02
499,1849.7302,1020.3425,2444.8220,75.8792,0.00,0.03
500,1068.0258,835.5650,2435.1478,220.4057,0.00,0.04
2052,2301.7052,561.6259,2469.0749,126.8786,0.00,0.02
501,792.1291,1115.1177,2471.0659,-31.8429,0.00,0.03
502,1304.5723,1067.7963,2438.3669,74.6958,0.00,0.03
2053,2440.1541,8.4481,2463.8556,2428.2787,0.00,0.03
503,1160.8698,1017.5243,2437.7950,79.8927,0.00,0.03
2054,2439.2547,11.7376,2459.8709,2419.4783,0.00,0.03
504,1753.3306,882.3022,2437.9802,80.5906,0.00,0.03
505,1687.5965,961.5620,2436.0894,79.6396,0.00,0.03
2055,2437.9500,6.2690,2449.8869,2426.4648,0.00,0.03
506,1947.4171,874.7534,2445.3908,91.6243,0.00,0.03
2056,2445.6300,14.3411,2471.5913,2426.8701,0.00,0.02
507,1868.0381,782.9347,2433.3772,86.0894,0.00,0.03
508,1579.8344,822.1730,2439.6267,74.8319,0.00,0.03
2057,2440.0919,3.3425,2446.5149,2435.5704,0.00,0.03
509,825.1316,1090.8466,2444.3109,-17.0503,0.00,0.02
510,396.1065,282.2994,837.4510,-17.4728,0.00,0.04
2058,1734.5587,954.6628,2471.0865,183.8355,0.00,0.01
511,589.2055,865.8626,2433.2019,-17.4943,0.00,0.04
512,1988.9344,911.5248,2448.3688,86.5729,0.00,0.02
2059,2439.0932,6.4365,2451.0727,2431.2091,0.00,0.03
513,1292.1574,979.1249,2436.0411,86.9523,0.00,0.03
514,468.8858,910.3491,2436.8995,-17.2368,0.00,0.02
2060,2437.8909,13.8537,2467.7343,2401.3844,0.00,0.02
515,620.8443,588.6890,2155.7322,229.6744,0.00,0.04
516,1130.7182,509.1002,2063.4726,278.3760,0.00,0.04
2061,2429.4563,15.6007,2442.0846,2372.2236,0.07,0.03
517,1256.9872,672.9935,2425.5127,327.0914,0.00,0.04
518,1143.6016,1032.0277,2425.8925,-17.5374,0.00,0.04
2062,2117.5647,719.9288,2471.6881,315.0486,0.00,0.01
519,1110.2219,915.7927,2426.1683,74.6222,0.00,0.04
520,1472.8105,700.9725,2425.6039,870.2003,0.00,0.04
2063,2293.1061,506.0981,2450.3794,339.9984,0.01,0.03
521,1309.4368,1032.1187,2427.3908,74.6243,0.00,0.04
2064,2319.6310,354.4737,2427.9274,954.1566,0.01,0.04
522,1508.8147,820.1689,2426.2798,326.8562,0.00,0.04
523,1060.1298,1043.1645,2426.2402,-17.5424,0.00,0.04
2065,2338.3472,331.0557,2429.1094,1056.2511,0.03,0.04
524,1453.9309,795.5795,2425.8065,288.1641,0.00,0.04
525,1144.2551,779.1229,2427.8535,79.4756,0.00,0.04
2066,2425.7020,4.5886,2435.7205,2416.8970,0.00,0.04
526,765.6655,743.2580,2427.1857,74.7800,0.00,0.04
527,1108.3209,906.9690,2425.4152,74.6202,0.00,0.04
2067,1858.7221,879.3844,2471.8136,504.9010,0.00,0.02
528,1517.8919,880.5187,2426.0684,74.6110,0.00,0.04
2068,2317.5570,531.2451,2470.2801,260.5302,0.00,0.02
529,2022.8607,709.9602,2425.4836,350.9314,0.00,0.04
2069,2187.9512,711.4852,2471.8448,112.2722,0.00,0.01
530,1846.5474,732.3213,2425.2116,735.1959,0.00,0.04
2070,2426.9789,15.3890,2463.2876,2408.1869,0.00,0.03
531,2165.1911,495.2085,2425.4443,807.2190,0.00,0.04
532,841.3555,828.4929,2416.4714,74.6045,0.00,0.04
2071,2425.5828,17.4472,2442.7620,2366.9777,0.01,0.03
533,1218.0967,803.7733,2424.2919,330.0959,0.00,0.04
2072,1821.3586,954.7430,2471.8787,117.2721,0.00,0.02
534,1339.3064,836.4014,2431.3892,74.7285,1.89,0.05
535,2198.0514,430.3687,2425.3246,821.1017,0.11,0.04
2073,2411.6561,39.0294,2466.8630,2275.7799,0.39,0.03
536,1794.2866,716.3703,2425.4703,301.9552,0.10,0.04
2074,2072.4030,643.0918,2457.6216,683.8642,0.01,0.02
537,2408.5328,42.4476,2425.2834,2246.8674,0.01,0.04
2075,2417.2488,5.2048,2429.6245,2408.3393,0.00,0.04
538,2129.4879,776.6736,2425.2089,74.6049,0.00,0.04
2076,2436.6871,15.7092,2468.3601,2405.1250,0.01,0.03
539,1542.7212,1136.5640,2424.2187,74.6106,0.00,0.04
2077,2210.2931,610.3090,2466.2237,529.7555,0.00,0.03
540,2319.3107,402.9007,2424.4620,758.8960,0.00,0.04
2078,2428.1664,2.8927,2437.7461,2425.3497,0.00,0.04
541,2424.0116,1.2290,2424.8734,2419.3752,0.01,0.04
2079,2380.4852,301.5761,2471.2444,1212.9337,0.00,0.01
542,2278.4907,567.7795,2428.0705,79.4956,0.00,0.04
2080,1823.7168,946.9881,2466.3410,111.8253,0.00,0.02
543,2426.1652,2.5112,2431.8821,2421.3085,0.00,0.04
2081,2443.1243,5.8775,2454.8141,2432.4734,0.00,0.02
544,2037.4237,703.6984,2442.8745,318.3786,0.01,0.03
2082,2161.0360,675.9739,2468.6187,241.7177,0.01,0.02
545,2426.2955,3.0311,2436.5947,2423.1807,0.00,0.04
2083,2326.9344,274.5305,2420.9420,1265.1679,0.01,0.04
546,1552.2794,850.9555,2471.3076,97.4900,0.02,0.02
547,1611.8108,891.5509,2470.1373,86.9807,0.00,0.02
2084,2395.1920,18.7885,2421.2571,2344.2461,0.00,0.04
548,1700.3221,921.4739,2446.5813,78.9426,0.00,0.03
2085,2410.1907,9.4797,2426.2867,2387.2681,0.00,0.04
549,1855.6647,1020.4658,2451.9601,86.7931,0.00,0.02
2086,2433.5081,13.5250,2458.1271,2414.4113,0.00,0.03
550,1843.0839,885.9910,2445.4314,319.3848,0.00,0.03
551,1243.2058,1108.1850,2471.4357,80.8151,0.00,0.02
2087,2295.4773,513.9702,2471.4205,334.9204,0.00,0.02
552,1514.1580,1026.2952,2466.0289,86.7913,0.00,0.02
2088,2203.6723,478.2941,2448.1928,1009.8585,0.00,0.03
553,2199.9315,582.5731,2441.4815,434.8612,0.00,0.03
2089,2438.8942,5.1541,2447.3850,2430.9220,0.00,0.03
554,2288.7872,568.5762,2450.5651,87.0784,0.00,0.03
2090,2311.6814,515.7582,2469.6116,315.3179,0.00,0.02
555,2208.7972,473.8422,2391.0555,393.7851,0.00,0.04
2091,2441.7526,14.7702,2466.5748,2413.5160,0.00,0.02
556,2060.3753,318.9611,2368.0803,1202.4422,1.26,0.06
2092,2224.1283,595.2475,2465.5228,593.7188,0.00,0.02
557,1807.2053,900.0355,2415.7300,219.3428,0.00,0.04
2093,2435.0463,5.8067,2445.8307,2425.3077,0.00,0.03
558,1825.7062,1009.8368,2431.8680,75.6576,0.01,0.03
2094,2049.2406,826.8848,2468.9986,97.0010,0.01,0.02
559,2407.4579,4.2389,2413.4904,2396.5579,0.04,0.04
2095,2354.7338,240.3167,2425.4458,1424.1676,0.00,0.04
560,2415.5620,3.6419,2423.6103,2407.4172,0.00,0.04
2096,2408.4549,15.4926,2418.2824,2355.4745,0.08,0.04
561,2426.6462,6.0681,2437.9858,2417.3680,0.01,0.04
2097,2419.5006,6.3493,2437.5730,2409.7217,0.01,0.03
562,2093.3545,785.1325,2470.6926,92.3781,0.00,0.02
2098,2348.4806,435.4068,2471.3728,662.4760,0.00,0.01
563,2238.7107,539.0128,2453.5952,278.6196,0.00,0.03
564,1749.6842,935.9577,2470.0630,86.9273,0.02,0.02
2099,1993.2649,833.8523,2471.7832,127.1187,0.00,0.01
2100,1905.3994,843.4785,2471.3195,305.1809,0.00,0.01
565,2057.7628,706.1497,2439.7928,1.6662,0.00,0.03
2101,2089.0190,724.5542,2458.1102,122.1941,0.00,0.02
566,2424.4342,1.3239,2428.4630,2422.2075,0.00,0.04
567,1284.0878,1151.6692,2446.7964,45.8843,0.00,0.03
2102,2435.5273,7.0686,2451.2552,2428.1768,0.00,0.03
568,2106.4341,665.5861,2436.2139,699.1595,0.32,0.04
2103,2436.0304,12.6470,2461.6421,2420.4667,0.00,0.03
569,2425.5549,1.6837,2429.7807,2424.0463,0.00,0.04
2104,2435.4257,9.5578,2453.0720,2412.5726,0.00,0.03
570,1430.3580,1053.5189,2447.0171,74.7219,0.00,0.03
2105,2302.1330,510.5957,2457.2584,325.0108,0.01,0.02
571,1721.0104,956.3876,2453.3558,86.9075,0.00,0.03
2106,2349.7635,270.1517,2424.7088,1303.5333,0.01,0.04
572,2322.2447,404.3902,2437.7319,756.1378,0.00,0.04
2107,2400.4302,44.0098,2427.2957,2248.3116,0.00,0.04
573,2427.8662,5.1146,2440.0642,2421.9301,0.00,0.04
574,1481.5057,956.6129,2470.6581,86.7715,0.00,0.02
2108,2419.4776,4.5287,2428.2891,2410.0849,0.01,0.04
575,1700.9648,1015.7045,2448.6397,75.1352,0.00,0.03
2109,2273.2909,470.3201,2471.2149,549.0527,0.00,0.02
576,2433.4114,3.9176,2440.0713,2425.8276,0.00,0.03
2110,2439.0986,12.2736,2463.5926,2423.4463,0.00,0.02
577,1377.9114,1068.0614,2463.9979,87.1259,0.00,0.02
2111,2303.0539,566.9556,2456.8235,107.3339,0.00,0.02
578,2438.0350,10.3583,2469.4503,2426.5007,0.00,0.03
579,1806.3845,780.2164,2439.4075,677.9822,0.00,0.03
2112,2434.9284,8.3258,2456.1133,2425.2316,0.00,0.03
580,2424.8527,1.5634,2430.4307,2423.7528,0.00,0.04
2113,2253.6163,448.1832,2439.9188,1041.5731,0.00,0.03
581,2261.4646,461.5762,2443.3235,918.6836,0.01,0.03
2114,2444.2836,11.7107,2471.1129,2425.7395,0.00,0.02
582,2426.9452,3.3035,2434.3836,2420.9127,0.00,0.04
2115,2436.9488,19.7079,2469.5088,2370.5962,0.01,0.03
583,1269.5947,933.2319,2447.5060,92.2390,0.00,0.03
2116,2201.6967,592.4293,2469.9770,520.0726,0.01,0.02
584,2200.5091,639.6641,2441.6516,112.2595,0.00,0.03
2117,2430.9285,13.6427,2446.0158,2397.3379,0.00,0.03
585,2424.3294,0.8226,2427.2963,2423.7964,0.00,0.04
2118,2439.4492,11.2230,2464.6040,2425.6482,0.01,0.03
586,2304.9804,357.3600,2440.1929,1115.8314,0.00,0.03
2119,2299.5491,509.9987,2462.1758,324.9925,0.00,0.03
587,2424.8399,1.5571,2426.3912,2419.8426,0.01,0.04
2120,2413.0246,4.3525,2424.1630,2405.9544,0.00,0.04
588,2432.6207,3.3960,2438.0700,2426.3538,0.00,0.03
2121,2038.7909,869.0893,2465.4844,90.0079,0.00,0.01
589,1796.3220,992.5941,2471.0834,86.9069,0.00,0.02
2122,2431.8603,13.6764,2464.3598,2411.4252,0.00,0.03
590,2017.2202,812.4065,2453.8528,102.4324,0.00,0.03
2123,2182.0698,710.4823,2465.0082,96.9973,0.00,0.02
591,1856.5636,720.5224,2422.7301,572.3618,0.00,0.04
2124,2431.4215,3.8325,2441.6963,2426.7785,0.00,0.03
592,2299.4089,464.4363,2425.2229,500.6774,0.00,0.04
2125,2397.6477,213.9493,2471.1906,1570.9050,0.00,0.02
593,2415.7066,2.7767,2421.8505,2409.7880,0.00,0.04
594,1746.1731,955.7718,2419.0314,180.4646,0.00,0.04
2126,2352.0733,355.9743,2470.8736,974.6751,0.00,0.02
2127,1671.2088,1063.5264,2442.8037,89.7882,0.00,0.03
595,2416.6839,2.6768,2420.6981,2410.1710,0.01,0.04
2128,2416.6303,6.6672,2428.9956,2405.4346,0.00,0.04
596,2417.9732,2.2451,2422.3572,2412.8894,0.00,0.04
2129,2425.3984,2.4816,2429.6425,2420.3601,0.00,0.04
597,2420.6594,2.4406,2424.9866,2415.5059,0.00,0.04
598,2318.4339,398.2909,2424.8293,775.8710,0.00,0.04
2130,2426.8347,1.6409,2429.9310,2425.1180,0.00,0.04
599,2421.8935,4.2921,2426.6011,2408.7793,0.00,0.04
2131,2428.5456,9.2689,2442.7436,2404.3191,0.00,0.03
600,2098.3218,538.2239,2428.0331,739.7534,0.00,0.04
2132,2435.2235,5.9776,2447.1128,2425.8633,0.00,0.03
601,2350.5977,282.9200,2429.6721,1254.9003,0.00,0.04
2133,2429.0301,3.9994,2442.2191,2425.6571,0.00,0.04
602,2271.9568,509.9319,2426.9934,311.9561,0.01,0.04
2134,2438.1411,13.4578,2470.4392,2418.7013,0.00,0.03
603,2421.8077,3.1723,2426.1997,2417.1112,0.00,0.04
2135,2384.0936,195.3366,2441.2007,1627.7406,0.00,0.03
604,2427.8106,2.0813,2431.2656,2423.8532,0.00,0.04
2136,2426.4938,1.6098,2432.2163,2425.4640,0.00,0.04
605,2331.5306,367.6570,2451.7854,907.9699,0.00,0.03
2137,2442.4056,7.5160,2464.0750,2432.4741,0.00,0.03
606,2425.1208,5.2698,2434.3756,2414.5405,0.00,0.04
2138,2447.6245,14.0303,2471.8255,2427.5838,0.00,0.02
607,1609.9564,1083.6308,2468.9316,87.0630,0.00,0.02
2139,2435.3723,4.6768,2446.0124,2428.6042,0.00,0.03
608,2102.5463,742.5709,2470.0714,86.8819,0.00,0.02
2140,1881.0416,996.6687,2471.3221,97.4840,0.00,0.01
609,2428.7480,4.2282,2438.3766,2421.8462,0.00,0.03
2141,2303.0934,567.2431,2465.2193,106.6897,0.00,0.02
610,2226.3225,611.4542,2451.5010,86.9713,0.00,0.02
2142,2282.4400,560.0761,2453.7595,113.6420,0.01,0.03
611,2217.4401,561.8923,2444.4824,298.1910,0.00,0.04
2143,2440.9764,16.3211,2470.8104,2409.7119,0.01,0.02
612,2421.0274,5.0070,2430.5184,2412.3116,0.01,0.04
2144,2438.0957,5.5459,2449.2729,2429.8679,0.00,0.03
613,2421.2556,4.4792,2429.0470,2408.5422,0.01,0.04
2145,2184.8677,711.8511,2471.1802,92.0355,0.00,0.02
614,2422.1379,2.7030,2427.0279,2416.6309,0.01,0.04
2146,2408.7269,12.0417,2430.1900,2377.5812,0.03,0.04
615,2435.3758,6.8119,2449.4097,2425.4367,0.00,0.03
2147,2437.4214,13.4324,2471.8460,2413.6201,0.01,0.03
616,1698.6931,742.7649,2452.0599,730.0316,0.03,0.03
2148,2321.5023,465.2202,2453.2428,519.8386,0.00,0.03
617,2279.3676,565.5205,2431.0084,89.1306,0.00,0.04
2149,2430.4704,5.6031,2449.1203,2425.5928,0.00,0.03
618,2425.8799,2.3753,2431.6172,2423.3992,0.00,0.04
619,1663.8545,733.4565,2444.0082,586.4432,0.00,0.03
2150,2448.6241,16.7417,2471.4842,2416.3608,0.00,0.02
620,2428.5788,2.7953,2434.2072,2424.9118,0.00,0.03
2151,2438.4705,8.2732,2465.8895,2429.3401,0.00,0.03
621,1736.2350,954.5496,2471.4899,87.1117,0.00,0.02
2152,2440.1028,22.4295,2470.4136,2390.4441,0.00,0.02
622,1723.0932,865.2555,2471.5692,87.1564,0.00,0.02
2153,2432.6841,4.2472,2444.5030,2426.0347,0.00,0.03
623,2426.9062,2.6882,2434.9666,2424.2813,0.00,0.04
2154,2329.5936,460.0359,2468.9459,549.5394,0.00,0.02
624,1640.7281,920.3061,2443.8329,429.7717,0.00,0.03
2155,2285.1456,560.8713,2471.8409,116.5450,0.00,0.02
625,2236.8878,507.4647,2444.5280,763.1358,0.00,0.03
2156,2344.8741,75.4612,2439.5522,2193.1396,0.01,0.04
626,2429.4730,6.4887,2441.8630,2415.0835,0.00,0.03
627,2280.3218,475.1365,2440.5548,477.2937,0.00,0.03
2157,2394.0869,51.6820,2441.3911,2274.3571,0.01,0.03
628,2215.4238,461.5371,2417.8808,698.3105,0.00,0.04
2158,2426.9445,8.5961,2448.7404,2417.5260,0.00,0.03
629,2298.7685,453.3281,2425.5331,543.0845,0.01,0.04
2159,2020.3159,763.2352,2471.2096,514.1760,0.00,0.02
630,2414.6052,3.3894,2425.1735,2410.3132,0.00,0.04
2160,2438.1202,7.7903,2454.7785,2427.2248,0.00,0.03
631,2304.2902,455.9733,2426.3848,538.4583,0.00,0.04
2161,2436.7437,12.0744,2464.7349,2422.6765,0.00,0.03
632,2313.6801,412.7953,2425.5769,715.0641,0.00,0.04
2162,2272.1050,452.9630,2465.0944,976.1422,0.00,0.02
633,2425.2160,0.1933,2425.8696,2425.0627,0.00,0.04
2163,2428.4681,2.4850,2435.0342,2426.1514,0.00,0.04
634,2352.5796,292.1234,2434.7297,1221.2375,0.00,0.04
2164,2448.5638,13.1118,2469.6449,2427.8449,0.00,0.02
2165,2073.1586,799.4953,2464.3135,97.4805,0.00,0.02
635,2426.2053,0.5323,2427.3222,2425.2035,0.00,0.04
636,1991.4019,771.3964,2448.8780,380.3947,0.26,0.04
2166,2272.0186,499.9699,2453.6624,430.9843,0.00,0.03
637,1643.7125,1054.6281,2456.9635,87.3614,0.00,0.02
2167,2435.9046,5.4293,2444.1940,2424.4870,0.00,0.03
638,2299.1538,413.8346,2439.3656,726.2093,0.00,0.03
2168,2043.1562,747.5539,2471.8127,435.0080,0.00,0.02
639,1981.4360,831.1647,2471.5523,240.0078,1.05,0.02
2169,2089.0566,776.5881,2471.2596,444.9662,0.00,0.01
640,2077.0584,774.0912,2446.0137,87.3322,0.00,0.03
2170,2316.4983,514.2919,2470.0110,325.0401,0.00,0.02
641,2437.1890,5.6603,2447.8953,2427.7438,0.00,0.03
2171,2341.8256,377.0002,2463.4040,882.2001,0.00,0.03
642,1178.4603,776.5995,2455.7748,92.4149,0.29,0.04
643,792.3413,953.0260,2446.4067,76.8533,0.39,0.03
2172,2424.9222,1.1119,2427.5864,2422.7560,0.00,0.04
644,1495.1046,982.2844,2453.3866,59.8305,0.07,0.03
2173,2445.0471,10.3463,2470.3734,2427.7497,0.00,0.02
645,2130.0190,792.2812,2432.6242,4.3313,0.00,0.03
2174,2321.2407,465.4704,2469.2133,518.8733,0.00,0.03
646,2280.0169,580.3127,2435.1489,32.5018,0.00,0.04
647,1776.9702,975.3116,2435.7717,79.5479,0.00,0.04
2175,2430.4103,3.1438,2437.8021,2426.2661,0.00,0.03
648,2280.0237,575.8274,2432.5336,49.8656,0.00,0.04
2176,2323.8979,485.1760,2469.3289,445.0875,0.00,0.02
649,2425.7673,1.3947,2429.1369,2422.3218,0.00,0.04
2177,2202.9605,647.7522,2466.1765,464.8606,0.00,0.02
650,2302.3649,490.0631,2434.4532,404.3908,0.00,0.03
2178,2438.8600,6.7758,2450.8892,2429.1675,0.00,0.03
651,2425.2172,0.9187,2427.2652,2424.1267,0.00,0.04
2179,2431.1062,19.8804,2465.2832,2391.2869,0.00,0.03
652,1302.9036,959.0769,2467.2846,107.1541,0.01,0.03
653,1038.1403,1088.1649,2448.1251,62.9055,0.00,0.03
2180,2441.9091,9.9082,2462.8179,2429.0920,0.00,0.03
654,807.1775,973.8603,2459.1273,19.3857,0.00,0.02
655,714.5506,860.8599,2464.7956,3.3171,0.35,0.03
2181,2423.2356,7.2608,2431.5685,2403.5663,0.00,0.04
656,920.8004,906.6682,2461.8030,82.3485,0.03,0.03
657,630.1687,563.1537,2408.1503,62.6931,0.01,0.04
658,931.5956,944.7858,2470.9261,51.9243,0.10,0.02
2182,2429.7588,5.1910,2443.5421,2423.3070,0.00,0.03
659,659.3244,744.5238,2467.0515,84.6726,0.00,0.02
660,1005.5774,1072.2432,2471.0384,56.7906,0.09,0.02
2183,1557.5432,1045.5883,2471.7699,106.8699,0.00,0.01
661,1459.2964,1103.5904,2442.8651,86.9779,0.00,0.03
2184,2316.4866,470.6190,2458.6095,494.0496,0.00,0.03
662,2433.5544,3.6094,2441.8648,2429.7079,0.00,0.03
2185,2424.6900,0.7777,2426.4491,2423.2351,0.00,0.04
663,1915.7933,688.6280,2449.5532,650.1986,0.00,0.02
2186,2430.5743,7.0546,2448.1845,2424.6147,0.00,0.03
664,2435.6115,10.7906,2450.8589,2403.6576,0.00,0.03
2187,2207.9961,610.0129,2461.6984,439.8606,0.00,0.03
665,2437.5605,6.5467,2453.8868,2428.6623,0.00,0.03
2188,2427.0444,1.7141,2430.6415,2425.0011,0.00,0.04
666,1213.1972,762.2372,2434.0556,147.9824,0.03,0.03
667,1617.0694,825.7368,2444.2941,420.4315,0.00,0.03
2189,2325.2659,518.6680,2471.8883,317.0568,0.00,0.01
668,2429.3951,2.0730,2433.5559,2425.3405,0.00,0.03
2190,2441.1987,10.0652,2469.4662,2430.4998,0.00,0.03
669,1221.5275,785.0787,2467.4044,181.3121,0.00,0.03
670,1445.0384,923.3472,2467.1005,92.4191,0.00,0.02
2191,2433.3414,10.0751,2471.5052,2425.0104,0.00,0.03
671,2185.7535,612.3742,2443.5465,340.1327,0.00,0.03
2192,2442.8633,11.5404,2469.8290,2421.6873,0.00,0.02
672,2431.7688,4.3981,2444.6331,2427.0018,0.00,0.03
2193,2042.7904,680.6990,2431.0909,666.2856,0.00,0.04
673,787.9613,703.8758,2464.7720,82.3990,0.00,0.02
674,1219.9892,1006.4577,2458.4134,82.3818,0.00,0.02
2194,2425.0059,0.0037,2425.0140,2425.0008,0.00,0.04
675,2330.3159,406.5994,2442.8745,755.7393,0.04,0.03
2195,2107.6822,683.3138,2425.0975,317.1256,0.00,0.04
676,2433.1417,4.4943,2443.5119,2426.9794,0.00,0.03
2196,2425.0757,0.0185,2425.0961,2425.0234,0.00,0.04
677,1474.7024,1008.2875,2464.2322,92.1937,0.00,0.02
2197,2425.0430,0.0211,2425.0940,2425.0130,0.00,0.04
678,1487.4555,1029.4027,2465.1064,67.4172,0.00,0.02
2198,2425.0146,0.0265,2425.0918,2425.0000,0.00,0.04
679,2285.9461,555.0136,2432.4938,136.3983,0.00,0.03
2199,2425.0726,0.0146,2425.0967,2425.0523,0.00,0.04
680,2426.4137,1.2617,2428.9199,2424.9785,0.00,0.04
681,1401.4437,753.6553,2429.2415,207.0234,0.00,0.03
2200,2425.0462,0.0223,2425.0909,2425.0000,0.00,0.04
682,2428.1333,1.8053,2432.2604,2425.3866,0.00,0.04
2201,2425.0321,0.0192,2425.0758,2425.0084,0.00,0.04
683,1244.3714,861.5492,2431.9383,97.4875,0.00,0.03
2202,2425.0073,0.0127,2425.0432,2424.9992,0.00,0.04
684,2426.1834,1.7706,2428.6381,2420.9197,0.01,0.04
2203,2425.0239,0.0127,2425.0555,2425.0087,0.00,0.04
685,2025.9978,703.8077,2432.3806,593.0543,0.00,0.03
2204,2425.0437,0.0163,2425.0639,2425.0125,0.00,0.04
686,2424.1703,0.8729,2424.8676,2420.9502,0.00,0.04
2205,2425.0214,0.0168,2425.0486,2425.0000,0.00,0.04
687,2424.2892,0.2837,2424.9681,2423.7918,0.00,0.04
2206,2425.0535,0.0137,2425.0757,2425.0250,0.00,0.04
688,2429.6534,2.8154,2433.6978,2425.8881,0.00,0.03
689,1114.9925,1049.8999,2460.3753,101.6150,0.00,0.02
2207,2425.0710,0.0200,2425.0999,2425.0370,0.00,0.04
690,1190.3046,893.0527,2453.4293,116.7063,0.00,0.03
691,1790.3383,737.7946,2458.2747,764.5954,0.00,0.03
2208,2425.0314,0.0188,2425.0854,2425.0114,0.00,0.04
692,2426.9864,8.5649,2433.1612,2395.4646,0.00,0.03
2209,2425.0371,0.0169,2425.0712,2425.0076,0.00,0.04
693,2322.3569,434.5164,2438.4254,639.5231,0.00,0.03
2210,2426.6321,2.9923,2433.9210,2425.0120,0.00,0.04
694,2425.0008,9.4063,2432.3893,2389.6393,0.00,0.04
2211,2431.4420,2.9628,2436.2567,2425.8759,0.00,0.03
2212,1545.2435,976.3822,2469.8254,101.9304,0.00,0.01
695,2233.6099,519.2553,2436.9142,739.1756,0.00,0.03
2213,2440.6938,6.6716,2451.2692,2431.2180,0.00,0.03
696,2423.0480,1.7720,2425.2714,2417.9509,0.00,0.04
2214,1579.7169,755.7280,2471.8886,420.7895,0.00,0.02
697,2424.4026,0.3410,2425.0161,2423.2603,0.00,0.04
2215,2435.3801,5.9014,2446.8636,2426.2393,0.00,0.03
698,2425.2074,0.7013,2426.6451,2424.0734,0.00,0.04
2216,2439.2452,12.1067,2469.7670,2424.4713,0.00,0.03
699,2209.8965,599.1562,2442.1147,444.4598,0.01,0.03
2217,2435.4034,5.1859,2450.2051,2428.4238,0.00,0.03
700,2427.1721,1.5420,2429.6920,2425.0859,0.00,0.04
701,969.7489,1136.8273,2438.0643,12.2998,0.00,0.02
2218,2091.6887,768.8172,2471.9344,400.5526,0.00,0.01
702,2425.3950,0.5021,2426.3872,2424.6124,0.00,0.04
2219,2407.8801,20.0236,2432.9057,2351.0076,0.00,0.03
703,2016.3585,874.8652,2434.9173,-22.0073,0.00,0.03
2220,2091.3576,774.7692,2471.4210,111.6700,0.00,0.01
704,2425.3420,1.7876,2429.2155,2420.3670,0.00,0.04
2221,2278.9299,560.6421,2470.0576,112.3481,0.00,0.02
705,1798.4327,1021.2540,2445.5252,-17.4632,0.00,0.03
2222,2403.7448,19.6079,2422.1711,2357.1789,0.00,0.04
706,2427.4646,2.9366,2431.1794,2418.6628,0.01,0.04
2223,2443.2205,8.5091,2467.6957,2432.5747,0.00,0.02
707,1971.8228,826.6572,2454.0057,21.5906,0.00,0.03
2224,1630.9959,862.6743,2469.4516,282.0091,0.00,0.02
708,2320.4056,431.0746,2442.7572,650.9159,0.00,0.03
2225,2432.7328,12.2087,2471.7920,2413.3899,0.00,0.03
709,2428.8535,3.1650,2435.9515,2424.5369,0.00,0.04
2226,1695.9525,723.9927,2471.1177,593.5981,0.00,0.03
710,1400.6844,1057.3183,2450.9258,97.1942,0.00,0.02
2227,2390.6412,150.5939,2433.2861,1807.4638,0.00,0.04
711,2432.7034,5.3871,2443.8247,2426.6554,0.00,0.03
2228,2322.8548,281.0054,2429.5518,1447.6941,0.00,0.04
712,1563.0056,1101.0187,2451.4499,-21.8606,0.00,0.02
2229,2425.2321,0.1409,2425.6592,2425.0814,0.00,0.04
713,2197.9331,618.9419,2440.3152,215.1978,0.00,0.03
2230,2428.4036,2.1175,2432.0738,2425.0190,0.00,0.04
714,1988.7625,879.3619,2426.6405,80.6384,0.09,0.04
2231,2220.2361,619.2397,2471.7556,292.3805,0.00,0.02
715,2422.9084,2.9737,2425.4670,2413.0960,0.00,0.04
2232,2435.3746,11.3428,2467.0600,2425.0187,0.00,0.03
716,2424.1077,3.3362,2426.4220,2411.3901,0.00,0.04
2233,1607.5603,914.0573,2464.5379,140.9410,0.00,0.02
717,2424.5864,0.1246,2424.8790,2424.4436,0.00,0.04
2234,2060.3871,824.6351,2471.1423,111.6591,0.00,0.02
718,2427.5327,2.0108,2433.3095,2425.5360,0.00,0.04
2235,2450.7844,12.5254,2471.1502,2435.2324,0.00,0.02
719,1610.1929,840.0590,2467.2689,169.9964,0.00,0.02
2236,2434.5065,6.8722,2450.0984,2426.1361,0.00,0.03
720,2429.5529,2.5780,2435.1024,2425.5899,0.00,0.03
721,1349.6007,1009.0839,2465.9201,116.7327,0.00,0.02
2237,2437.3589,7.9271,2456.2922,2428.6164,0.00,0.03
722,2436.9289,9.7374,2463.1937,2424.7477,0.00,0.03
2238,2318.3587,510.9264,2471.8674,339.8343,0.00,0.02
723,2321.8928,460.8473,2462.6923,537.3469,0.00,0.02
2239,2393.2417,173.0963,2451.5702,1723.2806,0.00,0.03
724,2153.1286,731.9840,2434.5523,132.0497,0.00,0.03
2240,2433.2923,6.2226,2449.5010,2426.8040,0.00,0.03
725,2424.9173,4.1796,2434.4216,2419.6376,0.00,0.04
2241,2437.7159,8.6092,2457.6525,2426.2174,0.00,0.03
726,2071.2219,597.4318,2468.5019,972.4250,0.00,0.02
2242,2323.7158,468.4388,2451.0394,509.5646,0.00,0.02
727,2439.4099,5.9168,2446.5057,2424.6134,0.00,0.03
2243,2433.7616,5.3204,2448.0637,2426.2766,0.00,0.03
728,2050.6368,550.3255,2466.8577,1159.3665,0.00,0.02
2244,2199.5305,659.8274,2471.3441,314.9678,0.00,0.02
729,2437.3895,11.6878,2464.8979,2419.7878,0.00,0.03
2245,2405.7677,68.7321,2436.5488,2140.4124,0.00,0.04
730,2438.7049,5.8824,2447.3935,2426.9812,0.00,0.03
2246,2304.3359,509.8991,2464.9658,330.0165,0.00,0.03
731,2288.3185,564.4904,2445.2014,102.2342,0.00,0.03
2247,2425.8584,3.5305,2436.2371,2421.3496,0.00,0.04
732,2304.9741,397.8183,2429.8113,786.0670,0.00,0.04
2248,2102.8710,755.2900,2471.3124,101.9365,0.00,0.01
733,2312.3832,457.7933,2446.8487,539.5229,0.00,0.03
2249,2433.1995,9.3287,2459.6785,2425.8471,0.00,0.03
734,1877.2145,712.4842,2462.8395,107.1731,0.00,0.02
2250,2180.2958,705.9781,2464.7225,111.6108,0.00,0.02
735,1575.5743,1119.4717,2452.6641,86.9426,0.00,0.02
2251,2431.5227,4.9461,2443.5796,2425.6733,0.00,0.03
736,2425.1028,3.1613,2433.5561,2418.7547,0.00,0.04
2252,2185.4383,703.2264,2469.5148,310.1532,0.00,0.02
737,1997.3026,850.0706,2470.0935,82.0088,0.00,0.02
738,1930.6656,929.4851,2455.2932,86.8388,0.00,0.02
2253,2438.6314,12.5627,2470.9598,2421.7258,0.00,0.03
739,2435.2885,5.8606,2450.0432,2425.6152,0.00,0.03
2254,2435.0898,5.5334,2449.4610,2427.6283,0.00,0.03
740,2211.8248,617.9889,2453.9618,315.2394,0.00,0.02
2255,2452.3164,12.5548,2471.8423,2429.3639,0.00,0.02
741,2409.5780,53.4565,2431.0562,2203.2049,0.01,0.04
2256,2436.2233,4.8939,2445.2738,2428.1968,0.00,0.03
742,2425.4051,3.4299,2435.4033,2421.1202,0.00,0.04
2257,2354.6143,365.1107,2471.3929,941.4448,0.00,0.02
743,2098.0492,747.9837,2469.2288,86.8413,0.00,0.02
2258,2431.1106,5.9228,2442.5180,2422.1593,0.00,0.03
744,2355.4781,320.1987,2447.9600,1115.6759,0.00,0.03
2259,2121.6833,687.7135,2458.7216,479.8371,0.00,0.02
745,2425.7614,5.1318,2434.4040,2417.4575,0.00,0.04
2260,2431.6818,2.7538,2438.6563,2427.9613,0.00,0.03
746,2105.4825,618.6638,2464.2013,527.5732,0.00,0.02
2261,1828.5600,945.0344,2465.6599,112.2600,0.00,0.01
747,1818.5196,895.7096,2470.7835,97.1160,0.00,0.01
2262,2328.6177,466.0003,2469.5103,524.1191,0.00,0.02
748,2147.9632,651.5801,2448.1383,102.2388,0.00,0.03
2263,2442.0874,5.7876,2457.3917,2430.7154,0.00,0.03
749,2424.1273,1.7287,2428.5055,2420.3047,0.00,0.04
2264,2157.0418,772.0987,2471.8660,112.2510,0.00,0.02
750,2425.2503,3.4773,2431.7729,2416.8405,0.01,0.04
2265,2425.5351,3.5675,2434.9417,2420.9485,0.00,0.03
751,2361.8092,291.1054,2444.1713,1234.5658,0.00,0.03
2266,2326.6145,514.2710,2471.7879,335.0613,0.00,0.01
2267,1876.6139,891.1419,2471.8726,112.2567,0.00,0.01
752,2426.8617,1.9982,2430.9014,2423.2779,0.00,0.04
753,1981.9513,726.3522,2468.0327,527.6962,0.00,0.02
2268,2455.2335,8.5356,2467.8553,2440.0192,0.00,0.02
754,1788.9888,796.8627,2451.2343,91.9262,0.00,0.02
2269,2441.1390,7.3936,2456.0910,2429.0162,0.00,0.03
755,2282.2438,556.9405,2441.2121,125.7223,0.00,0.03
2270,2446.3280,13.5109,2471.5912,2425.6308,0.00,0.02
756,2278.2550,418.9552,2448.7760,1094.6041,0.00,0.03
2271,2443.2809,7.5851,2461.2014,2433.0374,0.00,0.02
757,2415.1590,7.5893,2423.7282,2393.6485,0.00,0.04
2272,2293.3259,560.7468,2470.1947,122.1622,0.00,0.02
758,2431.2937,5.4970,2442.9143,2424.7191,0.00,0.03
2273,2423.8905,1.3482,2427.3876,2422.3649,0.00,0.04
759,2140.1249,767.5379,2465.4073,102.0671,0.00,0.03
2274,2439.7445,6.9069,2451.9316,2429.1415,0.00,0.03
760,2423.8005,3.8110,2430.0058,2418.0176,0.00,0.03
2275,2187.5371,689.0063,2464.8108,155.7186,0.00,0.02
761,2285.5362,570.6526,2439.2998,75.4461,0.00,0.03
2276,2312.8289,461.7395,2441.4225,524.5785,0.00,0.03
762,2238.9046,518.5540,2434.5840,493.1007,0.00,0.03
2277,2425.5327,0.3097,2426.4482,2425.2685,0.00,0.04
763,2434.9742,5.9523,2448.5376,2422.7806,0.00,0.03
2278,2435.5366,6.3645,2447.8773,2428.6134,0.00,0.03
764,2036.4576,736.5907,2451.1722,81.0441,0.00,0.02
2279,2277.7039,452.6104,2471.8555,1028.6815,0.00,0.02
765,2432.0424,5.9544,2447.9504,2425.7459,0.00,0.03
2280,2425.0991,4.1171,2431.5454,2413.6986,0.01,0.03
766,2293.2030,568.3811,2450.3292,91.9892,0.00,0.03
2281,2445.9422,8.1029,2459.2016,2433.2698,0.00,0.02
767,2430.3619,8.2186,2442.3000,2415.0759,0.00,0.03
2282,2429.6599,6.8181,2450.0359,2423.5162,0.00,0.03
768,1848.6808,903.4804,2465.4312,102.1508,0.00,0.02
2283,2244.5192,564.5907,2471.9132,544.5163,0.00,0.01
769,2184.2222,631.7873,2469.3096,-17.0629,0.00,0.02
770,1700.7819,984.2661,2458.9918,80.8301,0.00,0.02
2284,2079.4247,765.7063,2464.4145,314.9527,0.00,0.02
771,2425.0920,9.3186,2433.9672,2391.6229,0.03,0.04
2285,2428.9719,1.9065,2434.1943,2426.4230,0.00,0.04
2286,1949.5623,803.9314,2464.4818,514.8962,0.00,0.02
772,2433.2938,3.8441,2441.4345,2426.9546,0.00,0.03
773,1954.4881,859.0130,2456.7333,82.1020,0.03,0.02
2287,2433.4402,3.7986,2439.9434,2427.8486,0.00,0.03
774,2237.7422,557.0290,2445.1724,86.9245,0.00,0.03
2288,2341.7647,444.9355,2470.0721,618.7499,0.00,0.01
775,1801.7547,812.2788,2431.0642,66.3918,0.77,0.04
2289,2179.1252,728.8345,2471.7365,184.3555,0.00,0.01
776,2308.0458,330.9685,2428.6397,1178.5798,0.02,0.04
2290,2434.2221,10.8039,2457.5150,2424.0825,0.00,0.03
777,2426.4329,0.9927,2429.3193,2425.5002,0.00,0.04
2291,2300.2059,566.4000,2471.8447,106.8276,0.00,0.02
778,1831.5453,832.8721,2464.1338,93.6032,0.02,0.03
2292,2433.2805,4.5661,2444.2269,2427.4703,0.00,0.03
779,1594.4107,1007.9238,2467.8212,70.6356,0.00,0.02
780,930.1833,1038.2095,2452.2756,7.6651,0.00,0.01
2293,2317.6793,517.3074,2471.8930,314.9623,0.00,0.02
781,2417.8252,16.9867,2448.0238,2373.6717,0.00,0.03
2294,2441.1716,11.6204,2464.9798,2426.1918,0.00,0.02
782,1127.5502,1169.1394,2471.6199,3.0372,0.00,0.02
2295,2435.3977,7.6546,2462.5384,2426.8536,0.00,0.03
783,1968.1674,847.5500,2464.1383,112.2475,0.01,0.02
2296,2306.4528,454.4375,2463.8991,554.0684,0.01,0.03
784,2157.3321,666.1226,2439.4850,92.0970,0.03,0.03
785,1597.0348,1013.4572,2438.4596,65.5051,0.00,0.03
2297,1893.8232,717.3930,2464.0025,392.1001,3.10,0.06
786,2427.2935,4.1801,2434.2572,2417.3358,0.00,0.04
2298,2324.7774,461.0953,2470.3906,539.5500,0.00,0.02
787,2214.4695,574.2208,2435.5859,587.3911,0.00,0.03
2299,2399.6371,47.2108,2432.9780,2271.7102,0.01,0.04
788,2426.2550,0.6412,2427.7162,2425.4403,0.00,0.04
2300,2427.7874,3.9211,2436.5709,2421.9990,0.00,0.03
789,1988.5409,917.0014,2446.0262,75.1746,0.00,0.03
2301,1953.5811,888.2298,2471.6177,117.2137,0.00,0.01
790,2429.2440,1.9245,2433.3468,2426.7319,0.00,0.04
2302,2437.6477,14.1210,2470.0996,2423.5507,0.00,0.03
791,2030.3555,862.7178,2454.9158,92.1425,0.01,0.02
2303,2436.2639,6.4323,2447.6695,2428.0954,0.00,0.03
792,2437.1608,5.0876,2446.2494,2428.6845,0.00,0.03
2304,2435.1133,9.2604,2452.6269,2424.0782,0.00,0.03
793,1385.2064,730.1574,2468.3575,92.1398,0.84,0.03
2305,2178.0526,705.6078,2450.7341,122.1614,0.00,0.02
794,1499.3556,964.1316,2453.5721,92.0886,1.39,0.04
795,2356.9799,152.4604,2446.6595,1866.7154,0.01,0.03
2306,2430.0230,3.3646,2440.2491,2426.7082,0.00,0.04
2307,1980.5455,845.5979,2471.2155,122.1607,0.00,0.01
796,2428.1588,1.8602,2432.4234,2425.5155,0.00,0.04
797,1428.0495,1100.0227,2471.4840,26.5704,0.00,0.02
2308,2036.5272,865.1547,2471.6335,101.9336,0.00,0.02
798,2428.7833,2.0050,2432.7090,2426.2840,0.00,0.04
2309,2439.6018,7.5732,2456.4752,2429.7959,0.00,0.03
799,1788.1107,1002.1784,2471.8336,71.7558,0.00,0.01
2310,2359.9186,353.5963,2471.8886,991.0013,0.00,0.02
800,2441.5439,6.3009,2454.1365,2431.1399,0.00,0.03
2311,2432.3329,8.0965,2451.6589,2421.8419,0.00,0.03
801,1071.4007,1094.3101,2471.3352,80.6191,0.00,0.02
2312,2073.0064,794.2679,2465.1235,127.1046,0.00,0.02
802,2356.5234,336.0726,2453.0174,1055.1221,0.00,0.02
2313,2440.4850,6.8929,2453.8205,2431.0267,0.00,0.03
803,2428.4787,2.4081,2434.0142,2423.0072,0.00,0.04
2314,2454.3510,12.2374,2471.8142,2429.4318,0.00,0.02
804,1868.1594,789.4746,2471.2472,97.0319,0.00,0.01
2315,2262.5183,500.3784,2463.8750,693.2769,0.00,0.02
805,2184.2909,699.8970,2471.9461,115.9992,0.00,0.02
2316,2433.4562,5.5570,2449.2386,2426.9026,0.00,0.03
806,2431.7996,4.3659,2439.8875,2426.2211,0.00,0.03
807,1594.3319,816.6715,2461.0603,112.8408,0.33,0.04
2317,2446.3142,15.5165,2470.1268,2417.3019,0.00,0.02
808,1762.9996,627.6069,2393.0418,629.5375,0.98,0.04
2318,2439.5210,7.6171,2455.9366,2428.8746,0.00,0.03
809,2011.5552,770.6023,2471.3352,215.9766,0.00,0.02
2319,2429.7027,14.7259,2457.8683,2395.8685,0.00,0.03
810,2281.2490,563.1049,2469.5196,107.3595,0.00,0.02
2320,2076.9917,800.2070,2471.7511,112.2504,0.00,0.01
811,1949.6120,484.6616,2444.4022,1248.5160,0.00,0.04
812,1495.0073,1003.8232,2461.5804,117.2146,0.00,0.02
2321,2361.0321,365.0260,2471.6433,947.8701,0.00,0.02
2322,1669.2785,1029.1157,2471.9795,117.2118,0.00,0.01
813,2438.0191,10.0350,2464.7334,2427.3436,0.00,0.03
2323,2083.1048,792.0539,2471.7003,112.2547,0.00,0.01
814,1962.0269,875.1432,2470.5609,217.7143,0.00,0.02
2324,2432.0651,4.6297,2440.5095,2425.7964,0.00,0.03
815,2442.0327,8.3971,2467.1525,2429.9130,0.00,0.03
816,1583.4058,866.8077,2447.9895,179.4532,0.00,0.03
2325,2222.4475,612.8769,2471.4553,559.4073,0.00,0.02
817,2092.1933,731.7789,2467.5013,117.2952,0.07,0.02
2326,2439.5409,11.7440,2471.5746,2426.1652,0.00,0.03
818,2063.6459,525.4006,2469.8170,905.8534,0.27,0.04
2327,2442.2378,7.4889,2455.1440,2428.5306,0.00,0.03
819,2001.6318,764.7858,2468.5281,300.2164,0.09,0.03
2328,2431.5832,7.0815,2447.0238,2422.9811,0.00,0.03
820,2427.2586,1.9675,2431.4383,2425.1046,0.00,0.04
2329,2034.2753,861.7067,2464.8072,101.8663,0.00,0.02
821,2030.1152,770.6721,2471.3614,101.9714,0.11,0.03
2330,2429.3481,2.3132,2436.7316,2427.1224,0.00,0.04
822,2425.9951,24.9121,2447.0666,2351.9047,0.00,0.03
2331,2210.4826,631.7757,2464.7581,469.8067,0.00,0.02
823,2430.5632,4.2467,2440.5818,2424.6309,0.00,0.03
2332,2437.3336,5.5788,2449.7792,2428.6096,0.00,0.03
824,1669.8577,885.6985,2468.3106,96.2810,0.00,0.03
2333,2334.9050,440.6856,2471.8044,628.6140,0.00,0.02
825,2090.3742,664.4737,2437.1019,82.2431,0.00,0.03
2334,2435.7820,13.0435,2469.3214,2422.8212,0.01,0.03
826,2423.4403,20.5506,2436.8537,2345.7726,0.00,0.03
2335,2351.6112,333.5584,2446.0818,1059.8652,0.00,0.03
827,2422.6091,4.1144,2429.3546,2415.3953,0.00,0.04
2336,2427.3846,1.4537,2430.2385,2425.5219,0.00,0.04
828,2422.2310,22.1315,2441.4407,2370.4739,0.12,0.03
2337,2223.8153,612.2606,2471.1635,329.9564,0.00,0.02
829,2427.5003,2.0315,2432.7774,2425.3238,0.00,0.04
830,1282.5595,844.3675,2470.7008,91.8485,0.00,0.02
2338,2436.0539,5.7171,2451.5695,2426.9077,0.00,0.03
831,1485.7659,784.3258,2471.3852,92.1034,0.07,0.02
2339,2218.2224,622.5956,2471.3600,538.9459,0.00,0.02
832,2037.1876,654.1480,2470.5660,460.3714,0.00,0.02
2340,2426.5696,4.9864,2443.6804,2419.4053,0.00,0.03
833,2429.8595,2.8655,2438.4153,2425.5629,0.00,0.04
2341,1674.1481,1022.6132,2468.6027,101.9239,0.00,0.01
834,1525.9144,719.3289,2471.0065,251.9350,0.00,0.03
2342,2295.3490,557.3607,2457.1213,136.9963,0.00,0.02
835,1685.4717,897.2601,2449.3208,87.2568,0.23,0.03
2343,2424.5604,2.5143,2428.9818,2419.8259,0.00,0.04
836,2431.3766,4.5844,2446.6443,2427.1443,0.00,0.03
837,1293.4885,773.1523,2407.6280,85.0845,1.51,0.03
2344,2342.7467,450.3348,2471.8564,599.0008,0.00,0.01
838,1095.4703,794.0719,2450.1953,92.1720,0.33,0.03
839,798.0233,717.4891,2404.1854,90.1308,0.00,0.02
2345,2446.5289,13.7709,2471.8967,2427.0262,0.00,0.02
840,1247.2462,917.1652,2417.1474,32.5827,0.65,0.03
841,1536.1459,712.7362,2425.3042,223.7882,0.25,0.03
2346,2432.7079,3.9121,2441.5373,2427.4153,0.00,0.03
842,1443.0955,808.0766,2419.7851,278.6244,0.87,0.04
2347,2065.4633,823.7888,2471.8580,97.0038,0.00,0.01
843,1646.7379,847.9145,2425.7933,221.1702,0.11,0.03
2348,1994.2836,817.8149,2471.6040,141.9383,0.00,0.01
844,1888.9582,786.6698,2424.4082,215.5356,0.83,0.04
2349,2140.1640,665.4086,2468.9782,429.2043,0.00,0.02
845,2416.7196,5.4325,2429.1873,2408.6710,0.04,0.04
2350,2301.7614,571.3378,2471.8272,92.1137,0.00,0.01
846,1650.4158,917.5562,2464.0170,212.7399,0.00,0.03
2351,2445.8202,11.5570,2470.5583,2431.3576,0.00,0.02
847,1827.8182,938.1637,2437.7852,52.9705,0.00,0.03
2352,2427.6126,3.2967,2435.1688,2424.0104,0.00,0.03
848,2424.7366,2.1391,2429.6895,2421.4601,0.00,0.04
849,1359.7319,873.7008,2456.9902,251.7411,0.00,0.03
2353,2043.8448,860.1650,2470.3635,127.1077,0.00,0.01
850,2295.3672,519.0325,2437.5517,285.4243,0.16,0.03
2354,2246.0917,564.4210,2471.7859,544.3998,0.00,0.01
851,2427.2295,3.5971,2433.9937,2419.0652,0.00,0.04
2355,2430.8402,4.8079,2443.5155,2424.5913,0.00,0.03
852,1050.8590,864.0572,2450.5427,87.0603,0.00,0.02
2356,2322.6153,511.9666,2471.5981,340.0264,0.00,0.02
853,2291.5324,402.8789,2454.2790,1187.6900,0.00,0.02
2357,2443.7416,9.1793,2464.7567,2431.7754,0.00,0.02
854,2433.6454,11.6161,2447.2896,2394.3699,0.00,0.03
855,1655.9419,922.9707,2455.8441,87.0657,0.00,0.02
2358,2442.1770,8.9744,2456.0095,2426.1324,0.00,0.02
856,2027.2956,606.7885,2448.5411,798.2235,0.00,0.03
2359,2117.2089,679.7743,2451.7946,574.0294,0.00,0.02
857,1855.0745,1002.4849,2467.9401,82.2640,0.25,0.02
2360,2430.4386,3.9603,2438.7573,2426.1741,0.00,0.03
858,1908.9460,855.6121,2465.6155,87.2281,0.00,0.02
2361,2188.8995,654.6521,2465.1837,349.8865,0.00,0.02
859,1882.5619,820.8097,2466.9405,325.0659,0.00,0.02
2362,2368.1816,342.9695,2470.8848,1040.5273,0.00,0.01
860,1549.6032,973.6163,2465.9990,77.3152,0.00,0.02
861,2049.8476,398.1877,2431.4977,1251.8248,0.00,0.03
2363,2441.1884,12.5615,2469.9450,2422.3991,0.00,0.02
862,2188.0983,537.3053,2457.3392,238.6584,0.01,0.03
2364,2326.8115,443.6791,2453.6836,608.5909,0.00,0.02
863,1676.5243,868.0617,2440.2104,117.2026,0.01,0.03
2365,2430.0630,5.3376,2440.3024,2422.7943,0.00,0.03
864,2109.5039,768.3962,2454.7426,77.2030,0.00,0.02
2366,2305.4450,567.6677,2471.1356,107.2701,0.01,0.02
865,2205.1882,523.3695,2433.9859,508.4713,0.00,0.04
2367,2435.7401,8.5333,2453.9024,2424.0743,0.00,0.03
866,2334.6054,362.6386,2436.5124,930.2773,0.00,0.04
2368,2445.8182,12.8202,2471.0572,2426.8090,0.00,0.02
867,2427.7117,1.1578,2429.5635,2426.0076,0.00,0.04
2369,2438.9025,13.9310,2471.5741,2426.2061,0.01,0.03
868,2428.4314,19.8049,2443.9937,2385.1306,0.00,0.03
2370,2439.2908,7.8082,2453.7025,2428.6849,0.00,0.03
869,2428.9050,1.6402,2433.3801,2426.7574,0.00,0.04
2371,2361.4829,299.3027,2461.7305,1202.7824,0.00,0.03
870,2427.3823,20.7222,2445.2948,2372.1253,0.00,0.03
2372,2405.5997,54.3399,2430.4691,2196.4434,0.00,0.04
871,2349.5579,326.1913,2442.0412,1086.3012,0.00,0.03
2373,2427.5458,5.5425,2441.5173,2420.4338,0.00,0.03
872,2426.8372,1.2336,2430.7397,2425.5069,0.00,0.04
2374,2309.8699,563.6650,2471.7891,127.0883,0.00,0.01
873,2133.2672,508.6999,2453.2803,1071.4481,0.00,0.03
2375,2058.8509,839.9292,2471.7813,165.4227,0.00,0.01
874,2348.1460,325.3475,2440.9975,1088.4970,0.00,0.03
2376,2318.0764,510.8442,2468.4736,339.8481,0.00,0.02
875,2427.6257,1.2773,2430.6515,2425.9979,0.00,0.04
2377,2442.3681,7.4230,2455.0870,2430.0066,0.00,0.03
876,2053.1847,672.3362,2446.8293,672.0962,0.00,0.03
2378,2421.5252,63.9961,2454.6986,2175.7378,0.00,0.03
877,2429.2021,1.5148,2433.7390,2427.2230,0.00,0.04
2379,2190.3508,711.4552,2471.0323,107.3853,0.00,0.01
878,2079.6317,770.5851,2447.3985,132.0298,0.00,0.02
2380,2447.8742,14.9176,2471.1738,2426.2760,0.00,0.02
879,2428.4844,2.1467,2432.3789,2425.5288,0.00,0.04
2381,2322.5160,443.4944,2445.0398,605.0045,0.00,0.03
880,1106.9802,824.6634,2444.9410,127.1083,0.00,0.02
881,2066.1475,607.9954,2448.2728,934.6673,0.00,0.03
2382,2426.5341,2.0866,2434.3955,2425.1758,0.00,0.04
2383,1933.7151,900.1773,2464.5779,97.0424,0.00,0.02
882,2433.8167,4.1628,2441.6322,2428.4334,0.00,0.03
883,1766.1325,731.0648,2466.4469,487.2775,0.00,0.02
2384,2431.4885,3.6228,2437.2757,2426.5043,0.00,0.03
884,1769.3943,842.8063,2464.8262,77.3677,0.00,0.02
2385,2446.9439,12.7433,2469.6274,2425.1297,0.00,0.02
885,1771.4814,641.0899,2465.1943,315.2019,0.00,0.02
886,1185.0268,918.5577,2450.7423,107.2660,0.04,0.02
2386,2345.1046,348.0716,2446.1794,997.2323,0.00,0.03
887,1263.3626,767.8514,2450.7110,131.5868,0.01,0.03
2387,2426.3321,1.4635,2428.6326,2423.8503,0.00,0.04
888,2086.5066,767.4647,2447.9256,92.1920,0.00,0.03
2388,2364.3318,316.5909,2465.1061,1139.2402,0.00,0.02
889,2431.4251,3.6573,2439.8230,2425.8033,0.00,0.03
890,1136.2453,973.1367,2466.3306,68.6186,0.00,0.02
2389,2439.6116,12.7584,2468.5841,2426.1950,0.00,0.02
891,1315.3585,1007.8781,2454.1064,82.3540,0.00,0.02
2390,2388.7160,129.0350,2462.9406,1901.5254,0.01,0.03
892,1805.2410,1003.9546,2463.5124,82.3639,0.00,0.02
2391,2440.1503,12.8030,2467.2539,2423.3321,0.00,0.02
893,2435.2747,3.9265,2444.8097,2429.8181,0.00,0.03
894,1509.9838,1001.4366,2453.3512,115.3032,0.00,0.02
2392,2251.2336,502.4742,2448.5502,618.4161,0.00,0.03
895,1308.0982,969.7008,2444.5327,82.5554,0.00,0.02
2393,2423.5089,4.8354,2431.3888,2411.7024,0.00,0.04
896,2432.4229,3.0730,2439.1586,2428.7637,0.00,0.03
897,1313.6745,974.5387,2464.6662,77.4844,0.00,0.02
2394,2089.5094,751.0343,2465.4677,504.8055,0.00,0.02
898,2293.2442,563.7523,2463.2707,110.3098,0.00,0.03
2395,2439.3370,5.9745,2450.1453,2430.1768,0.00,0.03
899,2287.2458,561.1015,2439.7427,114.4146,0.00,0.03
2396,2309.8740,510.0034,2466.4319,335.1823,0.01,0.02
900,2428.5670,1.4956,2432.2177,2426.1130,0.00,0.04
2397,2427.5459,12.2368,2470.1833,2411.5026,0.01,0.03
901,1932.1382,784.1030,2467.5461,107.4032,0.00,0.02
2398,2442.4963,8.3505,2467.6273,2430.7486,0.00,0.03
902,2356.4669,297.6105,2441.6184,1203.9142,0.00,0.03
2399,2431.0748,7.6739,2453.7962,2419.5721,0.00,0.03
903,2426.5927,1.0219,2428.9417,2425.4725,0.00,0.04
2400,2310.1867,513.8297,2464.9734,320.3045,0.00,0.02
904,2168.9926,682.4770,2443.7003,146.7000,0.00,0.03
2401,2431.4932,5.6738,2448.0423,2425.5267,0.00,0.03
905,2427.6280,1.1764,2429.8644,2425.6671,0.00,0.04
2402,2439.6936,10.2427,2458.4010,2425.8727,0.00,0.03
906,2016.9767,745.7884,2441.6871,82.4619,0.00,0.03
2403,2434.3658,4.6067,2442.1456,2428.1446,0.00,0.03
907,2430.0910,2.9394,2438.8536,2426.6963,0.00,0.04
908,1090.9900,956.0521,2412.9847,82.4326,0.00,0.02
2404,2437.1846,10.0062,2461.2821,2423.6802,0.00,0.03
909,2021.7437,808.4735,2454.7207,77.5208,0.00,0.03
2405,2430.3689,2.9377,2438.4155,2426.9113,0.00,0.03
910,2093.6896,773.3131,2446.8074,107.2955,0.00,0.03
2406,2337.3863,471.2307,2471.9065,512.7311,0.00,0.01
911,2431.4438,3.8160,2441.4526,2426.5716,0.00,0.03
2407,2067.1056,819.9777,2471.3038,97.4794,0.00,0.01
912,626.2940,602.8769,2452.7767,7.5683,0.00,0.02
913,1112.8088,826.2351,2454.7788,310.7823,0.00,0.03
2408,2438.9563,10.8053,2469.8192,2424.7211,0.01,0.03
914,1702.5717,956.8837,2459.9364,77.4792,0.00,0.02
2409,2188.1927,686.2883,2454.9682,96.9819,0.00,0.02
915,1860.1853,974.1348,2446.0163,100.5102,0.00,0.03
2410,2427.7326,1.9687,2432.1192,2425.4004,0.00,0.04
916,2212.9137,624.1317,2449.1173,110.2956,0.00,0.03
2411,2335.2705,457.7043,2470.0235,562.9255,0.00,0.02
917,2178.3233,692.7763,2447.4724,107.4013,0.00,0.03
2412,2322.5237,469.3590,2463.5235,504.9290,0.00,0.02
918,2427.0066,1.3513,2429.8888,2425.2457,0.00,0.04
919,1827.2241,919.2368,2449.1060,87.5573,0.02,0.02
2413,2431.3553,3.6215,2440.7312,2426.4066,0.00,0.03
2414,2220.3790,630.6805,2471.8119,544.6044,0.00,0.01
920,2269.2961,436.5319,2445.5686,889.7552,0.00,0.03
2415,2437.9314,12.0633,2469.1927,2418.1123,0.00,0.02
921,2428.3732,1.6325,2431.8532,2426.4568,0.00,0.04
922,1980.2375,831.4981,2468.9174,315.1677,0.00,0.01
2416,2444.4366,10.1576,2462.3491,2430.4311,0.00,0.02
923,2441.5161,6.0164,2452.6858,2430.3990,0.00,0.03
2417,2421.1491,2.5342,2425.9613,2415.8803,0.00,0.04
924,1271.3357,1084.7727,2464.8209,102.4462,0.00,0.02
2418,2192.5870,706.8122,2471.8281,315.0860,0.00,0.01
925,1693.5661,993.3859,2471.8354,92.4009,0.00,0.01
2419,2031.8715,882.2772,2471.3105,126.3316,0.00,0.01
926,2441.4908,7.9651,2453.9923,2428.8466,0.00,0.03
927,503.9473,747.6411,2451.6629,71.6996,0.00,0.02
928,592.6748,751.1804,2418.7563,27.1994,0.00,0.02
2420,2087.7377,772.1456,2466.3802,334.3653,0.00,0.01
929,781.5615,514.3435,2384.1494,275.6684,0.00,0.03
930,766.2256,688.9161,2415.2107,33.9195,0.00,0.03
2421,2327.6118,455.3440,2462.4908,564.3796,0.00,0.02
931,825.7972,823.3727,2417.1515,61.7156,0.00,0.03
932,859.6789,604.2957,2410.1517,406.1783,0.00,0.04
933,751.2078,536.0975,2409.6037,71.6112,0.00,0.03
2422,2433.5599,5.4619,2443.9089,2427.6347,0.00,0.03
934,1343.9223,985.5649,2418.1582,115.2293,0.01,0.03
2423,2298.8146,561.0525,2465.2182,126.2275,0.00,0.02
935,1624.2831,787.4210,2408.1800,398.5378,0.00,0.04
936,615.6952,874.5741,2402.9400,75.5077,0.01,0.03
2424,2426.7016,6.2754,2444.3941,2419.7612,0.00,0.03
937,1391.1885,1104.8533,2451.7708,56.9620,0.04,0.03
938,1406.0343,1055.9988,2455.3019,71.4929,0.00,0.03
2425,2324.6028,469.8680,2455.3784,504.9470,0.00,0.02
939,1847.7871,780.0901,2464.6137,150.7890,0.00,0.03
2426,2437.5381,5.9563,2448.9216,2429.4096,0.00,0.03
940,1478.0128,991.3709,2464.5703,76.6889,0.00,0.02
2427,2447.0917,12.8427,2467.6485,2432.0564,0.00,0.02
941,2426.9265,2.5682,2432.4520,2423.6752,0.00,0.03
2428,2440.5457,7.1112,2456.1560,2430.6535,0.00,0.03
942,1881.9800,688.1610,2457.1104,75.5484,0.00,0.02
943,2221.6782,629.3422,2463.8832,87.1926,0.00,0.02
2429,2441.6224,11.6730,2471.2602,2424.0462,0.00,0.02
944,2073.8297,754.8067,2444.5228,98.6367,0.00,0.02
2430,2301.1413,474.2473,2470.3475,499.6708,0.00,0.02
945,2429.4509,4.8462,2435.3459,2419.1132,0.01,0.03
2431,2434.3293,6.4083,2450.6404,2428.9240,0.00,0.03
946,2042.4483,849.0014,2471.2160,77.0935,0.00,0.02
2432,2368.7783,314.9933,2466.3602,1149.5089,0.00,0.02
947,2295.5724,552.3520,2446.8309,156.4033,0.00,0.03
2433,2297.5732,528.9314,2451.4582,249.3150,0.00,0.03
948,2427.0724,1.8214,2431.0520,2424.5519,0.00,0.04
2434,1980.3934,834.1612,2469.8953,127.1918,0.00,0.01
949,2259.3533,539.5251,2460.4609,335.1746,0.00,0.02
2435,2377.3734,285.4906,2470.2901,1272.5631,0.00,0.02
950,2433.7188,2.4689,2439.3612,2429.9656,0.00,0.03
2436,2438.0337,5.8532,2452.7754,2429.5665,0.00,0.03
951,2226.5412,418.3243,2452.1123,1221.0362,0.06,0.02
2437,2319.6113,513.7638,2471.8349,330.2164,0.00,0.02
952,2439.0034,6.3904,2448.2858,2428.5619,0.00,0.03
2438,2437.8251,10.8571,2468.8515,2426.1416,0.00,0.03
953,2260.4621,581.4139,2456.8602,81.9550,0.00,0.02
2439,2320.7596,462.5365,2455.9385,529.6130,0.00,0.03
954,2427.2968,11.1928,2442.2248,2404.4895,0.00,0.03
2440,2427.9210,1.9866,2432.9227,2425.9624,0.00,0.04
955,1827.3832,965.5888,2470.7396,91.9219,0.00,0.02
2441,2361.2581,332.2685,2468.8771,1075.1655,0.00,0.02
956,1967.9792,818.6231,2470.1097,91.9235,0.00,0.02
2442,2435.9420,5.1576,2446.4341,2427.8236,0.00,0.03
957,2194.1839,636.6287,2465.4084,136.9934,0.00,0.02
2443,2449.7435,11.4085,2467.3418,2427.7460,0.00,0.02
958,1992.2794,913.8032,2449.5972,86.7618,0.00,0.03
2444,2317.1105,465.6040,2448.9813,513.9334,0.00,0.03
959,2322.1290,226.1513,2438.8399,1722.0268,0.01,0.04
960,1850.6078,1018.5838,2446.3556,81.0015,0.01,0.03
2445,2427.4283,1.5746,2431.9165,2425.3771,0.00,0.04
961,2385.8773,156.7725,2432.7004,1778.7779,0.01,0.03
2446,2179.4300,638.7632,2471.8565,499.9015,0.00,0.02
2447,2078.9240,787.8669,2471.1514,97.0445,0.00,0.02
962,2194.5014,568.7622,2430.6948,511.1498,0.04,0.03
963,1944.8732,844.2742,2443.8009,377.8013,0.01,0.03
2448,2269.2759,476.0237,2452.0902,655.2218,0.00,0.03
964,2291.5763,510.7925,2440.5957,314.3054,0.03,0.03
2449,2430.6759,3.6805,2438.0411,2426.0345,0.00,0.03
965,2432.6342,13.2005,2455.0467,2399.0410,0.03,0.03
2450,2136.2380,671.7815,2468.9937,548.3764,0.00,0.01
966,1024.7243,959.4990,2445.5001,48.7423,0.00,0.03
2451,2429.0801,5.2102,2441.5966,2421.5149,0.00,0.03
967,2044.2372,645.4994,2445.9895,780.7846,0.00,0.03
2452,1992.9846,823.9183,2471.7360,117.2154,0.00,0.01
968,1988.0555,716.9075,2471.4887,653.6151,0.00,0.02
2453,1789.5684,996.3157,2471.7658,101.8983,0.00,0.01
969,2206.0762,635.7696,2452.8624,92.3376,0.03,0.02
2454,2330.0917,461.2162,2469.7165,544.3030,0.00,0.02
970,2252.7954,451.7438,2430.9268,1052.7950,0.00,0.04
2455,2440.8406,9.6069,2470.5382,2431.2120,0.00,0.03
971,2436.5175,5.7362,2447.8080,2426.2382,0.00,0.03
2456,2439.9600,11.5212,2466.5867,2426.9238,0.00,0.03
972,1709.4943,1089.8274,2452.7996,91.8529,0.00,0.02
2457,2440.3149,6.0040,2449.8443,2430.5706,0.00,0.03
973,2430.3280,2.1867,2434.5682,2426.5798,0.00,0.03
2458,2360.3233,312.9556,2458.3005,1148.6536,0.00,0.02
974,2291.2078,567.9490,2454.3750,91.6935,0.00,0.03
2459,2423.8527,4.5254,2436.7733,2417.6903,0.00,0.04
975,2428.8517,2.8446,2434.1218,2424.0212,0.00,0.03
2460,2277.5782,455.1527,2460.1348,751.0179,0.00,0.02
976,2434.5973,3.5398,2442.2702,2430.1277,0.00,0.03
977,1652.3505,870.3081,2471.2540,107.1850,0.00,0.02
2461,2438.3659,7.0969,2451.8113,2428.1540,0.00,0.03
978,1515.1182,985.5136,2450.6064,91.9792,0.00,0.02
2462,2445.9522,12.6983,2470.1766,2426.2965,0.00,0.02
979,1918.7532,938.0180,2461.2324,96.3369,0.00,0.02
980,1786.0800,757.7023,2448.2242,748.6467,0.00,0.03
2463,2440.7182,7.9302,2464.9406,2431.6342,0.00,0.03
981,2272.5143,455.7297,2466.1175,1018.4113,0.00,0.02
2464,2457.7460,11.0040,2471.1043,2434.4898,0.00,0.01
982,2279.3193,593.0047,2439.2603,-17.3437,0.00,0.03
2465,2438.1534,9.0092,2462.7859,2426.9768,0.00,0.03
983,2426.8690,2.0387,2429.6714,2422.5797,0.00,0.04
2466,2437.0101,7.8165,2450.2584,2426.6733,0.00,0.03
984,2067.3700,676.2915,2455.1168,96.7368,0.03,0.02
2467,2099.2317,762.6046,2470.8383,150.7116,0.00,0.01
985,2059.6459,812.4335,2464.4029,86.9902,0.00,0.02
2468,2324.9746,513.9364,2470.8197,334.8659,0.00,0.01
986,2137.0721,771.1752,2468.0715,92.1892,0.00,0.03
2469,2379.8624,292.6450,2471.6573,1247.5172,0.00,0.01
987,2418.6156,6.7934,2443.3139,2412.6927,0.00,0.04
2470,2438.0473,19.0933,2470.3972,2387.9917,0.00,0.02
988,1821.7435,960.6356,2453.9644,97.0074,0.00,0.02
2471,2354.9224,338.7793,2464.8072,1043.2208,0.03,0.02
989,2252.2156,491.0227,2463.5665,903.3577,0.00,0.03
2472,2434.2707,6.3196,2447.8716,2422.6968,0.00,0.03
990,2262.3922,435.7530,2441.3250,977.3349,0.00,0.03
2473,2077.1144,806.8884,2470.9073,101.8991,0.00,0.01
991,2431.3132,9.8730,2444.0656,2400.8734,0.00,0.03
2474,2329.1670,473.7585,2469.0232,494.8382,0.00,0.02
992,2295.6769,524.9017,2450.0491,263.1702,0.00,0.03
2475,2426.3260,6.6184,2443.6419,2420.3878,0.00,0.03
993,2008.0706,873.0587,2433.5952,5.4112,0.01,0.04
2476,2103.1062,739.8182,2467.4313,141.6112,0.00,0.02
994,2423.8297,6.5044,2432.0218,2409.1080,0.07,0.04
995,1432.0505,1094.0638,2442.9282,-2.5943,0.00,0.03
2477,2436.4200,6.6202,2451.8253,2425.6986,0.00,0.03
996,2292.5597,530.8564,2453.8184,236.8489,0.00,0.03
2478,2443.5227,14.5287,2470.6889,2420.2887,0.00,0.02
997,2311.2383,460.5697,2446.3328,527.5994,0.00,0.03
2479,2442.0110,6.9053,2454.7728,2431.4731,0.00,0.03
998,2424.9775,0.7599,2425.7760,2422.3027,0.00,0.04
2480,2446.5523,21.8930,2471.6367,2380.0240,0.00,0.02
999,2411.5221,60.2348,2454.2451,2182.3744,0.00,0.03
2481,2439.5115,8.3630,2464.1501,2430.9709,0.00,0.03
1000,2428.7805,10.5085,2448.0159,2400.2909,0.00,0.03
2482,2430.6045,13.4181,2466.9522,2416.4486,0.00,0.03
1001,2423.1874,12.8369,2451.8926,2402.8363,0.00,0.04
2483,2419.3739,87.4969,2456.3608,2081.4601,0.00,0.02
1002,2426.9318,2.8796,2433.0811,2424.7828,0.00,0.04
2484,2428.5760,4.9652,2441.4349,2422.2524,0.00,0.04
1003,2278.2482,563.2121,2465.7285,97.3786,0.00,0.03
2485,2217.1292,625.1097,2471.4697,533.9222,0.00,0.02
1004,2417.0657,1.9430,2421.5180,2415.1216,0.00,0.04
2486,2426.0155,10.8430,2458.9050,2414.3311,0.00,0.03
1005,2418.6274,1.4317,2421.1243,2416.0037,0.00,0.04
2487,1871.3629,884.0817,2471.6413,127.1046,0.00,0.01
1006,1688.4969,1087.4335,2425.1927,74.6006,0.00,0.04
2488,2328.7402,465.1602,2464.6699,527.4633,0.00,0.02
1007,2342.6259,294.2409,2425.0637,1203.1020,0.00,0.04
2489,2216.7017,604.5941,2463.0015,563.2026,0.00,0.02
1008,2417.9416,3.1288,2424.9942,2412.2821,0.00,0.04
2490,2428.0380,5.3902,2444.3020,2421.2814,0.01,0.03
1009,2290.8149,503.3217,2424.9677,341.5157,0.00,0.04
2491,2402.9934,146.2819,2470.5639,1989.1108,0.00,0.01
1010,2421.3314,2.3548,2424.7910,2417.1098,0.00,0.04
2492,2445.4236,16.1493,2469.1485,2420.3028,0.00,0.02
1011,2422.7461,3.4518,2431.9191,2417.9303,0.00,0.04
2493,2430.0170,4.1229,2440.9586,2424.6026,0.00,0.03
1012,2291.4110,561.4117,2471.5776,117.7135,0.00,0.03
2494,2376.9140,305.7969,2471.0620,1193.0240,0.00,0.01
1013,2070.6383,758.4251,2445.5497,74.6092,0.00,0.03
2495,2301.5837,563.0908,2470.1609,121.4416,0.00,0.02
1014,2330.7414,382.7635,2443.4283,848.5867,0.00,0.03
2496,2436.4328,11.2821,2461.1767,2423.4815,0.00,0.03
1015,1858.0465,938.6808,2435.5133,81.3549,0.00,0.03
2497,2443.7612,6.1135,2453.1238,2432.5965,0.00,0.02
1016,2422.0450,4.6598,2436.6864,2416.9221,0.00,0.04
2498,2453.4229,11.3429,2471.5765,2434.0733,0.00,0.02
1017,2290.0308,567.6264,2471.2644,92.0718,0.00,0.03
2499,2054.9652,815.6380,2460.9661,102.1789,0.00,0.02
1018,2059.4309,782.5027,2464.1680,80.3721,0.00,0.03
2500,2430.6820,3.8945,2436.8308,2420.6473,0.00,0.03
1019,2425.0797,0.3424,2425.7543,2424.5967,0.00,0.04
2501,2046.5857,789.1793,2468.9977,90.4017,0.00,0.02
1020,2096.8751,706.2555,2434.8413,-21.9478,0.00,0.03
2502,2441.2773,6.1884,2452.2815,2430.9562,0.00,0.03
1021,2425.5119,0.8344,2428.3240,2424.7389,0.00,0.04
1022,1249.3089,1087.7655,2469.1166,79.8066,0.00,0.03
2503,2444.7999,22.0587,2471.5094,2382.4152,0.00,0.02
1023,2424.0826,16.1430,2432.6926,2362.1024,0.00,0.04
2504,2325.2660,472.9240,2462.7536,493.8700,0.00,0.02
1024,2325.9384,387.7067,2430.7989,824.3661,0.00,0.04
2505,2440.3450,6.2547,2453.9026,2431.0422,0.00,0.03
1025,2424.8142,0.1436,2425.1049,2424.6252,0.00,0.04
2506,2185.5670,673.3886,2469.9637,319.8080,0.00,0.02
1026,883.7387,1039.7697,2426.9334,-27.0621,0.00,0.04
2507,2051.9477,772.7891,2428.0263,208.6310,0.00,0.03
1027,2425.4608,0.3805,2426.1510,2425.0101,0.00,0.04
1028,408.9926,636.0661,2442.4087,-12.3890,0.09,0.03
2508,2439.9358,12.0702,2457.4954,2421.0340,0.00,0.02
1029,2359.5338,305.0468,2449.1472,1178.2475,0.02,0.03
2509,1965.0021,841.9083,2470.0525,474.6295,0.00,0.02
1030,2068.2884,767.3919,2432.7760,28.4087,0.00,0.04
2510,2323.5522,445.3459,2453.4959,598.9298,0.00,0.03
1031,2425.8130,0.6455,2427.4522,2424.8999,0.00,0.04
2511,2428.1226,6.1553,2436.6679,2409.6916,0.00,0.04
1032,1446.3979,973.7712,2406.1863,82.2273,0.00,0.03
2512,2441.9284,5.6932,2454.4800,2435.5564,0.00,0.03
1033,2393.3638,140.4160,2433.3021,1849.5671,0.00,0.04
2513,2319.0689,516.3045,2470.4050,320.1347,0.00,0.02
1034,2425.7880,0.5148,2426.7464,2424.9545,0.00,0.04
2514,2354.4117,363.7050,2462.6821,946.4119,0.00,0.02
1035,1565.1343,1087.5996,2432.9153,-2.4141,0.01,0.03
2515,2426.7378,6.9620,2447.5025,2417.6416,0.00,0.03
1036,2428.1299,2.7722,2435.4738,2425.5382,0.00,0.04
2516,1938.6720,903.9025,2471.8860,101.9634,0.00,0.01
1037,1856.8400,959.7983,2438.6795,82.4506,0.03,0.03
1038,1820.4088,864.6827,2465.7943,82.4125,0.01,0.02
2517,2447.8593,7.2156,2457.1359,2433.1566,0.00,0.02
1039,2341.0127,361.7114,2449.7910,940.2488,0.00,0.03
2518,2436.5395,10.6108,2459.5697,2424.1766,0.00,0.03
1040,2426.7314,0.8129,2429.2049,2425.6614,0.00,0.04
2519,2355.9804,328.1778,2448.9025,1085.1046,0.00,0.03
1041,2375.9854,187.4234,2433.9759,1652.1820,0.00,0.03
2520,2427.8282,2.3459,2433.0804,2425.7154,0.00,0.04
1042,2432.0665,6.2771,2442.0777,2413.6392,0.00,0.03
2521,2219.4250,623.8759,2470.2058,559.3115,0.00,0.01
1043,1844.6959,923.6929,2471.8743,158.3943,0.00,0.01
2522,2215.6747,643.9387,2471.8073,494.8067,0.00,0.01
1044,1485.0950,1061.8506,2471.8390,92.0930,0.00,0.02
2523,2445.5244,12.0569,2470.9755,2430.1914,0.01,0.02
1045,1729.9177,1003.8723,2457.0846,102.4498,0.00,0.03
2524,2203.2043,644.8666,2455.2638,484.4325,0.00,0.02
1046,2111.1261,567.6635,2414.9522,363.3368,0.01,0.04
1047,1682.4180,1009.2421,2399.2866,131.1510,0.04,0.03
2525,2434.1795,5.0990,2447.7470,2427.6179,0.00,0.03
1048,2294.9522,140.2686,2416.5442,1817.4232,0.00,0.04
2526,2300.5654,565.4223,2470.0334,111.3264,0.00,0.02
1049,2395.6299,18.2293,2450.0834,2359.1771,0.00,0.04
2527,2424.5007,21.4265,2446.1114,2344.3951,0.00,0.03
1050,2167.1590,739.5017,2467.2111,92.1418,0.00,0.02
2528,2445.0929,10.2880,2471.0238,2429.3731,0.00,0.02
1051,2224.6690,589.9553,2460.2481,182.5179,0.00,0.03
2529,2196.0917,642.3390,2449.8067,459.6129,0.00,0.03
1052,2350.7713,180.9348,2453.9700,1847.4901,1.49,0.04
2530,2426.6411,1.3078,2429.8558,2425.2637,0.00,0.04
1053,2335.3787,479.2303,2471.5916,479.8260,0.00,0.01
2531,1913.9385,939.5489,2471.0765,117.2978,0.00,0.01
1054,2270.7179,512.7397,2468.6575,480.8798,0.00,0.02
1055,2313.5399,572.2639,2471.5720,97.4131,0.00,0.01
2533,2428.9977,3.0388,2439.1912,2426.7357,0.00,0.04
2534,1984.4264,843.2021,2465.9081,92.1145,0.00,0.01
1056,2307.7921,573.4933,2470.0911,87.0872,0.00,0.01
2535,1924.0656,927.6407,2471.0113,102.4288,0.00,0.01
1057,2370.2380,319.1093,2471.8515,1135.5521,0.00,0.02
1058,1374.1728,1093.2094,2466.1420,92.1362,0.00,0.01
2536,2054.0245,826.0152,2464.0841,92.0266,0.00,0.02
1059,2309.8837,572.7009,2471.7976,92.1281,0.00,0.01
2537,2437.7737,5.8322,2451.3528,2429.3552,0.00,0.03
1060,2426.1911,38.1366,2468.9616,2365.4345,0.00,0.02
2538,2307.2729,568.1257,2471.1581,107.3658,0.00,0.02
2539,2316.6850,460.2376,2451.5379,534.4981,0.00,0.03
1061,2438.9307,9.9273,2470.2613,2428.3007,0.00,0.03
1062,2336.3088,329.1605,2458.4584,1065.0589,0.00,0.03
2540,2422.6580,2.2554,2426.3461,2417.5488,0.01,0.04
1063,2373.4368,113.4259,2423.6306,1934.9764,0.00,0.03
2541,2433.6573,5.3292,2445.1395,2426.6808,0.00,0.03
2542,2339.7668,450.9572,2471.7244,593.7435,0.00,0.01
1064,2368.8172,42.9688,2396.4086,2220.1804,0.03,0.04
2543,2423.3022,133.5019,2471.7899,1907.1914,0.00,0.01
1065,2399.1275,2.6997,2402.5655,2391.7231,0.00,0.04
1066,1914.5000,779.5916,2471.3987,528.2698,0.00,0.02
2544,2200.5566,682.0017,2471.2063,325.2602,0.00,0.01
2545,2311.4680,567.9517,2471.2075,112.3470,0.00,0.01
1067,2407.5182,12.0097,2452.4310,2401.0816,0.00,0.03
2546,2176.9275,741.2936,2470.7793,102.4382,0.00,0.01
1068,2326.6577,464.3231,2471.5982,529.7586,0.00,0.02
2547,2438.5906,10.1757,2457.3689,2425.1249,0.00,0.03
1069,2395.0481,118.5535,2471.7955,1944.0106,0.00,0.03
1070,1999.2636,790.4939,2471.7852,320.3043,0.00,0.02
2548,2299.8184,561.2723,2470.4007,126.3412,0.00,0.02
1071,2399.7082,30.6177,2422.5745,2283.6726,0.00,0.04
2549,2434.0945,5.6864,2447.4493,2426.5275,0.00,0.03
2550,2189.4377,703.7504,2470.1317,320.1362,0.00,0.01
1072,2410.1026,3.7390,2418.8359,2403.7440,0.00,0.03
2551,2360.2885,323.0775,2466.5899,1109.8330,0.00,0.02
1073,2309.2547,453.9557,2450.0256,551.3361,0.00,0.03
2552,2425.4694,7.1438,2450.5799,2420.0473,0.00,0.03
1074,2377.3868,152.9069,2451.2688,1786.7045,0.00,0.03
2553,2138.9565,659.0824,2459.6007,564.3048,0.00,0.02
1075,2407.2424,7.2604,2424.9932,2396.1561,0.00,0.03
2554,2438.1021,6.9896,2452.4951,2429.0140,0.00,0.03
1076,2345.9519,374.5208,2468.2763,896.8858,0.00,0.02
2555,2357.8381,338.0079,2465.2410,1049.7074,0.00,0.02
1077,2421.2856,5.1779,2428.6212,2410.2064,0.00,0.03
2556,2427.7081,3.2252,2434.1734,2421.4262,0.00,0.03
1078,2174.4724,709.9921,2459.3264,277.2154,0.00,0.02
2557,2122.4327,708.3467,2471.6225,314.9594,0.00,0.01
1079,2292.2483,558.5468,2470.9360,129.4237,0.00,0.03
2558,2162.0981,774.0925,2464.8252,106.8347,0.00,0.01
1080,2445.9955,12.9181,2470.6130,2426.0136,0.00,0.02
2559,1553.7095,1052.4750,2471.7521,101.9198,0.00,0.01
1081,2074.3146,759.6941,2447.3309,115.2799,0.00,0.03
2560,2232.1790,623.0933,2464.7487,101.8806,0.00,0.01
1082,2432.1102,7.1654,2444.9546,2424.3221,0.00,0.03
2561,2450.2406,11.7808,2471.7821,2432.8432,0.00,0.02
1083,2332.4232,473.2098,2471.2796,500.0106,0.00,0.02
2562,2325.4927,457.3047,2455.6118,554.4782,0.00,0.02
1084,2198.9872,670.0147,2467.4550,315.0009,0.00,0.02
2563,2432.5869,3.5305,2440.9635,2427.1284,0.00,0.03
1085,2435.6854,5.0674,2448.6851,2430.2282,0.00,0.03
2564,1722.4179,951.3534,2471.7674,314.9444,0.00,0.01
1086,2313.7223,569.8692,2471.9261,106.8589,0.00,0.01
2565,2076.1818,669.3284,2470.3387,543.7632,0.00,0.01
1087,2452.1847,9.2627,2471.8397,2439.7288,0.00,0.02
2566,2219.5472,630.3495,2470.0094,549.4270,0.00,0.01
1088,2084.4068,749.7117,2463.3892,455.0219,0.00,0.02
2567,2439.3028,12.7947,2471.4729,2423.5758,0.00,0.03
1089,2427.9796,4.1700,2437.9778,2425.3731,0.00,0.04
2568,2437.6387,6.7820,2448.7391,2426.6203,0.00,0.03
1090,1914.4873,940.1938,2471.7788,87.0358,0.00,0.02
2569,2435.1345,5.8324,2447.1926,2426.4820,0.00,0.03
1091,2140.3764,767.6205,2448.8001,96.9124,0.00,0.03
2570,2038.1288,747.3147,2467.5203,101.8576,0.00,0.02
1092,2425.2862,0.1342,2425.5523,2425.1132,0.00,0.04
2571,2198.0782,657.4013,2464.3731,319.7865,0.00,0.02
1093,2157.2942,511.4272,2426.8466,860.0850,0.00,0.03
2572,2428.8389,3.1252,2437.7566,2425.3255,0.00,0.04
1094,2425.5350,0.3816,2426.6567,2425.1742,0.00,0.04
2573,2258.6333,531.1507,2464.4443,554.4712,0.00,0.01
1095,2328.3355,381.7742,2428.4117,849.7326,0.00,0.03
2574,2267.9834,545.9161,2471.3552,334.8841,0.00,0.01
1096,2358.3930,262.1615,2426.8395,1343.0472,0.00,0.04
2575,2452.8626,12.7023,2471.2936,2431.2445,0.00,0.02
1097,2425.1438,0.0903,2425.4032,2425.0217,0.00,0.04
2576,2440.2914,6.1366,2451.9090,2428.4825,0.00,0.03
1098,2302.5430,368.7063,2427.0861,958.9616,0.00,0.04
2577,2347.4923,385.0284,2468.6469,858.6017,0.00,0.02
1099,2425.9139,0.4222,2426.7074,2425.3542,0.00,0.04
2578,1689.2286,898.9292,2464.9025,310.0696,0.00,0.02
1100,2170.8780,560.6865,2430.2136,463.9084,0.00,0.03
2579,2173.3279,735.3913,2471.2820,117.1853,0.00,0.02
1101,2426.7315,0.6904,2427.7915,2425.5999,0.00,0.04
2580,2444.0503,5.4894,2454.4513,2434.3779,0.00,0.02
1102,1858.5561,683.0532,2431.8599,718.8027,0.00,0.03
2581,2180.1138,729.5934,2470.8320,112.2464,0.00,0.02
1103,1718.1998,733.9343,2432.7783,684.8968,0.00,0.03
2582,1924.7672,925.7115,2471.7833,146.8710,0.00,0.01
1104,1748.7246,774.7861,2432.2072,398.0830,0.02,0.03
2583,2314.2927,389.4472,2465.2726,850.1315,0.03,0.02
1105,2216.1556,578.1947,2431.8139,213.9714,0.00,0.03
2584,1981.4744,739.6875,2471.4291,334.6852,0.00,0.02
1106,2336.0906,318.7864,2431.5614,1101.8349,0.00,0.03
2585,2432.3461,19.6554,2448.4056,2359.2820,0.01,0.03
1107,2369.6253,193.3377,2431.6304,1621.5648,0.00,0.03
2586,2431.7294,4.0667,2443.2935,2427.0515,0.00,0.03
1108,2254.6717,460.8491,2436.5616,984.4579,0.00,0.03
2587,1938.7027,895.9401,2468.6117,112.2426,0.00,0.02
1109,2427.8089,2.1765,2432.3193,2425.3532,0.00,0.03
2588,1717.6012,954.0749,2463.7586,111.7152,0.00,0.02
1110,2216.0686,497.5914,2438.7087,660.6050,0.00,0.03
2589,2290.7117,562.6047,2448.6912,112.1806,0.00,0.03
1111,2242.8831,475.2052,2438.9188,805.8824,0.00,0.03
2590,2418.1644,5.7490,2426.7346,2408.6136,0.00,0.04
1112,1502.9652,1046.8407,2431.1267,75.2910,0.00,0.03
2591,2428.4166,3.8155,2438.5625,2423.2649,0.00,0.04
1113,2017.1444,555.4513,2434.4333,834.3699,0.02,0.03
2592,2137.3228,676.5528,2470.0865,557.5771,0.00,0.01
1114,1882.7899,802.9600,2434.3426,381.5774,0.00,0.03
1115,1742.8143,940.9671,2432.9672,76.5477,0.00,0.02
2593,2351.4389,383.9399,2464.8528,865.0462,0.00,0.02
1116,1736.8117,804.5024,2431.2049,429.3006,0.00,0.03
2594,2366.6498,352.7289,2471.5462,1000.8691,0.00,0.01
1117,2427.9483,1.8690,2431.2005,2424.1441,0.00,0.03
2595,1895.5047,970.2478,2471.8709,96.9923,0.00,0.01
1118,2327.6648,374.2797,2436.7350,878.5737,0.00,0.03
2596,2343.4091,408.8837,2465.2810,760.1348,0.00,0.02
1119,1897.9866,795.2682,2437.0793,309.1257,0.00,0.02
2597,2443.2626,6.6433,2456.3341,2429.7552,0.00,0.02
1120,1921.1119,702.9487,2434.8265,190.3158,0.00,0.03
2598,2207.6755,648.0508,2471.6053,421.4016,0.00,0.02
1121,2142.1788,744.4287,2431.6803,75.0942,0.00,0.03
2599,2089.7993,778.3989,2471.7254,122.1586,0.11,0.02
1122,2336.1214,338.5075,2432.7034,1025.3647,0.00,0.03
2600,2363.5181,313.3059,2455.3859,1150.4118,0.00,0.02
1123,2427.5200,4.9788,2434.9566,2412.1873,0.00,0.03
2601,2429.9194,4.1363,2440.1070,2424.7086,0.00,0.04
1124,1752.8718,1031.0606,2438.5710,72.1833,0.00,0.03
2602,2048.8129,853.6432,2471.3685,122.1571,0.00,0.01
1125,1641.1665,934.2758,2431.2285,160.3358,0.00,0.03
2603,2104.0132,711.4885,2444.6969,311.3864,0.07,0.03
1126,2425.9266,2.3891,2432.2233,2421.6246,0.00,0.03
2604,2206.8995,663.4206,2471.6965,349.6918,0.00,0.01
1127,1310.7787,822.4615,2436.1997,76.3359,0.00,0.02
1128,1511.0335,733.0505,2432.4169,456.1883,0.00,0.03
2605,1891.0726,906.9635,2469.3543,172.6442,0.06,0.02
1129,2016.9261,745.1681,2441.3064,111.1231,0.00,0.03
2606,2149.9036,641.1547,2471.8160,519.8298,0.00,0.01
2607,1955.5248,879.3923,2469.1847,111.7218,0.00,0.02
1130,2429.5003,2.6147,2437.7082,2427.0396,0.00,0.04
2608,1798.5273,970.3006,2471.7301,135.9293,0.00,0.03
1131,2329.1508,451.1040,2453.2684,582.1517,0.00,0.02
2609,2441.2801,7.6556,2464.6663,2431.9773,0.00,0.03
1132,2436.9603,4.4546,2444.6956,2430.3501,0.00,0.03
2610,2442.1889,13.8453,2471.7802,2426.4773,0.00,0.02
1133,2304.0049,460.6726,2450.0145,523.3136,0.00,0.02
1134,1819.3868,966.0282,2426.0717,77.5641,0.01,0.02
2611,2440.4675,6.4974,2454.1183,2428.5378,0.00,0.03
1135,1887.2402,807.3153,2451.2441,77.5044,1.16,0.03
2612,2145.6311,655.3245,2463.2007,126.1502,0.00,0.02
2613,916.9736,1017.2796,2430.7601,122.7667,0.61,0.04
1136,2253.3061,348.6006,2429.4345,1249.5498,0.01,0.04
2614,2310.6594,562.6136,2471.8767,132.0530,0.00,0.01
1137,2383.7315,22.2316,2407.0830,2315.8030,0.03,0.04
2615,2452.7291,11.9669,2470.4369,2431.7198,0.00,0.02
1138,2401.9208,4.7990,2407.5604,2388.2863,0.00,0.04
2616,2443.6040,8.7543,2464.8634,2431.1680,0.00,0.02
1139,2394.5311,80.8697,2424.2389,2081.9886,0.00,0.03
2617,2429.9889,6.1848,2440.5994,2421.2092,0.00,0.03
1140,2406.2370,5.3475,2420.3773,2399.0769,0.00,0.03
2618,2021.1525,780.4565,2471.2770,132.0477,0.00,0.01
1141,1946.5842,872.6306,2454.9604,102.3611,0.00,0.02
2619,2440.9361,6.1567,2457.1751,2432.7338,0.00,0.03
1142,2434.8317,5.2601,2444.8770,2428.1272,0.00,0.03
2620,2241.2322,572.7043,2471.1619,349.2055,0.00,0.02
1143,2195.4748,601.4241,2444.7577,76.9608,0.00,0.03
2621,2433.6549,9.2367,2452.2155,2424.3512,0.00,0.03
1144,2100.1996,604.5986,2439.6529,614.8329,0.00,0.03
2622,2370.9557,299.1068,2464.2215,1212.8227,0.00,0.02
1145,2424.0395,5.2528,2427.3492,2403.8326,0.00,0.04
2623,2436.2905,6.5899,2447.7664,2427.1250,0.00,0.03
1146,2425.0162,0.0104,2425.0421,2425.0033,0.00,0.04
2624,2433.8560,8.7761,2458.0344,2424.9303,0.00,0.03
1147,2425.5015,0.5459,2427.3307,2425.0945,0.00,0.04
2625,2452.7722,10.0023,2470.8398,2438.0016,0.00,0.02
1148,2162.7816,615.0379,2448.4972,546.7452,0.00,0.03
2626,2436.0715,10.2864,2453.4307,2422.8062,0.00,0.03
1149,2136.3302,698.2669,2401.1295,82.1302,0.01,0.03
2627,2303.2099,565.9205,2469.3099,111.7096,0.00,0.02
1150,2399.0891,1.2404,2400.1250,2395.9537,0.00,0.04
2628,2437.5766,5.9943,2448.9927,2427.4493,0.00,0.03
1151,2403.2203,7.3533,2423.0984,2399.2209,0.00,0.04
2629,2124.2609,701.8605,2471.2307,310.1479,0.00,0.02
1152,2419.0117,8.7226,2424.7011,2399.8503,0.00,0.04
2630,2424.2007,4.3901,2433.6465,2416.8853,0.00,0.03
1153,2424.3862,0.0717,2424.5639,2424.2508,0.00,0.04
2631,2220.8530,638.2425,2470.9020,112.2161,0.00,0.01
1154,2409.6913,9.5926,2424.6806,2399.8869,0.00,0.04
2632,2442.0165,10.3125,2465.7089,2427.9964,0.00,0.02
1155,2424.4319,0.2117,2424.6618,2424.0300,0.00,0.04
2633,1995.3503,909.4271,2469.7685,97.0082,0.00,0.02
1156,2424.4268,0.3057,2424.6566,2423.4151,0.00,0.04
2634,2431.1609,2.3477,2436.6652,2427.4891,0.00,0.03
1157,2424.5394,0.0444,2424.6759,2424.4741,0.00,0.04
2635,1937.9137,898.4723,2470.3160,116.5539,0.00,0.02
1158,2423.5272,5.5147,2426.0467,2402.2800,0.00,0.04
2636,2440.2035,8.2730,2463.2676,2430.9268,0.00,0.03
1159,2424.7398,0.3541,2425.4746,2423.9153,0.00,0.04
2637,2398.5756,153.6818,2458.1876,1804.2870,0.00,0.03
1160,2425.1326,0.6090,2426.3617,2423.7515,0.00,0.04
2638,2338.5076,467.0916,2471.7844,529.7054,0.00,0.01
1161,2427.3190,1.1668,2429.4043,2425.4859,0.00,0.04
2639,2321.3720,511.6927,2470.8863,340.0098,0.00,0.02
2640,2311.1045,510.3106,2461.3409,335.0073,0.00,0.02
1162,2406.2425,18.4656,2436.2472,2342.3072,0.00,0.03
1163,1940.0137,877.8008,2423.0176,97.3621,0.00,0.02
2641,2426.7856,5.4177,2440.7105,2415.7955,0.00,0.03
1164,2413.9009,10.5945,2430.3466,2403.3033,0.00,0.03
2642,2455.8489,9.6726,2470.9166,2436.6193,0.00,0.01
1165,2425.7439,0.7850,2428.3209,2424.9477,0.00,0.04
2643,2117.0591,712.8720,2471.2445,484.0647,0.00,0.01
2644,1813.1030,893.4447,2469.7279,97.4581,0.00,0.02
1166,2411.7355,8.2603,2429.2810,2399.6876,0.00,0.03
2645,2346.7129,361.6112,2453.1808,946.4334,0.00,0.03
1167,2427.9497,1.4714,2432.0312,2425.8528,0.00,0.04
2646,2422.8435,9.1092,2435.5825,2401.2191,0.06,0.04
1168,2291.8324,459.2234,2422.0850,513.4018,0.01,0.03
2647,2184.3309,693.4906,2464.4812,131.1793,0.00,0.02
1169,2415.9761,12.6834,2434.7912,2403.1418,0.00,0.03
2648,2430.9805,3.3350,2440.7062,2427.0828,0.00,0.03
1170,2427.2179,2.5079,2431.1149,2420.5944,0.00,0.04
2649,2453.2973,9.6410,2467.6179,2436.5035,0.00,0.02
1171,2284.3894,385.7890,2443.3327,1069.3613,0.03,0.02
2650,2425.3423,2.8564,2433.8575,2421.1217,0.00,0.04
1172,2253.5286,473.0726,2452.1125,739.4038,0.01,0.02
2651,2051.6001,839.3232,2470.0706,106.8240,0.00,0.02
1173,2266.2588,562.4598,2443.8292,97.3671,0.01,0.03
2652,2445.1793,7.6726,2456.6106,2433.4731,0.00,0.02
1174,2430.5498,2.8421,2436.4804,2426.0763,0.00,0.03
2653,2438.8347,8.6528,2462.2485,2428.3793,0.01,0.03
1175,2158.0976,702.9856,2449.0868,87.3406,0.00,0.02
2654,2329.4398,472.5252,2466.2867,499.6413,0.00,0.02
1176,2126.7215,769.0084,2443.0471,87.4081,0.00,0.03
2655,2442.3781,6.1069,2454.3684,2433.0225,0.00,0.03
1177,2429.4071,2.4608,2434.2215,2425.9097,0.00,0.03
1178,1836.1571,943.5193,2454.7182,87.2636,0.01,0.02
2656,2171.1096,741.8837,2470.0421,101.9016,0.00,0.02
1179,1945.9132,900.6813,2454.0292,77.4753,0.00,0.02
2657,2430.8052,8.3799,2455.2232,2423.9682,0.00,0.03
1180,2438.7155,6.2143,2451.4606,2431.1917,0.00,0.03
2658,2447.4545,7.3668,2466.5207,2437.0856,0.00,0.02
1181,2435.6531,16.3348,2450.3389,2403.0867,0.01,0.03
2659,2446.2790,10.6278,2471.2832,2424.2044,0.00,0.02
1182,2434.9893,10.1373,2450.3749,2400.6558,0.01,0.03
2660,2422.0503,91.4482,2466.1989,2070.3672,0.00,0.02
1183,2432.3537,3.3378,2442.3819,2428.6242,0.00,0.03
2661,2431.4289,4.7000,2443.3496,2425.5231,0.00,0.03
1184,2162.2853,654.1788,2453.7801,87.2563,0.00,0.02
2662,2262.6244,536.3505,2471.8228,553.9956,0.00,0.01
1185,2091.0434,723.7868,2455.5737,102.3319,0.00,0.02
2663,2457.7755,11.4704,2471.8917,2432.6552,0.00,0.01
1186,1835.9146,876.5219,2429.6103,87.2985,0.03,0.02
2664,2095.8974,763.9365,2471.7272,117.2048,0.00,0.01
1187,2350.0513,78.0237,2410.2543,2173.5535,0.57,0.04
2665,2440.8018,6.7660,2455.5526,2433.4990,0.00,0.03
1188,2153.0852,696.4917,2418.6227,-16.6387,0.00,0.03
2666,2439.3940,12.0629,2463.0800,2425.4960,0.00,0.02
1189,2283.3594,499.2561,2425.7444,349.8728,0.00,0.03
2667,2437.3516,6.6728,2453.1563,2426.3630,0.00,0.03
1190,2419.6003,12.3526,2435.3204,2402.4726,0.00,0.03
2668,2293.2851,564.5150,2460.9741,107.3737,0.00,0.02
1191,2414.9507,12.8195,2427.1136,2393.2223,0.00,0.04
2669,2421.4150,6.2697,2441.3058,2415.0658,0.00,0.03
1192,2425.2755,3.4842,2429.2507,2412.5314,0.00,0.04
2670,2199.1467,612.6788,2471.6957,583.9835,0.00,0.01
1193,2415.7743,11.3700,2426.0224,2397.2286,0.01,0.04
2671,2341.0098,316.5470,2465.0053,1262.1363,0.00,0.01
1194,2427.3624,2.1827,2434.1016,2425.0676,0.00,0.04
2672,2446.8196,8.5596,2465.7097,2433.8777,0.00,0.02
1195,1638.8177,942.5099,2456.9173,92.1200,0.00,0.02
2673,2417.6374,27.9117,2447.3136,2327.9436,0.26,0.03
1196,2311.4066,454.7256,2436.6650,550.2937,0.00,0.04
2674,2456.1273,10.2222,2470.9025,2440.2860,0.00,0.01
1197,2427.6084,1.6165,2432.3658,2426.0985,0.00,0.04
2675,2447.7814,8.4145,2465.5228,2435.2828,0.00,0.02
1198,1753.8363,921.3261,2451.0766,82.0752,0.00,0.02
2676,2265.5701,552.0659,2458.9706,131.1718,0.12,0.03
1199,2336.1700,364.3274,2433.7998,925.1559,0.00,0.03
2677,2372.7725,31.1838,2408.0262,2285.6230,0.00,0.04
1200,2426.3968,0.6604,2427.6067,2425.5967,0.00,0.04
1201,2162.9408,522.9037,2448.4400,832.8049,0.00,0.03
2678,2420.5128,6.7396,2438.7085,2414.3813,0.00,0.03
2679,2220.5236,609.2571,2465.3284,528.3839,0.00,0.02
1202,2429.3157,2.2693,2434.9155,2426.3626,0.00,0.04
1203,1418.0689,927.4655,2466.9621,87.0412,0.00,0.02
2680,2318.2917,470.8493,2454.1909,494.8817,0.00,0.03
1204,1686.7723,822.0573,2465.9843,87.1272,0.00,0.02
2681,2428.8595,3.4686,2441.2200,2425.7765,0.00,0.04
1205,2432.3589,3.5255,2439.5042,2427.2524,0.00,0.03
1206,1100.6769,792.6761,2451.5472,87.1602,0.00,0.02
2682,2116.1237,738.6369,2470.5116,117.2552,0.00,0.01
2683,1936.9468,831.9560,2467.7741,102.4434,0.00,0.01
1207,2436.2879,13.8243,2460.2239,2401.8288,0.00,0.03
2684,2300.9937,561.5113,2464.6332,126.4631,0.00,0.02
1208,2326.9001,436.1678,2449.9125,637.8032,0.00,0.03
2685,2433.7144,4.1194,2441.3430,2428.3957,0.00,0.03
1209,2428.9743,2.0808,2432.6933,2426.2815,0.00,0.04
2686,2452.3420,9.0717,2467.6942,2438.2058,0.01,0.01
1210,2090.3592,638.9632,2455.7410,644.7809,0.00,0.02
2687,2449.0507,8.7980,2463.5260,2431.0076,0.00,0.02
1211,2336.0546,291.9920,2433.6348,1231.5196,0.00,0.04
1212,2424.9272,0.2296,2425.4249,2424.4751,0.00,0.04
2688,2411.0286,24.1008,2430.1286,2340.7164,0.00,0.03
1213,2269.3520,393.9255,2435.5113,1178.9066,0.00,0.03
2689,2338.3669,431.4762,2465.6152,667.9870,0.00,0.02
1214,2425.2214,1.2216,2426.2685,2420.7986,0.00,0.04
2690,2428.0051,8.5584,2445.3443,2418.2819,0.00,0.03
2691,2179.4499,694.8808,2452.8720,97.4799,0.00,0.02
1215,2421.2590,10.1497,2427.6475,2397.8410,0.00,0.04
2692,2432.9800,2.8226,2438.7029,2427.6594,0.00,0.03
1216,2427.7913,6.5603,2443.7818,2410.8621,0.00,0.04
2693,2383.1857,185.4456,2465.5362,1778.4372,0.00,0.02
1217,2254.4056,507.0430,2462.0600,632.7392,0.00,0.02
2694,2444.0749,5.1729,2454.2027,2436.0229,0.00,0.02
1218,2429.1504,7.7622,2436.1697,2400.5929,0.00,0.03
1219,2208.2866,599.1829,2454.9668,515.7863,0.00,0.02
2695,2323.3998,339.0630,2467.9331,1304.5752,0.00,0.02
2696,2310.0215,513.9189,2465.9742,320.2993,0.01,0.02
1220,2431.7272,12.5632,2453.0624,2406.4776,0.00,0.03
1221,1333.7067,937.0699,2447.2152,77.4627,0.00,0.02
2697,2288.4453,560.8935,2463.6683,116.6282,0.00,0.03
1222,2430.2078,7.8444,2440.3887,2405.6567,0.00,0.03
2698,2416.2462,3.2592,2424.9869,2411.3317,0.00,0.04
1223,2431.1751,4.3769,2441.9926,2426.4323,0.00,0.03
2699,2239.3912,568.2750,2469.7793,538.7986,0.00,0.01
1224,1447.4058,971.7355,2453.3067,96.8480,0.00,0.02
2700,2162.8682,735.0656,2471.5530,117.2548,0.00,0.02
1225,2082.7337,788.2562,2459.7322,111.9014,0.00,0.02
2701,2418.3492,3.3735,2427.6949,2413.5722,0.00,0.04
1226,2434.8392,4.7349,2443.4201,2428.3110,0.00,0.03
2702,2057.3108,636.1707,2439.4752,330.1124,0.84,0.03
1227,1706.6437,991.3853,2454.0018,82.1708,0.00,0.03
2703,2201.4735,516.6285,2429.8215,356.2725,0.00,0.04
1228,2044.2399,755.1954,2457.2877,92.4607,0.01,0.02
2704,2423.4575,4.2257,2436.2187,2418.4955,0.00,0.03
1229,2400.0627,25.4955,2436.9353,2329.9840,0.04,0.03
2705,2096.8396,736.0441,2471.3357,320.1187,0.00,0.02
1230,2297.7235,563.1445,2451.8639,116.9929,0.00,0.02
2706,2441.3314,10.8929,2467.2348,2424.7673,0.00,0.02
1231,2437.3622,4.8688,2446.7517,2429.0297,0.00,0.03
2707,2316.4294,475.4641,2455.8872,475.0973,0.00,0.03
1232,2363.9815,86.5751,2412.1147,2078.5230,0.49,0.04
2708,2429.3788,3.4758,2436.7871,2422.5738,0.00,0.03
1233,2386.3750,38.1153,2407.6231,2252.3232,0.10,0.04
2709,1878.8803,872.2476,2471.4779,107.3805,0.00,0.01
1234,2402.6127,4.4914,2412.2228,2389.5512,0.05,0.04
2710,2344.2914,444.4093,2471.3592,623.4460,0.00,0.01
1235,2187.2185,620.5947,2436.7173,82.2691,0.00,0.03
2711,2289.1419,526.7648,2471.6813,330.1695,0.00,0.01
1236,2405.9316,11.4759,2438.5324,2394.0443,0.01,0.04
2712,2212.6223,649.6182,2471.3905,112.2681,0.00,0.01
1237,1969.1296,901.2838,2416.6434,82.4215,0.00,0.03
2713,2434.1802,7.1879,2449.7246,2422.2737,0.00,0.03
1238,2427.5015,9.5998,2440.5985,2405.7551,0.01,0.03
2714,2315.5520,567.8123,2471.8029,116.6354,0.00,0.01
1239,2424.0642,16.8393,2443.2820,2396.2982,0.01,0.03
2715,2336.9457,468.1095,2471.5780,524.1552,0.00,0.01
1240,2067.5001,783.5451,2452.3044,97.2441,0.00,0.02
2716,2442.6423,10.7853,2462.9878,2425.1227,0.00,0.02
1241,2427.7691,2.1018,2431.6750,2424.6323,0.00,0.04
2717,2257.7694,521.3195,2462.8109,534.5044,0.00,0.02
1242,1647.7885,874.4508,2462.9928,77.3394,0.00,0.01
2718,2437.0899,6.8458,2452.6502,2429.5693,0.00,0.03
1243,2351.6859,343.8810,2455.8330,1020.1353,0.00,0.02
2719,2327.0319,463.1611,2471.5244,533.8384,0.00,0.02
1244,2431.7153,4.4497,2440.4630,2425.3143,0.00,0.03
2720,2424.2699,2.5286,2427.8021,2417.9928,0.00,0.03
1245,1727.6828,819.6084,2454.9887,92.1750,0.00,0.02
1246,2225.0936,604.4734,2441.6022,87.2658,0.00,0.03
2721,2437.6675,12.6255,2470.4372,2422.1236,0.00,0.02
1247,2427.1053,0.9938,2428.9248,2425.9922,0.00,0.04
2722,2437.9910,5.9811,2454.0775,2427.9288,0.00,0.03
1248,2374.3202,245.1544,2450.1652,1425.0787,0.00,0.03
2723,2449.3315,13.1245,2471.3231,2425.9819,0.00,0.02
1249,2224.1332,527.5584,2455.3429,679.5316,0.00,0.03
2724,2438.4932,5.5048,2447.2947,2429.3323,0.00,0.03
1250,2434.5405,9.0625,2454.6817,2411.8828,0.00,0.03
2725,2432.9970,11.2267,2469.1989,2420.9689,0.00,0.03
1251,1580.8972,1025.9702,2471.0302,87.2527,0.00,0.01
2726,2443.3882,8.2057,2455.7865,2429.5318,0.00,0.02
1252,2203.6491,634.7309,2471.8542,270.4142,0.00,0.02
2727,2439.7437,12.6182,2467.8218,2420.2944,0.00,0.02
1253,2434.7638,4.0380,2442.4826,2428.9173,0.00,0.03
2728,2443.1944,6.7967,2452.5650,2428.1713,0.00,0.02
1254,1758.5445,952.3443,2470.8443,91.8420,0.00,0.01
2729,2434.5264,10.4716,2458.9621,2417.8543,0.00,0.02
1255,2440.9000,5.1529,2451.3371,2430.9716,0.00,0.03
1256,1845.5771,954.9724,2466.9772,82.3546,0.00,0.02
2730,2327.7001,463.0857,2469.7253,534.5362,0.00,0.02
1257,1658.1456,1041.4743,2466.8916,77.3031,0.00,0.02
2731,2436.1410,4.3345,2446.7409,2430.5112,0.00,0.03
1258,2433.5829,3.2104,2439.3554,2426.9109,0.00,0.03
2732,2342.4480,461.0208,2471.9919,557.1925,0.00,0.01
1259,1959.3331,912.5529,2463.1944,87.2772,0.00,0.02
2733,2379.8299,291.1926,2465.4859,1252.3887,0.00,0.01
1260,2293.5508,568.4359,2467.3213,92.4213,0.00,0.02
2734,2452.9859,11.2103,2472.0070,2437.4225,0.00,0.02
1261,2432.5219,3.5322,2438.8726,2424.7461,0.00,0.03
2735,2445.8203,10.6630,2471.8702,2433.4889,0.00,0.02
1262,2274.4947,489.5857,2471.3447,534.5673,0.00,0.02
2736,2437.2575,7.5627,2452.8867,2421.5044,0.00,0.02
1263,2436.5463,6.7303,2456.4094,2429.1309,0.00,0.03
2737,2307.7182,563.0932,2471.7993,127.1075,0.00,0.02
1264,2415.7040,63.0689,2459.9252,2182.2971,0.00,0.03
2738,2320.8263,474.4771,2456.9163,483.3976,0.00,0.02
1265,2411.9759,60.2602,2437.8486,2182.5407,0.00,0.03
2739,2441.0070,4.8516,2448.5595,2429.9444,0.00,0.02
1266,2431.3029,8.1643,2442.6373,2402.4873,0.00,0.03
2740,2325.3546,506.0928,2471.8364,366.0065,0.00,0.01
1267,2430.7353,1.5858,2432.8260,2427.3005,0.00,0.03
2741,2140.3780,708.0395,2468.6855,324.7564,0.00,0.02
1268,2298.1288,432.8026,2449.7396,645.3544,0.01,0.03
2742,2435.8690,7.9368,2461.2669,2424.8952,0.00,0.03
1269,2424.6718,18.5137,2443.3396,2393.2001,0.00,0.03
2743,2450.4458,8.1795,2471.8499,2433.8958,0.00,0.02
1270,2432.2985,6.9615,2440.3383,2417.0114,0.00,0.03
2744,2327.6531,401.0248,2468.9318,775.0387,0.00,0.03
1271,2433.1744,6.2357,2442.9035,2414.0454,0.00,0.03
2745,2425.5480,1.0382,2427.0244,2422.4941,0.00,0.04
1272,2431.5252,6.1111,2440.0651,2411.9269,0.00,0.03
2746,2225.3084,598.8753,2471.6135,126.1914,0.00,0.01
2747,1738.6775,958.5572,2469.8391,111.6247,0.00,0.01
1273,2434.6643,4.0510,2440.4701,2427.8929,0.00,0.03
1274,1853.9007,826.0171,2454.3531,87.0605,0.00,0.02
2748,2054.5405,702.7636,2470.9486,518.9062,0.00,0.02
1275,2126.7438,509.2946,2445.1840,709.0664,0.00,0.03
2749,2439.7075,7.1746,2453.0632,2426.7649,0.00,0.03
1276,2192.0969,507.3440,2443.3957,1050.9320,0.00,0.03
2750,2449.9134,14.0831,2469.5073,2426.1901,0.00,0.02
1277,2431.1625,2.6299,2435.9330,2426.7841,0.00,0.03
2751,2436.7283,6.4508,2448.8534,2427.2511,0.00,0.03
1278,1983.8617,880.6367,2459.0683,92.1222,0.00,0.02
2752,2451.8773,13.5058,2470.4150,2431.6479,0.01,0.02
1279,2244.3896,551.6231,2445.6847,117.2081,0.01,0.03
2753,2436.9292,8.1736,2455.0176,2424.8616,0.01,0.03
1280,2433.1419,3.2608,2437.9528,2428.4683,0.00,0.03
2754,2438.0428,14.9961,2471.8354,2424.8693,0.00,0.03
1281,1844.5881,1015.4131,2452.6746,77.2960,0.00,0.02
2755,2437.4246,7.4580,2453.8801,2425.6784,0.01,0.03
1282,1776.1454,1007.1432,2445.0260,77.2880,0.00,0.02
1283,2285.5676,476.2804,2450.0494,475.4217,0.00,0.03
2756,2439.3781,13.6870,2471.6447,2425.8407,0.01,0.03
1284,2434.6669,4.6032,2443.3021,2426.2422,0.00,0.03
2757,2432.2762,3.6027,2439.0601,2426.2754,0.00,0.03
2758,1934.4241,916.8990,2471.6117,126.2084,0.00,0.01
1285,2220.6864,435.3334,2437.6978,1161.7538,0.00,0.03
2759,2442.4939,11.0097,2460.7608,2429.0459,0.00,0.02
1286,2429.4999,2.5459,2434.2601,2426.0544,0.00,0.03
1287,1586.2186,1008.0972,2454.0448,77.1663,0.03,0.02
2760,2440.6918,7.2313,2451.5678,2428.6311,0.00,0.03
1288,2424.5897,19.0842,2446.5212,2379.6122,0.00,0.03
2761,2296.3270,560.2298,2471.1491,127.0319,0.00,0.02
1289,2249.1673,367.5463,2454.6836,1262.3061,0.00,0.03
2762,2066.5282,747.7451,2432.4014,418.8082,0.00,0.04
1290,2287.0275,568.1479,2443.5470,86.7722,0.03,0.03
2763,2436.0096,9.4964,2453.4232,2426.2189,0.00,0.03
1291,2428.5875,1.9803,2432.6267,2426.1936,0.00,0.04
2764,2083.6597,752.4105,2455.0319,494.3806,0.00,0.02
1292,1862.4770,867.9058,2444.2274,132.0495,0.00,0.02
2765,2429.5676,2.3936,2433.4121,2425.5344,0.00,0.04
1293,2434.4939,3.4942,2443.4207,2429.8749,0.00,0.03
2766,2131.2709,673.3976,2470.3535,539.5661,0.00,0.02
1294,1453.2274,1016.9488,2467.8586,97.1933,0.00,0.02
2767,2428.6143,7.6258,2440.4573,2420.1754,0.00,0.03
1295,2149.8648,600.4195,2441.8620,305.2656,0.01,0.03
2768,2307.7310,565.8011,2465.8959,116.6338,0.00,0.02
1296,2429.7589,2.4711,2436.0979,2426.4034,0.00,0.04
2769,2328.6733,430.1145,2451.1779,662.9700,0.00,0.03
1297,2001.0495,742.4598,2459.1847,82.0714,0.03,0.03
2770,2428.4574,2.0777,2433.4204,2425.6096,0.00,0.04
1298,1607.2745,1033.1778,2453.5737,92.1267,0.00,0.02
2771,2117.9760,752.2905,2469.5393,112.2602,0.00,0.01
1299,2286.6443,451.9349,2443.4469,542.9228,0.00,0.03
2772,2450.5751,12.2067,2469.8470,2422.2432,0.00,0.02
1300,2429.3698,2.0613,2433.5845,2426.4531,0.00,0.04
1301,1698.4622,1018.3903,2463.6018,82.1170,0.67,0.02
2773,2433.3924,3.5570,2439.7937,2427.3573,0.00,0.03
1302,2206.1676,574.0113,2441.2032,102.2518,0.64,0.03
2774,2229.8190,610.7267,2470.9024,131.4056,0.00,0.01
1303,2429.5385,2.0854,2433.6398,2426.6321,0.00,0.04
2775,2279.7397,463.6008,2467.0147,990.5562,0.00,0.01
1304,1557.2682,1013.5749,2449.1612,92.1291,0.00,0.02
2776,2449.8449,13.3829,2469.4818,2425.6543,0.00,0.02
1305,2432.8642,2.8433,2439.0128,2427.4826,0.00,0.03
2777,2434.7927,4.4384,2443.3579,2428.0771,0.00,0.03
1306,1129.7693,1013.2738,2441.4636,92.1613,0.24,0.02
1307,1251.8206,1055.0987,2446.1004,42.3996,0.49,0.03
2778,2322.4243,512.1039,2470.6204,339.5376,0.00,0.01
1308,840.5277,1050.4824,2454.3760,36.8036,0.00,0.02
2779,2335.0177,412.7984,2471.0648,736.9792,0.00,0.02
1309,2412.8277,78.2148,2441.7961,2110.3532,0.00,0.03
2780,2423.8732,2.4953,2427.4711,2417.7330,0.01,0.03
1310,2427.7162,2.1311,2434.3036,2425.2911,0.00,0.04
1311,1365.4949,807.9516,2360.7925,92.2386,0.70,0.04
2781,2434.0125,10.5974,2465.4517,2419.1332,0.00,0.02
1312,1893.3029,604.5558,2433.3386,163.6997,2.56,0.06
2782,2435.0098,7.7101,2447.4883,2416.3481,0.04,0.03
1313,642.4844,930.4852,2422.2864,-22.6361,0.89,0.04
1314,1857.6465,512.0711,2340.3952,685.5282,2.99,0.06
2783,2249.3920,541.4086,2470.7270,702.2022,0.03,0.01
1315,2246.6369,87.7293,2422.2043,2030.9924,0.01,0.04
2784,2415.5615,36.4731,2446.8906,2298.4487,0.34,0.03
1316,2273.9709,80.4522,2356.0683,2077.2721,0.00,0.04
2785,2331.2005,445.1158,2470.5267,608.0538,0.00,0.02
1317,2247.0362,556.4581,2398.3094,91.9920,0.01,0.04
2786,2423.2622,5.6722,2436.0354,2417.1400,0.00,0.03
2787,2298.7658,555.7205,2454.0331,146.5838,0.00,0.02
1318,2367.1699,24.1060,2391.1821,2313.2258,0.00,0.04
2788,2431.2069,4.4597,2441.8084,2426.6779,0.00,0.03
1319,2393.1410,4.8735,2397.9676,2381.7969,0.01,0.04
2789,2059.7093,826.3058,2469.8006,112.2490,0.00,0.01
1320,2399.5365,0.7467,2400.5782,2397.7164,0.00,0.04
1321,1684.7477,1041.8102,2403.2996,86.8222,0.20,0.03
2790,2425.5447,6.5500,2441.8784,2416.8628,0.00,0.03
1322,2397.1101,10.5602,2401.7041,2356.6722,0.01,0.04
2791,2353.2112,373.7546,2463.1043,906.0227,0.00,0.02
1323,2398.4983,2.6685,2400.1931,2389.2760,0.00,0.04
2792,2436.4318,5.8845,2449.7884,2427.7901,0.00,0.03
1324,2399.0250,1.5149,2400.1561,2395.1567,0.00,0.04
2793,2441.9576,13.4763,2470.0272,2420.0335,0.00,0.02
1325,2399.1108,1.6163,2400.3006,2393.6019,0.00,0.04
2794,2325.6642,460.5022,2464.4493,542.4065,0.00,0.02
1326,2399.4550,1.0413,2400.2799,2396.4285,0.00,0.04
2795,2429.5457,2.7138,2436.4242,2426.7928,0.00,0.04
2796,1977.5820,822.3614,2457.5594,257.4981,0.00,0.02
1327,2398.2962,1.7817,2399.8060,2392.3495,0.00,0.04
2797,2432.5986,4.4199,2446.5063,2427.7916,0.00,0.03
1328,2400.1395,1.5259,2401.2401,2394.3902,0.01,0.04
2798,2086.7531,793.7989,2469.6294,127.1048,0.00,0.01
1329,2396.1503,7.3047,2402.8656,2372.4565,0.07,0.04
2799,2206.8736,655.4224,2470.4408,112.2465,0.00,0.01
1330,2400.4489,2.8725,2405.6031,2392.5962,0.00,0.04
2800,2425.9620,12.5805,2469.8645,2415.9401,0.00,0.03
1331,2376.0221,80.6884,2401.2064,2067.0355,0.01,0.04
2801,2195.4957,658.9973,2455.0272,319.8969,0.00,0.02
1332,2401.6069,3.4450,2405.0833,2389.1828,0.01,0.04
2802,2428.5636,2.2366,2433.3976,2425.7275,0.00,0.04
1333,2401.2083,1.8395,2405.0152,2397.3929,0.01,0.04
2803,1806.2045,979.5561,2463.7376,96.4920,0.00,0.02
1334,2181.0812,590.6915,2406.6989,371.7970,0.00,0.04
2804,2429.1481,13.6004,2468.9115,2412.1230,0.01,0.03
1335,2303.4338,385.2865,2408.8759,811.7396,0.00,0.04
2805,2322.1411,468.4171,2463.4459,508.1931,0.00,0.02
1336,2400.3108,6.7443,2407.8421,2378.7221,0.00,0.04
2806,2430.8193,3.8916,2439.2565,2424.8879,0.00,0.03
1337,2404.7691,2.2917,2408.9678,2400.8329,0.00,0.04
2807,2074.9316,796.8281,2470.7547,107.1247,0.00,0.01
1338,2407.9817,2.0067,2410.9557,2403.2570,0.00,0.04
2808,2437.2937,11.5770,2464.4700,2419.7316,0.00,0.02
1339,2366.2203,138.6447,2432.1484,1902.3194,0.00,0.03
2809,2338.6068,395.0633,2455.5103,808.6863,0.00,0.03
1340,2400.7208,34.0031,2412.5105,2269.1703,0.00,0.03
2810,2428.4970,2.3925,2434.3335,2425.7214,0.00,0.04
1341,2403.8169,2.1139,2407.5964,2400.4766,0.00,0.04
2811,2428.5107,91.9105,2470.7815,2075.4288,0.00,0.01
1342,2408.6108,1.8841,2412.7436,2404.4472,0.00,0.03
2812,2016.1582,775.7991,2470.5473,111.8736,0.00,0.01
1343,2033.4371,868.3680,2455.1781,82.3591,0.00,0.02
2813,2306.8825,509.2144,2468.7509,335.0652,0.01,0.02
1344,2431.1560,2.9062,2437.0926,2426.5590,0.00,0.03
2814,2424.0145,6.8444,2437.7827,2416.9172,0.00,0.03
1345,1233.8490,910.9346,2449.4608,87.1915,0.00,0.02
2815,2059.4288,726.8097,2470.5360,330.1116,0.00,0.01
1346,2408.4821,2.4427,2411.4786,2403.2371,0.00,0.04
2816,2185.0063,696.0778,2455.9823,112.2484,0.00,0.02
1347,2306.8225,402.2708,2427.5332,748.9402,0.00,0.03
2817,2432.9113,4.3176,2442.2594,2427.8630,0.00,0.03
1348,1768.8099,814.4299,2406.2983,-32.0252,0.00,0.04
2818,1977.8980,824.8302,2470.7216,111.8729,0.00,0.02
1349,2406.1433,1.4386,2410.0387,2404.3117,0.00,0.04
2819,2420.3973,3.5669,2431.3018,2416.0024,0.00,0.03
1350,2406.9671,2.2545,2412.0465,2402.9510,0.00,0.04
2820,2084.0866,766.3400,2469.1955,397.7993,0.01,0.02
1351,2410.3472,2.8913,2414.1294,2401.1593,0.00,0.03
2821,2449.8026,15.3090,2470.3717,2427.0756,0.00,0.01
1352,1679.4702,935.1610,2455.6345,87.1691,0.00,0.02
2822,2435.8943,5.5088,2447.0097,2428.2801,0.00,0.03
1353,2293.2890,451.9864,2420.4589,542.8123,0.00,0.03
2823,2333.4019,439.3238,2470.5496,633.0107,0.00,0.02
1354,2401.4727,11.6495,2416.1612,2359.3172,0.00,0.04
2824,2424.0848,4.4699,2438.0696,2416.7634,0.00,0.03
1355,1775.8190,913.9965,2454.0652,92.1573,0.00,0.02
1356,404.2282,795.1858,2406.9590,-27.0131,0.00,0.03
2825,2385.3153,268.5548,2468.0156,1345.6554,0.00,0.01
1357,1661.4383,988.4884,2409.8396,133.1690,0.00,0.03
2826,2014.5351,903.9526,2460.8159,107.3056,0.00,0.02
1358,2400.7670,0.5883,2401.6816,2399.8358,0.00,0.04
2827,2187.8693,705.1350,2468.7041,126.5005,0.00,0.02
1359,2401.3826,0.8438,2403.1023,2398.8192,0.00,0.04
2828,2167.2849,715.0619,2446.2191,227.0711,0.00,0.03
1360,1787.0436,926.6121,2408.5540,162.1781,0.05,0.03
2829,2427.6122,1.4189,2430.2944,2425.0485,0.00,0.04
1361,2401.1337,1.0187,2402.5702,2397.5706,0.00,0.04
2830,2326.6442,461.8487,2462.4624,538.1751,0.00,0.02
1362,2268.8452,527.8329,2408.7584,224.5732,0.00,0.04
2831,2430.9107,3.0876,2439.0356,2424.0033,0.00,0.03
1363,2255.0271,566.0265,2422.1247,62.9304,0.00,0.04
2832,2063.7983,800.2572,2466.7603,131.1998,0.00,0.02
1364,2400.1943,1.3002,2401.5699,2395.6573,0.01,0.04
2833,2428.4775,3.6262,2437.2126,2422.6126,0.01,0.03
1365,2401.6523,2.6766,2405.4097,2393.0526,0.00,0.04
1366,335.5960,170.4415,822.4117,97.2021,0.00,0.02
1367,226.4916,264.9628,1209.4158,-18.1963,0.00,0.02
2834,1927.7744,911.5460,2467.1532,96.9822,0.00,0.01
1368,240.5829,200.6244,854.3788,75.5948,0.00,0.02
1369,538.2989,556.0070,2455.9532,118.8311,0.00,0.02
1370,1256.8290,1065.9831,2453.9568,87.2572,0.00,0.02
2835,2102.9596,717.0001,2465.6620,529.7793,0.01,0.02
2836,2126.8221,732.6484,2455.5316,130.8303,0.00,0.02
1371,2371.6682,208.5281,2432.7739,1564.6618,0.00,0.04
2837,2426.0839,6.1729,2443.6375,2415.6896,0.00,0.04
1372,2431.0419,2.3094,2434.8057,2427.4552,0.00,0.03
1373,831.2283,756.7371,2449.5071,77.2263,0.00,0.02
2838,2117.4233,692.2093,2468.2959,116.5386,0.00,0.01
1374,2174.4638,562.6903,2437.9164,588.5659,0.00,0.03
2839,2017.3576,740.0388,2468.2263,303.2677,0.00,0.03
1375,2438.6095,5.1381,2449.8436,2429.1355,0.00,0.03
2840,1930.0597,906.1706,2470.1257,148.9457,0.00,0.02
1376,1160.8352,929.2728,2428.5321,87.2706,0.00,0.03
2841,2176.2656,712.8873,2460.4850,116.4637,0.00,0.02
1377,2374.1298,124.1621,2416.5543,1893.4465,0.00,0.03
2842,2413.1460,39.2542,2439.6057,2290.0311,0.03,0.03
1378,2258.7975,553.9468,2404.2545,113.3739,0.00,0.04
2843,2375.3968,238.5885,2469.6525,1452.2728,0.00,0.03
1379,2403.7674,2.0968,2406.7256,2398.3822,0.00,0.04
2844,2439.7671,8.1672,2455.6535,2425.3167,0.00,0.03
1380,2118.3112,611.3117,2464.4178,97.2020,0.00,0.03
2845,2103.4540,749.4589,2470.1878,305.0285,0.00,0.01
1381,2405.5636,2.0305,2409.8776,2400.9017,0.00,0.04
2846,2425.8318,114.0039,2470.9359,1985.7318,0.00,0.01
1382,2003.8327,765.7937,2463.9994,102.3026,0.00,0.03
2847,2438.9351,14.7106,2469.5119,2423.2303,0.00,0.02
1383,2347.6440,169.8592,2417.0819,1768.5563,0.00,0.03
2848,2352.4420,331.7934,2450.2799,1067.5884,0.00,0.03
1384,2405.5971,1.9480,2408.4182,2402.5232,0.00,0.04
2849,2330.6626,440.8689,2471.1677,623.5785,0.00,0.02
1385,2390.5990,70.2748,2414.3549,2118.7321,0.00,0.03
2850,2431.2844,5.9875,2451.5623,2424.9691,0.00,0.03
1386,2405.6886,2.4078,2409.3473,2398.1432,0.00,0.04
2851,2451.1961,10.9235,2471.6715,2432.5782,0.00,0.02
1387,2087.0505,757.6441,2427.6139,51.9787,0.00,0.03
2852,2439.8664,4.1496,2449.6543,2433.4574,0.00,0.03
1388,2403.7678,2.1384,2407.8616,2400.3631,0.00,0.04
2853,2322.8618,405.3525,2470.4250,807.9289,0.00,0.01
1389,2313.2402,186.8962,2416.2442,1792.3871,0.00,0.03
2854,2201.0373,652.2862,2455.9856,309.9178,0.00,0.02
1390,2406.3771,2.1968,2411.1020,2402.9235,0.00,0.04
2855,1947.7675,849.0548,2466.8123,97.4910,0.00,0.01
1391,1703.6681,804.4822,2465.4304,97.3041,0.00,0.02
2856,2414.2541,8.3907,2425.3324,2387.9239,0.01,0.03
1392,2407.4675,3.3533,2415.3572,2400.9144,0.00,0.03
1393,1652.6863,854.5162,2462.5174,101.7903,0.00,0.01
2857,2188.0399,637.7309,2427.1259,148.0992,0.03,0.03
1394,1633.3670,1013.7998,2454.0939,87.2631,0.03,0.02
2858,2426.1032,9.2560,2445.4459,2416.5058,0.00,0.03
1395,1397.3021,945.3654,2418.4642,72.3463,0.01,0.02
2859,2140.3834,773.9296,2441.1864,90.2729,0.01,0.03
1396,2342.1233,171.7468,2413.7524,1708.2870,0.03,0.03
2860,2429.8663,4.9937,2446.0007,2424.1168,0.00,0.03
1397,2396.7074,4.0347,2403.8526,2389.8972,0.00,0.04
2861,2092.0355,753.2516,2465.3587,315.3497,0.00,0.02
1398,1422.6343,805.7869,2410.9358,97.2644,0.00,0.03
2862,2007.8742,761.4010,2453.2982,119.1810,0.03,0.02
1399,2198.9557,551.5784,2406.0593,404.3363,0.04,0.04
2863,2426.1040,19.3687,2449.6793,2360.8184,0.00,0.03
1400,2401.9396,3.9267,2408.5795,2393.1183,0.03,0.04
2864,2439.2911,6.2943,2452.7619,2430.6865,0.00,0.03
1401,2401.1314,13.4315,2411.7774,2355.8719,0.05,0.04
2865,2228.0079,584.1993,2466.6677,309.0891,0.00,0.02
1402,2334.5717,172.6038,2416.7869,1786.4210,0.00,0.03
2866,2416.0119,7.4748,2426.7835,2394.0609,0.05,0.03
1403,2405.4991,1.3160,2407.0782,2401.4081,0.00,0.04
2867,2446.7719,14.8959,2470.2812,2424.5591,0.00,0.02
1404,2406.6347,3.1069,2411.1039,2399.3662,0.00,0.04
2868,2416.3834,61.0524,2452.1198,2195.9119,0.07,0.03
1405,1951.6674,654.9090,2468.3308,107.3026,0.01,0.02
1406,1840.5215,716.7021,2437.5903,320.5296,0.00,0.02
2869,2444.1516,8.6041,2465.8608,2433.3629,0.00,0.02
1407,2259.9751,345.2710,2418.2434,1103.0147,0.00,0.03
2870,2327.8524,270.2202,2451.9197,1569.9341,0.00,0.03
1408,2407.6697,2.2244,2411.5584,2402.6329,0.00,0.04
2871,2443.8711,16.0091,2470.1114,2415.5519,0.00,0.02
1409,2171.5325,505.8041,2415.6495,415.7342,0.00,0.03
2872,2431.3839,3.0498,2439.3898,2428.0238,0.01,0.03
1410,2406.7737,1.9876,2410.3835,2401.1385,0.00,0.04
2873,2181.2435,643.8514,2464.0450,131.1996,0.01,0.01
1411,2407.7283,2.3057,2409.8530,2402.5284,0.00,0.04
2874,2354.0048,256.8771,2461.2402,1368.7043,0.33,0.02
1412,2342.4968,197.1252,2409.1873,1600.8831,0.00,0.04
2875,2399.8599,57.5240,2442.2530,2234.2931,0.00,0.03
1413,2407.6535,2.4548,2413.0969,2401.3098,0.00,0.04
2876,2195.3503,689.4343,2471.4540,369.0142,0.00,0.01
1414,2409.2115,3.8238,2416.0328,2401.6106,0.00,0.03
2877,2461.8184,8.8676,2472.0667,2441.5289,0.00,0.01
1415,2282.3554,388.8908,2417.2255,845.5207,0.01,0.03
2878,2309.7134,561.1463,2469.2116,136.6896,0.00,0.01
2879,2287.4153,437.1261,2469.2688,1094.6583,0.00,0.02
1416,2410.8043,5.0718,2417.6081,2396.0958,0.01,0.03
2880,2439.7915,7.6532,2450.0049,2426.9621,0.00,0.03
1417,2413.3662,4.4744,2418.8259,2404.1033,0.01,0.03
2881,2428.9558,9.6209,2451.3557,2418.3148,0.00,0.03
1418,2348.6361,224.1137,2419.6891,1480.8858,0.03,0.04
2882,2080.6343,727.6772,2455.5382,97.4806,0.00,0.02
1419,2405.4185,2.6278,2410.8269,2401.5256,0.01,0.04
2883,2429.2052,2.8984,2435.3121,2424.1302,0.00,0.03
1420,2407.0434,1.9312,2410.1700,2401.5377,0.00,0.04
2884,2081.9314,779.0521,2469.4390,334.3744,0.00,0.01
1421,2410.5877,1.7063,2413.7874,2408.4006,0.00,0.03
2885,2446.1094,8.8183,2463.2417,2430.6594,0.00,0.02
1422,2405.4140,4.9083,2412.4828,2394.4501,0.03,0.03
2886,1923.4006,842.0951,2441.8528,333.3300,0.00,0.03
1423,2416.2392,2.9447,2420.2526,2408.8485,0.00,0.03
2887,2320.9434,429.3159,2467.4168,659.5426,0.00,0.02
1424,2409.4081,3.4111,2414.9672,2404.3878,0.00,0.03
2888,1984.6029,848.8583,2469.6072,262.7449,0.00,0.02
1425,2416.7931,2.2527,2419.9155,2412.8197,0.00,0.03
2889,1956.1290,787.3986,2470.9760,359.4144,0.00,0.01
1426,2416.6848,4.3833,2423.5259,2406.6657,0.00,0.03
2890,2435.5760,19.5942,2471.6114,2398.7749,0.00,0.02
1427,2272.8387,216.2188,2413.6835,1747.8706,0.00,0.03
2891,2432.1679,4.4399,2442.2855,2427.1256,0.00,0.03
2892,2033.2816,858.6354,2467.3934,183.8991,0.00,0.02
1428,2415.3497,3.1633,2419.3067,2406.8197,0.00,0.03
2893,2414.5295,16.0569,2437.1766,2380.8102,0.00,0.03
1429,2417.8628,4.9328,2424.6646,2407.2956,0.00,0.03
1430,2369.7076,98.1096,2417.4843,2070.5732,0.00,0.03
2894,2427.2531,7.5970,2449.0129,2417.2740,0.00,0.03
2895,2077.2050,779.4657,2471.7242,354.1706,0.00,0.02
1431,2414.1469,4.5455,2419.3587,2399.4975,0.00,0.03
2896,2438.5175,8.3463,2463.4809,2422.4282,0.00,0.03
1432,2416.5217,3.0158,2420.1591,2409.6216,0.01,0.03
2897,2402.1660,191.5525,2471.0327,1662.0333,0.00,0.02
1433,2416.7621,2.5542,2421.1732,2412.8090,0.00,0.03
2898,2431.5323,6.1077,2444.0142,2423.8657,0.00,0.03
1434,2080.2873,729.5796,2434.2547,91.8365,0.00,0.02
2899,2455.0242,11.6083,2470.7415,2433.1920,0.00,0.01
1435,2411.9778,4.5653,2419.1568,2401.6684,0.00,0.03
2900,2005.9554,705.8213,2467.2201,445.2917,0.00,0.02
1436,2220.7067,242.8531,2421.4625,1817.3423,0.00,0.03
2901,2425.1136,4.2332,2432.4820,2415.6512,0.00,0.04
1437,2414.1258,6.1292,2422.7568,2401.2472,0.01,0.03
2902,2451.3490,12.9129,2471.7455,2428.3022,0.00,0.02
1438,2189.3593,197.7007,2423.6868,1908.9085,0.00,0.03
2903,2251.4827,481.0794,2447.8437,519.1709,0.00,0.03
1439,2414.3960,4.9394,2424.6731,2406.0501,0.00,0.03
2904,2426.7671,0.9555,2428.8029,2425.2008,0.00,0.04
1440,2227.4783,198.6288,2424.3484,1738.3764,0.00,0.03
2905,2443.2476,10.9846,2470.0555,2430.9575,0.00,0.02
1441,2409.2874,4.1904,2421.1165,2402.6473,0.00,0.03
2906,2429.3963,9.6539,2454.2660,2415.6680,0.00,0.03
1442,2400.1574,86.8015,2428.1168,2064.2095,0.00,0.02
2907,2255.3498,541.1933,2468.8753,512.7568,0.00,0.02
1443,2409.6207,3.3405,2416.2482,2403.9774,0.00,0.03
2908,2416.3159,146.1968,2471.5659,1853.3919,0.01,0.01
1444,2343.0723,135.7934,2423.3484,2013.6175,0.00,0.03
2909,2292.9047,557.4036,2467.4647,136.6839,0.00,0.02
1445,2412.0343,4.5569,2421.7544,2404.3680,0.00,0.03
2910,2422.6859,12.9435,2438.5159,2378.6703,0.00,0.03
1446,2301.9075,161.3894,2422.8711,1958.9707,0.00,0.03
2911,2376.7780,306.6361,2470.7196,1189.8424,0.00,0.01
1447,2415.7822,3.6651,2421.1019,2407.7678,0.00,0.03
2912,2433.6962,8.6132,2455.3820,2423.6381,0.00,0.03
1448,2415.2889,3.4736,2419.5806,2405.8877,0.00,0.03
2913,2435.9852,6.5458,2447.7538,2423.9307,0.00,0.03
1449,2415.6095,2.9101,2420.1699,2410.4261,0.00,0.03
2914,2429.8276,10.3966,2460.0794,2415.8625,0.00,0.03
1450,2405.8361,39.2162,2422.3726,2254.1888,0.00,0.03
2915,2087.8661,657.9220,2470.7600,438.2322,0.00,0.01
1451,2415.9946,3.4429,2422.4244,2408.4699,0.00,0.03
2916,2338.9898,473.7339,2471.6397,504.6492,0.00,0.01
1452,2403.5106,59.4905,2424.2132,2173.3302,0.00,0.03
2917,2445.9954,11.8586,2471.3440,2424.8580,0.00,0.02
1453,2328.0035,150.7220,2428.0615,2009.1208,0.00,0.03
2918,2441.8958,9.0260,2471.3934,2427.3892,0.00,0.03
1454,2408.9369,4.8530,2420.8285,2401.6915,0.00,0.03
2919,2397.5894,79.5443,2440.3513,2092.0016,0.09,0.03
1455,2349.8948,152.8213,2422.5808,1910.6487,0.00,0.03
2920,2306.5355,538.2824,2471.5899,222.6991,0.00,0.02
1456,2418.1132,2.8742,2422.2967,2412.8215,0.00,0.03
2921,2424.9436,10.8188,2445.9708,2413.9701,0.01,0.03
1457,2410.9983,5.5597,2420.5008,2397.3233,0.00,0.03
2922,2443.4324,9.3678,2465.2348,2429.2986,0.01,0.02
1458,2255.8037,387.1869,2416.9387,814.0906,0.00,0.03
2923,2428.8438,11.8699,2447.6513,2409.3257,0.00,0.03
1459,2282.3553,125.7234,2412.5473,1997.5846,0.00,0.04
2924,1939.4499,916.0254,2471.5400,131.7336,0.00,0.01
1460,2388.9159,40.8442,2413.1509,2275.5317,0.00,0.04
2925,2437.0053,8.1841,2453.2306,2424.0819,0.00,0.03
1461,2253.0285,589.0528,2423.0240,-27.2098,0.00,0.04
2926,2424.6262,9.2744,2441.1981,2400.1505,0.00,0.03
1462,2396.6803,36.2687,2409.6043,2259.9454,0.00,0.04
2927,2253.3639,544.8251,2471.7232,578.5590,0.00,0.01
1463,2410.4499,6.3008,2424.6892,2404.9019,0.00,0.04
2928,2427.3488,8.1360,2449.0738,2412.6267,0.00,0.03
1464,2419.9909,8.0821,2424.7655,2403.8123,0.00,0.04
2929,2247.9725,559.8388,2471.5258,593.5924,0.00,0.01
1465,2424.1786,0.7754,2425.0911,2421.9535,0.00,0.04
2930,2344.5054,445.8000,2471.1924,618.2905,0.00,0.01
1466,2256.0475,590.0071,2424.7292,-22.4545,0.46,0.04
2931,2441.6477,11.8537,2471.6698,2426.7268,0.00,0.02
1467,2423.4234,4.4241,2424.9377,2406.4754,0.00,0.04
2932,2049.2816,834.2645,2465.7896,131.7337,0.00,0.02
1468,2422.1276,4.2235,2424.8137,2411.4098,0.00,0.04
2933,2435.3627,6.6710,2450.8281,2426.6530,0.00,0.03
1469,2423.9278,2.8886,2424.7745,2412.7644,0.00,0.04
2934,2429.8322,13.5246,2452.9878,2400.8039,0.00,0.03
1470,2424.6757,0.0982,2424.7650,2424.4192,0.00,0.04
2935,2334.4041,444.6818,2463.2125,612.4810,0.00,0.02
1471,2424.7502,0.0265,2424.7927,2424.7132,0.00,0.04
2936,2242.5410,548.1413,2471.5725,597.4076,0.00,0.02
1472,2418.3717,9.0048,2425.4584,2401.5551,0.00,0.04
2937,2437.7575,6.6395,2448.8806,2427.4952,0.00,0.03
1473,2424.6196,0.5336,2424.9974,2422.7702,0.00,0.04
2938,2412.2141,17.3419,2433.4648,2377.9356,0.01,0.03
1474,2424.9099,0.0799,2425.0357,2424.7250,0.00,0.04
2939,2454.1545,13.8293,2471.7549,2419.9373,0.00,0.01
1475,2417.0710,20.6345,2425.2252,2340.4224,0.26,0.04
2940,2213.3093,618.5188,2453.2176,546.9451,0.00,0.02
1476,2425.0303,0.2239,2425.7338,2424.5134,0.00,0.04
2941,2432.6919,4.5996,2442.3345,2426.0447,0.00,0.03
1477,2116.6345,584.9306,2427.0732,624.5824,0.00,0.04
2942,2450.5781,14.2629,2470.2803,2424.9847,0.00,0.02
1478,2424.8562,0.7591,2425.3433,2421.9452,0.00,0.04
2943,2434.9176,6.6932,2450.2848,2425.6558,0.00,0.03
1479,2420.8258,9.3010,2425.9629,2398.1703,0.00,0.04
2944,2423.6070,6.9994,2440.1561,2410.5809,0.00,0.03
1480,2425.5171,0.3915,2426.4583,2424.9028,0.00,0.04
2945,2337.1932,456.7103,2469.4592,568.8608,0.00,0.01
1481,2426.3361,2.3100,2429.9588,2418.6903,0.00,0.04
2946,2443.8235,15.2025,2471.8000,2420.0115,0.00,0.02
1482,2368.5718,224.1020,2429.0415,1500.6419,0.00,0.04
2947,2432.0243,4.8054,2441.5764,2423.2324,0.00,0.03
1483,2426.5278,1.1304,2428.5070,2423.3536,0.00,0.04
2948,2457.3748,11.4823,2471.7945,2434.5978,0.00,0.01
1484,2310.1069,384.5324,2430.9833,842.1355,0.00,0.03
2949,2434.4753,4.8679,2445.0755,2427.5935,0.00,0.03
1485,2202.9117,590.2878,2427.0481,257.2256,0.00,0.03
2950,1969.1029,846.1780,2460.9979,155.5917,0.00,0.02
1486,2424.0347,5.9349,2433.2468,2407.7103,0.00,0.03
2951,2421.6040,3.7918,2426.6308,2409.4693,0.00,0.04
1487,2426.0025,2.0738,2430.5934,2421.3731,0.01,0.04
2952,2436.9661,11.2516,2459.0378,2422.9331,0.00,0.03
1488,2317.4189,426.9970,2431.5747,663.6817,0.00,0.03
2953,2435.7031,4.9871,2447.4916,2429.1470,0.00,0.03
1489,1936.8088,851.4437,2429.0262,315.9719,0.01,0.04
2954,2451.0538,11.9407,2471.9255,2429.3083,0.00,0.02
1490,2426.1467,1.1610,2429.1560,2424.1035,0.00,0.04
2955,2360.4679,301.4654,2451.8474,1193.1259,0.00,0.03
1491,2314.9151,434.3760,2432.0959,632.6048,0.00,0.03
2956,2427.2660,1.8231,2431.9565,2425.4942,0.00,0.04
1492,2426.7353,1.4934,2428.4305,2421.8761,0.00,0.04
2957,2329.5667,453.5888,2453.6354,572.9719,0.00,0.02
1493,2426.6015,7.0189,2434.7929,2406.2481,0.03,0.03
2958,2443.6860,9.1367,2464.1681,2431.1090,0.00,0.02
1494,2281.1033,552.7314,2427.9717,140.6719,0.00,0.04
2959,2435.0720,9.9892,2464.5125,2426.5597,0.00,0.03
1495,2326.7266,363.4690,2426.4533,919.1196,0.00,0.04
2960,2443.1595,8.0977,2463.0892,2429.8705,0.00,0.02
1496,2425.3219,0.6487,2426.3792,2423.4963,0.00,0.04
2961,2433.7060,8.6874,2457.4184,2422.0273,0.00,0.03
1497,2425.5169,0.9414,2426.9825,2422.3179,0.00,0.04
2962,2196.2480,657.5318,2471.8558,354.8841,0.00,0.02
1498,2185.9262,636.7808,2428.9019,470.9727,0.00,0.04
2963,2427.4759,2.2554,2431.5476,2421.8765,0.00,0.04
1499,2425.5760,0.5805,2426.7408,2424.5282,0.00,0.04
2964,2330.0780,467.9184,2471.7741,518.3017,0.04,0.02
1500,2275.5951,406.5446,2427.5332,956.3822,0.00,0.04
2965,2450.1276,11.8541,2471.8824,2435.9696,0.00,0.02
1501,2414.0748,41.6898,2427.1183,2253.2304,0.04,0.04
2966,2432.4442,6.6692,2445.6861,2424.0568,0.00,0.03
1502,2054.4108,674.6615,2431.5812,396.1596,0.00,0.04
2967,2435.9056,7.1693,2447.5132,2424.4601,0.03,0.03
1503,2392.7073,127.5129,2426.3438,1898.8554,0.00,0.04
2968,2440.9060,12.0765,2466.4789,2426.6442,0.00,0.02
1504,2424.9376,0.6543,2425.5408,2422.5704,0.00,0.04
2969,2435.8938,9.4103,2468.8740,2425.7519,0.00,0.03
1505,2425.1092,1.0319,2425.7550,2421.2686,0.00,0.04
2970,2416.4504,113.5825,2466.0002,1978.1116,0.00,0.02
1506,2288.6238,445.7950,2426.0023,593.6490,0.00,0.04
2971,2178.2038,717.3455,2471.4386,136.9965,0.00,0.02
1507,2423.1865,2.5835,2425.6454,2415.3157,0.01,0.04
2972,2434.1016,10.2610,2451.5325,2421.6923,0.00,0.03
1508,2423.8612,6.3277,2426.1388,2399.4494,0.00,0.04
2973,2451.7455,14.3697,2471.7816,2422.8902,0.00,0.02
1509,2424.3669,0.9041,2425.4211,2421.5610,0.00,0.04
2974,2442.6131,11.7899,2471.1281,2420.1855,0.00,0.02
1510,2425.2711,0.7938,2425.9008,2422.3543,0.00,0.04
2975,2446.6572,10.8791,2471.9121,2434.4581,0.00,0.02
1511,2425.7631,0.4768,2426.7190,2424.4289,0.00,0.04
2976,2449.0982,13.6777,2471.7832,2429.7334,0.00,0.02
1512,2425.9114,4.3660,2430.0826,2411.5254,0.00,0.04
2977,2434.1977,4.0026,2441.4261,2425.0522,0.00,0.03
1513,2426.0915,1.6044,2428.2707,2421.4537,0.00,0.04
2978,1951.5740,881.5651,2471.6137,141.6325,0.00,0.01
1514,2427.6316,2.0079,2431.2334,2423.5702,0.01,0.04
2979,2315.6064,555.0061,2471.5336,166.3473,0.00,0.01
1515,2427.0809,6.4209,2434.9728,2415.2087,0.00,0.03
2980,2438.4079,8.6631,2456.5575,2426.1730,0.00,0.03
1516,2426.6544,0.9068,2428.7012,2425.5677,0.00,0.04
2981,2383.9746,203.5128,2449.5551,1596.1427,0.00,0.03
1517,2350.4346,303.0268,2437.7484,1177.9334,0.00,0.03
2982,2428.5060,2.0449,2435.1135,2426.0705,0.00,0.04
2983,2180.5808,580.2628,2469.2165,563.7632,0.00,0.02
1518,2377.1148,26.4587,2418.6519,2323.4699,0.00,0.04
2984,2295.0398,556.0508,2450.2669,141.6315,0.00,0.03
1519,2419.0020,11.7011,2438.3604,2394.6817,0.01,0.03
1520,1967.1643,718.4841,2438.9046,369.0186,0.00,0.03
2985,2427.8983,2.4302,2433.6348,2425.2331,0.00,0.04
1521,1832.5452,763.3001,2427.2658,356.3529,0.00,0.03
2986,2446.6886,11.7760,2469.8741,2427.5905,0.00,0.02
1522,2415.2212,5.9556,2427.0618,2403.9583,0.00,0.03
2987,2182.1863,666.0673,2441.0735,390.4030,0.00,0.03
1523,2238.6149,516.4248,2438.7233,791.4992,0.00,0.03
2988,2426.2756,1.6029,2429.7534,2422.8166,0.00,0.04
1524,2406.6100,27.0407,2428.6890,2314.3566,0.00,0.03
2989,2429.8326,3.7809,2437.6107,2425.3025,0.00,0.04
1525,2430.2717,5.4889,2438.5335,2420.6279,0.00,0.03
2990,2443.7470,12.0570,2471.8616,2418.5945,0.00,0.02
1526,2432.1116,4.2840,2439.0514,2423.3343,0.00,0.03
2991,2441.5877,11.7823,2471.7348,2427.8211,0.00,0.03
1527,2377.8483,72.9691,2435.0076,2189.9812,0.44,0.04
2992,2427.9518,5.7881,2438.2283,2414.5054,0.00,0.03
1528,2189.6956,571.9703,2413.0084,458.9879,0.00,0.04
2993,2304.1353,561.0261,2471.0641,131.7409,0.00,0.01
1529,2411.8582,17.7854,2423.2689,2344.8456,0.03,0.04
2994,2359.5503,277.7919,2449.0321,1283.9809,0.00,0.03
1530,2423.3836,5.7586,2433.3887,2409.3644,0.00,0.03
2995,2426.5950,3.1516,2432.3657,2420.0071,0.01,0.03
1531,2428.7184,4.6818,2436.6080,2419.2886,0.00,0.03
2996,2324.0960,444.2744,2464.0605,603.8221,0.00,0.02
1532,2428.7475,5.7851,2436.0534,2418.0735,0.03,0.03
2997,2423.4253,5.6466,2436.7559,2411.5906,0.00,0.03
1533,2427.4079,1.4372,2432.6277,2426.2715,0.00,0.04
2998,2450.2430,13.1268,2466.6888,2426.0762,0.00,0.02
1534,2434.5062,5.3325,2443.1451,2427.1243,0.00,0.03
2999,2448.8271,14.8687,2471.7789,2413.6041,0.00,0.02
1535,2432.6580,4.5590,2441.9514,2426.1806,0.00,0.03
3000,2357.0800,357.9208,2463.9339,971.1895,0.01,0.02
1536,2432.1678,4.9609,2442.5251,2426.6206,0.00,0.03
3001,2443.6639,7.8652,2461.6485,2433.6653,0.00,0.02
1537,2356.1299,202.0307,2439.9996,1707.1036,0.00,0.03
3002,2334.7667,417.9588,2468.2171,716.9885,0.00,0.02
1538,2365.3864,183.8604,2444.5312,1799.9779,0.00,0.03
3003,2333.8938,243.0787,2444.9501,1543.3645,0.00,0.03
1539,2427.3778,2.6981,2436.3435,2424.9197,0.00,0.03
3004,2421.3276,69.4356,2461.7123,2156.8790,0.00,0.02
1540,2430.2891,2.7953,2436.3718,2426.2469,0.00,0.03
3005,2230.9736,519.6085,2471.6821,702.2345,0.00,0.01
1541,2427.8356,3.6786,2441.5087,2424.3533,0.00,0.03
3006,2022.6671,902.8856,2471.4171,136.6803,0.00,0.01
1542,2432.0045,3.6415,2440.2280,2427.1707,0.00,0.03

3008,2200.5632,637.7996,2455.3549,374.3769,0.00,0.02
1543,2428.2574,3.1950,2434.4183,2424.6574,0.00,0.03
3009,2426.1346,0.7103,2428.3218,2425.2370,0.00,0.04
1544,2432.8275,3.4271,2438.4503,2426.2286,0.00,0.03
3010,2434.1373,5.7059,2445.5898,2428.0979,0.00,0.03
1545,2430.1948,4.9286,2443.5727,2425.7057,0.00,0.03
3011,2358.2628,321.3231,2468.6698,1114.6010,0.00,0.02
1546,2429.7239,2.8854,2436.9871,2426.5425,0.00,0.04
3012,2425.4793,3.4967,2433.3591,2419.9590,0.00,0.03
1547,2426.5392,4.4224,2438.9050,2418.7848,0.00,0.03
3013,2185.2666,701.2652,2456.4014,315.0311,0.00,0.02
1548,2429.8455,3.2108,2436.8746,2425.5995,0.00,0.04
3014,2433.3236,3.1874,2439.3941,2428.9746,0.00,0.03
1549,2422.5045,6.4453,2439.2650,2414.0496,0.00,0.03
3015,1982.0936,831.7452,2471.6401,334.5517,0.00,0.01
1550,2425.5902,0.5306,2426.5260,2424.1277,0.00,0.04
3016,2226.8796,609.2936,2464.1237,155.5831,0.00,0.02
1551,2428.7659,2.0427,2432.8071,2425.7255,0.00,0.04
3017,2421.1718,2.4108,2426.3672,2416.3684,0.01,0.04
1552,2401.1623,60.1796,2440.0323,2173.2825,0.00,0.03
3018,2351.3491,413.1151,2470.7532,751.9082,0.00,0.01
1553,2225.0494,449.8837,2432.7735,631.1262,0.00,0.03
3019,2441.1324,14.1629,2471.7354,2422.0179,0.00,0.02
1554,2420.0340,9.0907,2435.8698,2408.8116,0.00,0.03
3020,2433.0896,4.1547,2445.4571,2427.4300,0.00,0.03
1555,2428.9756,2.8309,2437.5098,2426.4199,0.00,0.04
3021,2183.0397,563.9694,2465.3193,1000.8991,0.00,0.01
1556,2416.2850,4.8715,2426.3031,2409.1496,0.00,0.03
3022,2026.5903,773.3565,2471.7681,349.9297,0.00,0.01
1557,2433.1560,5.7920,2441.7237,2420.0710,0.00,0.03
3023,2306.2631,398.7047,2471.6793,1246.4745,0.00,0.01
1558,2426.8602,3.7910,2438.6522,2422.6425,0.00,0.04
3024,2309.0105,509.9523,2467.1393,334.5932,0.00,0.02
1559,2400.8569,90.4237,2430.7499,2050.9069,0.00,0.03
3025,2423.8353,3.3429,2432.7666,2419.8344,0.00,0.03
1560,2418.1731,3.7275,2426.5038,2411.3875,0.01,0.03
3026,2171.2904,768.1055,2471.7474,131.7430,0.00,0.01
1561,2429.2890,12.3493,2439.7744,2399.3341,0.03,0.03
3027,2387.2979,266.6431,2470.3146,1355.3188,0.00,0.01
1562,2393.0193,154.6109,2451.2976,1794.9345,0.01,0.03
3028,2338.1914,432.8968,2469.5515,661.9207,0.00,0.02
1563,2409.2157,50.1167,2434.1698,2223.0841,0.00,0.04
3029,2441.0808,6.6291,2454.7800,2432.7817,0.00,0.03
1564,2423.1872,6.3076,2431.4784,2408.4764,0.00,0.04
3030,2451.1132,13.8106,2471.5065,2425.8384,0.00,0.02
1565,2434.6616,4.6975,2445.6807,2428.4006,0.00,0.03
3031,2434.7488,5.4261,2452.5064,2428.6856,0.00,0.03
1566,1661.2365,904.0205,2468.0856,116.6518,0.00,0.01
3032,2169.7641,764.8398,2471.6850,136.0825,0.00,0.01
1567,1153.6546,1023.2980,2460.9325,86.0060,0.00,0.02
1568,1458.7650,1114.3668,2471.5574,71.2596,0.00,0.02
3033,2431.0291,7.8572,2447.1947,2422.4612,0.00,0.03
1569,2089.1592,772.3483,2444.2059,92.2527,0.00,0.03
3034,2329.0046,448.1461,2454.2046,593.5034,0.00,0.02
1570,2273.1691,454.4621,2413.1303,535.1056,0.00,0.04
3035,2432.4960,5.3045,2444.4079,2426.2001,0.00,0.03
1571,2414.1123,6.3555,2428.4296,2404.0632,0.00,0.04
3036,2440.1782,10.0300,2457.1625,2425.3629,0.00,0.02
1572,2415.9119,29.4563,2435.0111,2320.1873,0.00,0.04
3037,2332.5699,433.7738,2464.6482,652.9237,0.00,0.02
1573,2426.3180,0.8396,2428.3305,2425.3100,0.00,0.04
3038,2432.4183,4.6291,2441.8911,2425.9013,0.00,0.03
1574,2408.0091,63.5879,2437.6763,2164.2674,0.00,0.03
3039,2270.4820,462.4044,2470.3508,1045.2458,0.00,0.02
1575,2227.9974,512.0939,2436.1127,855.7372,0.00,0.03
3040,2430.1887,8.4370,2452.8491,2421.4532,0.00,0.03
1576,2160.0313,683.4243,2430.9219,256.7331,0.00,0.04
3041,2248.6195,541.6521,2465.1115,603.3729,0.00,0.02
1577,2405.7070,22.8825,2430.0032,2363.6023,0.03,0.04
3042,2354.2730,338.0209,2452.3198,1045.3188,0.00,0.03
1578,2429.3834,3.2367,2436.5160,2423.6241,0.00,0.03
3043,2432.3251,4.9519,2443.0811,2426.2668,0.00,0.03
1579,2343.0152,283.7751,2439.4269,1248.2407,0.00,0.03
3044,2445.8889,11.6050,2466.3782,2425.9719,0.00,0.02
1580,2263.3573,351.1094,2438.2408,1352.7000,0.00,0.03
3045,2435.5063,4.6357,2443.7259,2426.8925,0.00,0.03
1581,2420.1739,33.8576,2435.4064,2291.5671,0.00,0.03
3046,2206.3948,640.6383,2466.9578,117.2062,0.00,0.02
1582,2430.2620,2.7990,2436.6363,2425.3773,0.00,0.03
3047,2421.9895,1.5716,2426.1358,2418.6069,0.00,0.04
1583,1773.4613,743.0539,2420.5891,527.1485,0.01,0.03
3048,2434.1649,12.7169,2471.0317,2422.6679,0.00,0.03
1584,2348.3633,278.7960,2425.8864,1268.7285,0.00,0.03
3049,2437.4630,5.6781,2449.8207,2430.1275,0.00,0.03
1585,2415.8174,23.6308,2428.0226,2332.6227,0.00,0.03
3050,2302.2899,559.4337,2469.6688,136.0843,0.00,0.02
1586,2419.1557,3.8203,2423.5645,2408.0012,0.00,0.03
3051,2429.7419,4.4392,2437.6827,2423.1109,0.00,0.03
1587,2393.7190,114.5253,2428.2422,1950.6670,0.00,0.04
3052,2332.9992,495.0970,2471.1592,415.8627,0.00,0.01
1588,2431.1288,2.6028,2435.9320,2427.7957,0.00,0.03
3053,2077.6066,768.0615,2468.6576,359.8337,0.00,0.02
1589,2431.7640,3.6706,2436.5481,2423.7460,0.00,0.03
3054,2425.6459,4.4074,2435.5118,2420.1092,0.00,0.03
1590,1978.6058,845.0139,2436.8255,56.1138,0.00,0.03
3055,1936.3882,786.2601,2471.2335,528.5664,0.00,0.01
1591,2431.2891,3.5111,2437.6634,2424.6894,0.00,0.03
3056,2431.6728,9.1680,2454.3344,2418.8484,0.00,0.03
1592,2423.4809,16.9679,2437.8276,2387.9986,0.00,0.03
3057,2238.5492,560.5852,2470.1994,608.4675,0.00,0.02
1593,2429.7318,3.5066,2434.2967,2419.6081,0.00,0.03
3058,2436.3508,6.9446,2451.0033,2426.6376,0.00,0.03
1594,2424.6487,11.3087,2437.7487,2403.2612,0.00,0.03
3059,2424.5376,6.6525,2445.3807,2419.5314,0.00,0.03
1595,2426.7453,4.4247,2434.6010,2415.5581,0.00,0.04
3060,2132.8006,693.9519,2471.8737,349.9363,0.00,0.01
1596,2171.7157,655.5800,2432.7795,210.1492,0.05,0.03
3061,2446.3238,10.9291,2468.9407,2433.7498,0.00,0.02
1597,2302.9349,323.7920,2436.5246,1293.2135,0.00,0.03
3062,2437.5920,6.1626,2452.8704,2428.4220,0.00,0.03
1598,2192.6989,583.8585,2431.9824,260.8819,0.00,0.03
3063,2440.9128,9.7860,2464.3882,2426.1170,0.00,0.02
1599,2426.3092,0.7222,2427.6086,2425.2706,0.00,0.04
3064,2292.2198,559.2176,2445.3922,126.4430,0.00,0.03
1600,2425.9188,5.4718,2430.9737,2406.2391,0.00,0.04
3065,2426.3097,0.8009,2427.9078,2425.2019,0.00,0.04
1601,2427.3533,2.0825,2434.0549,2424.0081,0.00,0.04
3066,2439.8581,6.6592,2454.0426,2431.6690,0.00,0.03
1602,2172.7311,611.1515,2435.8840,373.1888,0.00,0.03
3067,2435.9753,8.5553,2453.2318,2422.6418,0.00,0.03
1603,2427.8417,5.8123,2436.3632,2420.4238,0.00,0.03
3068,2095.0245,754.7637,2471.8863,126.4484,0.00,0.02
1604,2304.0347,487.1707,2434.2967,417.2443,0.00,0.03
3069,2181.5168,701.0173,2453.8209,126.4514,0.00,0.02
1605,2426.0243,0.6483,2428.0333,2425.4066,0.00,0.04
3070,2432.7335,4.2453,2441.4828,2428.1731,0.00,0.03
1606,2380.5275,63.1647,2433.6765,2220.1968,0.30,0.04
3071,2249.2360,564.2750,2471.9427,539.3840,0.00,0.01
1607,2426.8662,0.9230,2428.7042,2425.6388,0.00,0.04
3072,2434.1343,7.2313,2445.0750,2422.8832,0.00,0.03
1608,2199.1422,490.7758,2431.9670,758.2927,0.00,0.03
3073,2445.4519,10.2699,2471.2192,2432.3064,0.00,0.02
1609,2340.3359,256.3340,2436.0284,1368.2710,0.01,0.03
3074,2430.9028,8.7333,2458.9390,2423.1385,0.00,0.03
1610,2430.4586,3.2885,2440.0594,2425.0668,0.00,0.03
3075,2444.8116,4.6127,2453.9947,2439.2689,0.00,0.02
1611,2283.8607,484.7581,2432.8085,408.3014,0.00,0.03
3076,2383.1179,261.0420,2471.7535,1373.4172,0.00,0.02
1612,2285.3056,525.3850,2436.6640,251.0157,0.00,0.03
3077,2427.8884,9.3760,2457.2211,2419.5430,0.00,0.03
1613,2430.0928,2.2074,2435.1340,2427.2558,0.00,0.03
3078,2228.5957,612.0944,2471.9201,164.8648,0.00,0.02
1614,2416.5111,6.9576,2423.2221,2395.3680,0.00,0.03
3079,2432.2830,4.7193,2440.4158,2426.3666,0.00,0.03
1615,2425.1074,4.1443,2430.1229,2414.9754,0.00,0.03
3080,2439.2363,11.7938,2465.2719,2420.2480,0.00,0.03
1616,2427.1002,3.7697,2432.9139,2419.1080,0.00,0.03
3081,2431.2114,3.0236,2437.6127,2427.3508,0.00,0.03
1617,2431.9601,4.5229,2439.9887,2423.9271,0.00,0.03
3082,2423.9164,127.1597,2471.8546,1933.4293,0.00,0.01
1618,2378.4491,191.2564,2435.3181,1637.8108,0.00,0.04
3083,2460.1441,9.2826,2471.9202,2444.1729,0.00,0.01
1619,2410.4303,31.4449,2432.6158,2340.9610,0.16,0.03
3084,2334.7478,478.9705,2471.2259,479.9854,0.00,0.01
1620,2426.5006,4.3251,2433.2320,2412.5334,0.00,0.04
3085,2256.3743,523.3400,2464.0905,689.4312,0.00,0.02
1621,2425.5425,10.2108,2437.7862,2397.6012,0.07,0.03
3086,2429.8384,5.8570,2446.4688,2423.1481,0.00,0.03
1622,2430.7757,3.0847,2438.5592,2426.0220,0.00,0.03
3087,1952.3098,872.1302,2471.7110,184.0813,0.00,0.02
3088,1990.5739,810.4570,2470.7085,376.3310,0.00,0.02
1623,2418.1416,12.3355,2436.0602,2385.4993,0.00,0.03
1624,1824.1214,1046.4148,2436.6452,1.6151,0.00,0.03
3089,2179.5217,590.0382,2471.8690,385.3281,0.00,0.02
3090,2075.6350,756.0912,2471.0845,345.5709,0.00,0.03
1625,2430.6348,3.5000,2436.3235,2425.5838,0.00,0.03
3091,2427.5060,1.5624,2430.5774,2425.7977,0.00,0.04
1626,2426.7507,0.7516,2428.5680,2425.6177,0.00,0.04
3092,2155.5669,647.4282,2471.8673,600.6433,0.00,0.01
1627,2407.7696,103.1575,2439.1421,2008.4201,0.00,0.03
3093,2450.9925,14.6700,2471.8452,2428.5025,0.00,0.02
1628,2432.6280,3.6372,2442.7216,2428.5851,0.00,0.03
3094,2431.2405,3.5283,2438.6110,2427.2232,0.00,0.03
1629,2404.2849,88.2124,2432.6691,2062.7834,0.00,0.03
3095,1923.0268,923.7347,2471.4423,127.1027,0.00,0.02
1630,2427.9226,3.1357,2434.4546,2424.2706,0.00,0.03
3096,2427.4541,3.1934,2436.7097,2423.5639,0.00,0.03
1631,2388.6315,158.8340,2436.2668,1773.7597,0.00,0.03
3097,2229.1480,625.2046,2470.4114,136.0988,0.00,0.01
1632,2355.6456,187.1484,2440.7168,1760.2555,0.00,0.03
3098,2450.4000,14.5078,2471.6629,2427.9430,0.00,0.02
1633,2360.3314,269.1256,2437.4527,1318.1657,0.00,0.03
3099,2431.1911,3.6587,2438.6159,2426.4649,0.00,0.03
1634,2423.1737,1.8545,2426.4492,2417.4596,0.01,0.04
3100,1939.1544,900.7962,2470.1093,112.2582,0.00,0.01
1635,2424.9894,3.5593,2435.8664,2418.3272,0.00,0.03
3101,2435.2463,6.5607,2454.0860,2426.3650,0.00,0.03
1636,2432.4464,2.3088,2436.3502,2428.5846,0.00,0.03
3102,2208.1236,576.2972,2471.7639,406.0036,0.00,0.02
1637,2425.6638,4.1735,2436.2447,2418.4910,0.00,0.03
3103,2155.5240,636.4175,2467.8234,620.1930,0.00,0.02
1638,2427.3735,1.1093,2429.2790,2425.2283,0.00,0.04
3104,2452.3180,10.0586,2471.7078,2435.3001,0.00,0.02
1639,2419.5806,52.4316,2439.3725,2216.8810,0.01,0.03
3105,2330.8995,402.9328,2443.1545,770.4474,0.00,0.03
1640,2431.2286,2.4373,2437.3447,2428.7940,0.00,0.03
3106,2430.5600,3.6556,2436.7434,2426.0233,0.00,0.03
1641,1864.3754,946.8239,2436.7695,6.5963,0.01,0.03
3107,2447.5862,8.6476,2463.4833,2435.7139,0.00,0.02
1642,2433.4190,3.2824,2438.7061,2427.1947,0.00,0.03
3108,2437.0463,6.2537,2451.1991,2427.3791,0.00,0.03
1643,2427.7919,5.8268,2438.7332,2418.5140,0.00,0.03
3109,2433.9963,5.9761,2449.6619,2425.1455,0.00,0.03
1644,2381.7375,155.5727,2429.6608,1779.7659,0.08,0.03
3110,1839.9554,892.7098,2471.1003,127.1097,0.00,0.02
1645,2173.0080,673.7675,2430.6816,325.2532,0.01,0.03
3111,2425.7265,9.0469,2438.5206,2401.1428,0.01,0.03
1646,2427.9314,3.5531,2436.3290,2420.1173,0.00,0.03
3112,2443.9470,11.1968,2470.2547,2431.1101,0.00,0.02
1647,2255.9369,512.2558,2436.5493,407.7081,0.00,0.03
3113,2433.2112,8.6723,2454.0211,2423.7694,0.00,0.03
1648,2424.7720,5.0253,2438.6560,2419.1867,0.00,0.03
3114,2441.3786,9.3986,2468.8827,2431.4080,0.00,0.03
1649,2286.0838,561.8736,2436.0607,109.9898,0.00,0.03
3115,2429.7472,11.4023,2455.0055,2419.4313,0.00,0.03
1650,2425.1555,8.4967,2435.6401,2406.0163,0.03,0.03
3116,2442.1869,11.2205,2470.1809,2430.6925,0.00,0.03
1651,2431.4844,4.6291,2438.8819,2422.5738,0.01,0.03
3117,2431.7856,5.5967,2441.1045,2423.7691,0.00,0.03
1652,2425.9143,2.4568,2430.5375,2420.5912,0.00,0.04
3118,2447.2926,11.1339,2464.8753,2430.5809,0.00,0.02
1653,2350.1402,313.2720,2438.3308,1136.9548,0.00,0.03
3119,2425.4068,2.0184,2429.1940,2422.2820,0.00,0.04
1654,2163.2562,577.1373,2438.0863,572.9381,0.00,0.03
3120,1715.7468,979.8891,2471.8273,112.2458,0.00,0.01
1655,2191.3079,625.9565,2431.0567,332.3422,0.00,0.03
3121,2447.7764,9.2961,2469.1970,2433.2751,0.00,0.02
1656,2427.7298,1.5650,2431.0208,2425.6794,0.00,0.04
3122,2446.6967,8.1287,2471.7939,2436.9110,0.00,0.02
1657,1208.5411,1133.1944,2426.5170,20.3057,0.04,0.04
1658,1509.0892,1069.4235,2413.7037,19.4125,3.21,0.07
3123,2441.0997,12.5159,2468.5318,2426.0248,0.00,0.02
1659,2429.4683,4.6917,2437.2150,2415.8994,0.00,0.03
3124,2438.5116,6.2194,2451.8945,2430.2694,0.00,0.03
1660,2427.2396,0.9789,2429.1359,2425.4417,0.00,0.04
3125,2450.6988,15.0129,2471.7487,2431.5452,0.00,0.02
1661,2427.9902,5.3824,2437.8984,2418.3460,0.00,0.03
3126,2434.5864,5.5675,2447.4650,2426.1959,0.00,0.03
1662,2428.6290,1.6965,2432.3935,2426.5164,0.00,0.04
3127,2440.5326,11.2102,2463.3900,2426.4819,0.00,0.02
1663,2422.3071,11.1500,2431.0568,2397.7400,0.00,0.03
3128,2349.8080,347.1121,2462.7631,1005.9034,0.00,0.03
1664,2433.4299,3.0430,2438.5371,2429.2812,0.00,0.03
3129,2428.4073,1.7809,2431.9426,2426.3071,0.00,0.04
1665,2418.6942,11.4660,2430.3921,2383.8289,0.00,0.03
3130,2326.0635,457.7700,2463.3762,553.3937,0.00,0.02
1666,2176.5506,667.5068,2435.6570,401.3657,0.00,0.03
3131,2434.9564,6.6983,2455.0847,2427.7147,0.00,0.03
1667,2433.4428,6.5431,2451.7252,2427.6928,0.00,0.03
3132,2453.9078,12.0512,2471.7893,2434.0071,0.00,0.02
1668,2153.3199,567.9466,2427.3634,360.1138,0.00,0.04
3133,2247.1629,540.0651,2470.3246,583.0025,0.00,0.02
1669,2364.5675,139.9974,2429.5929,1896.1602,0.07,0.03
3134,2431.4348,3.4544,2442.1393,2426.8127,0.00,0.03
1670,2369.7837,72.7635,2416.1118,2187.8529,0.00,0.04
3135,2205.2246,671.2229,2470.6714,335.1185,0.00,0.01
1671,2419.1705,8.7620,2425.8269,2393.8204,0.00,0.03
3136,2453.5810,8.9029,2467.2418,2433.5514,0.00,0.02
1672,2409.4597,84.8016,2434.6958,2081.2653,0.00,0.03
3137,2229.2778,605.0549,2469.6671,558.2707,0.00,0.01
1673,2430.0627,2.3553,2434.6372,2425.1783,0.00,0.03
3138,2182.4876,730.9111,2470.9965,126.2672,0.00,0.01
1674,2423.1568,2.0703,2427.2035,2420.0434,0.00,0.04
3139,2341.4009,422.3371,2471.0842,706.4866,0.00,0.02
1675,2429.1908,3.5769,2436.4811,2423.0150,0.00,0.03
3140,2333.7281,445.7158,2470.7460,607.7427,0.00,0.02
1676,2429.5187,2.3094,2432.5891,2424.7831,0.00,0.03
3141,2317.8461,403.1643,2439.3414,757.3964,0.00,0.03
1677,2430.0906,2.5405,2434.9526,2427.5293,0.00,0.03
3142,2415.2915,11.1120,2429.9932,2403.0010,0.00,0.04
1678,2421.9089,2.0522,2425.6871,2418.4677,0.00,0.04
3143,2426.4872,0.8440,2428.3248,2425.3078,0.00,0.04
1679,2429.1313,5.6652,2434.9021,2410.4951,0.00,0.03
3144,2423.5328,13.6067,2449.2625,2404.6513,0.00,0.03
1680,2430.4269,3.9002,2436.4672,2424.0763,0.03,0.03
3145,2439.2913,7.0587,2455.6632,2430.2556,0.00,0.03
1681,2430.8810,3.4678,2435.5321,2425.4037,0.01,0.03
3146,2447.8451,13.1747,2471.2564,2428.4455,0.00,0.02
1682,2428.1983,3.0464,2434.2349,2420.6075,0.00,0.04
3147,2326.1096,424.4112,2449.3349,682.7461,0.00,0.03
1683,2317.2019,402.8196,2430.5825,757.2857,0.00,0.03
3148,2427.8449,1.5365,2432.2240,2425.7818,0.00,0.04
1684,2420.8989,2.8743,2425.5401,2415.9625,0.00,0.03
3149,2440.8001,11.7488,2458.0584,2410.2875,0.00,0.03
3150,2090.5646,684.5740,2470.9252,359.5420,0.00,0.01
1685,2430.9211,3.2762,2437.1694,2425.2194,0.00,0.03
3151,2337.7378,454.1231,2471.8734,579.1063,0.00,0.02
1686,2433.1596,2.4144,2437.5604,2429.2594,0.00,0.03
3152,2293.6712,467.3563,2466.2307,628.4440,0.00,0.01
1687,2281.9249,578.3641,2438.5434,41.9636,0.00,0.03
3153,2453.1330,12.1182,2471.7384,2430.1794,0.00,0.01
1688,2426.8194,0.8665,2429.1334,2425.6660,0.00,0.04
3154,2436.3820,11.2924,2465.4821,2411.3302,0.00,0.03
1689,2428.1463,6.9868,2437.3557,2412.9219,0.00,0.03
3155,2449.0230,9.9145,2465.5303,2433.9671,0.00,0.02
1690,2429.0465,2.5244,2437.6450,2426.6567,0.00,0.03
3156,2442.7640,10.0317,2470.3359,2428.3047,0.00,0.02
1691,2358.3744,246.2328,2435.4519,1405.1972,0.00,0.03
3157,2426.9375,2.2310,2432.3217,2424.5100,0.00,0.03
1692,2423.6412,6.4390,2436.0781,2411.6987,0.00,0.03
3158,2447.5871,13.6946,2471.8282,2423.9236,0.00,0.02
1693,2428.7264,3.6667,2434.1627,2420.7774,0.01,0.03
3159,2434.8802,2.4032,2439.0200,2430.2302,0.00,0.03
1694,2384.9305,107.3328,2425.0160,1989.4631,0.00,0.03
3160,2451.0527,5.7972,2463.7818,2440.0574,0.00,0.02
1695,2421.4566,6.9855,2435.2952,2407.5549,0.00,0.03
3161,2352.1123,346.5761,2470.3446,1010.7846,0.00,0.02
1696,2431.2449,3.3761,2437.2082,2426.1108,0.01,0.03
3162,2424.6343,2.7111,2433.2612,2422.0893,0.00,0.04
1697,2425.5064,5.3786,2436.9023,2416.1194,0.00,0.03
3163,2445.9343,7.6524,2459.7752,2431.4122,0.00,0.02
1698,2427.2143,1.4886,2429.8724,2422.8919,0.00,0.04
3164,2070.2326,812.0406,2467.0692,107.3084,0.00,0.02
1699,2405.7720,46.3722,2436.9480,2262.9909,0.04,0.03
3165,2439.0489,6.7426,2453.9454,2428.9488,0.00,0.03
1700,2427.1478,0.6627,2428.1312,2426.0948,0.00,0.04
1701,1793.7422,996.7392,2435.1618,46.1476,0.97,0.04
3166,2440.8573,10.3195,2464.6658,2420.6568,0.00,0.02
1702,2280.2373,574.3535,2435.3949,55.9521,0.00,0.03
3167,2435.0912,5.6585,2445.1645,2427.6281,0.00,0.03
3168,2293.2882,514.0590,2471.8394,344.9785,0.00,0.02
1703,2430.2813,2.8966,2435.4788,2422.7781,0.00,0.03
1704,2136.6620,720.7152,2433.3802,70.0810,0.00,0.03
3169,2422.6667,16.6359,2453.3515,2386.4337,0.00,0.03
1705,2431.1288,2.2118,2435.9344,2428.1723,0.00,0.03
3170,2437.8508,11.7443,2464.2670,2426.3276,0.00,0.03
1706,2001.9405,775.4559,2435.7611,180.8364,0.01,0.03
3171,2433.8212,4.5002,2440.4605,2427.0385,0.00,0.03
1707,2299.8782,492.4696,2436.5280,392.6714,0.01,0.03
3172,2452.3203,10.8577,2471.0652,2435.9496,0.00,0.02
1708,2430.4098,3.2159,2436.5345,2426.0126,0.00,0.03
3173,2321.1857,464.1299,2452.0856,523.7548,0.00,0.03
1709,2425.1256,5.7818,2441.5333,2417.1412,0.00,0.03
3174,2428.4712,6.2725,2436.5155,2410.4751,0.00,0.03
1710,2430.0371,4.4456,2439.3798,2418.7937,0.00,0.03
3175,2441.6556,8.4151,2465.0531,2430.5870,0.00,0.03
1711,2229.5134,529.8919,2471.7046,364.4711,0.00,0.03
3176,2369.7458,257.2915,2453.0515,1373.5780,0.00,0.03
1712,2423.5838,32.2589,2442.7567,2300.4708,0.00,0.03
3177,2422.6544,1.7973,2425.3045,2417.3096,0.00,0.04
1713,2326.9183,399.9971,2440.6801,777.8422,0.00,0.03
3178,2319.3542,511.1718,2471.2264,340.0243,0.00,0.02
1714,2422.2355,3.1969,2429.0237,2417.1765,0.00,0.04
3179,2435.6565,7.4397,2452.7022,2422.7239,0.00,0.03
1715,2381.7328,178.1433,2431.0296,1691.8181,0.00,0.04
3180,2333.8573,450.6225,2470.9929,588.8901,0.00,0.02
1716,2428.6312,1.3675,2432.0169,2426.4728,0.00,0.03
3181,2440.1765,7.1295,2455.1805,2429.7366,0.00,0.03
1717,2426.5849,2.8414,2432.3761,2418.3119,0.00,0.04
3182,2438.5813,9.4636,2463.7643,2426.5425,0.00,0.03
1718,2292.8883,525.8823,2434.2760,256.3390,0.00,0.03
3183,2192.8326,600.0433,2471.5260,607.8631,0.00,0.02
1719,2428.9143,2.6333,2433.1063,2423.3905,0.00,0.03
3184,2443.8667,10.2561,2471.2470,2430.0841,0.00,0.02
1720,2299.1307,374.4185,2435.8650,1008.2921,0.00,0.03
3185,2432.2569,13.1698,2471.5874,2420.0364,0.00,0.03
1721,2430.0053,2.0221,2434.2872,2426.3483,0.00,0.03
3186,2181.7500,702.8516,2461.9980,121.9198,0.00,0.02
1722,989.1559,1124.6278,2437.4759,26.6827,0.00,0.03
3187,2434.4839,4.3603,2442.0560,2427.2499,0.00,0.03
1723,2232.9367,495.9238,2433.2376,818.4860,0.01,0.03
3188,2374.7498,297.5486,2470.5752,1223.7771,0.00,0.02
1724,2426.0549,6.0738,2434.5045,2404.5089,0.00,0.03
3189,2422.3625,98.0841,2471.4560,2046.2847,0.00,0.02
1725,2430.4681,3.1662,2437.1271,2423.1045,0.03,0.03
1726,60.2707,14.6841,99.0698,45.8312,0.00,0.03
1727,100.8638,68.7763,354.7138,59.8964,0.00,0.04
1728,81.2745,60.1976,304.4558,50.1633,0.00,0.04
1729,725.5711,905.2441,2460.6866,98.8117,0.00,0.03
3190,2430.6670,9.7862,2461.2553,2422.1734,0.00,0.03
1730,2425.6647,1.3587,2428.9282,2423.2820,0.00,0.04
3191,2166.1195,769.0948,2471.8082,112.3415,0.00,0.01
1731,571.3890,907.6576,2455.6874,55.1723,0.00,0.03
3192,2272.3159,490.2469,2471.7534,638.2105,0.00,0.02
1732,2161.4989,708.9588,2465.8869,215.2007,0.00,0.04
1733,2298.4155,509.2316,2465.5549,326.5322,0.00,0.04
3193,2440.8085,9.2204,2465.7744,2430.0216,0.00,0.03
3194,2067.7040,661.2752,2470.3888,679.3110,0.00,0.03
1734,2425.4942,0.4876,2427.0333,2425.0279,0.00,0.04
1735,1275.7125,1166.4801,2454.0508,64.7680,0.00,0.03
3195,2320.8692,515.3736,2471.0906,325.2637,0.00,0.02
1736,2425.4286,0.3176,2426.4807,2425.1519,0.00,0.04
3196,2116.9455,723.1015,2469.3968,166.3914,0.00,0.01
1737,2430.5365,3.4699,2441.4693,2426.4526,0.00,0.03
3197,2435.6876,15.0210,2468.3612,2395.2639,0.00,0.03
1738,1079.6738,868.6300,2458.8505,101.4190,0.00,0.01
3198,2110.9280,736.4428,2471.6145,141.6427,0.00,0.01
1739,1701.6182,718.7321,2436.0194,249.1145,0.06,0.04
3199,2056.6269,842.3715,2471.6957,131.7532,0.00,0.01
1740,1718.2248,873.2209,2443.8385,187.4980,2.03,0.04
3200,2279.6229,494.6831,2471.7233,652.9701,0.00,0.01
1741,2017.4535,789.2150,2439.0731,-52.7620,9.12,0.13
3201,2066.5694,811.8108,2471.7047,136.7018,0.00,0.01
1742,2123.4292,632.6260,2431.3031,-10.2264,2.65,0.05
3202,2129.9686,720.9444,2471.2571,320.0427,0.00,0.01
1743,2102.8649,371.6080,2425.3955,1363.9797,0.01,0.04
3203,2195.2883,697.6728,2471.4793,334.5625,0.00,0.01
1744,2393.8558,109.9153,2427.6682,1968.8360,0.00,0.04
3204,2449.6683,12.0952,2471.7430,2433.2403,0.00,0.02
1745,2430.0072,3.0885,2437.4057,2426.1326,0.00,0.04
1746,1118.1837,1083.1828,2469.2978,73.9908,0.00,0.02
3205,2353.0625,343.0635,2463.4706,1024.8292,0.00,0.03
1747,2127.3847,525.4688,2435.7250,969.3658,0.00,0.04
3206,2429.5923,3.0219,2435.7156,2425.4298,0.00,0.04
1748,2425.7440,1.8599,2429.8347,2422.1932,0.00,0.04
3207,2456.2027,7.9604,2469.3991,2443.6453,0.00,0.01
1749,2431.2958,2.7134,2438.0198,2427.7527,0.00,0.03
3208,2256.4277,522.7441,2471.3865,597.8963,0.00,0.02
1750,1592.4482,994.2238,2470.5923,116.5335,0.00,0.02
3209,2440.2890,6.9296,2453.9652,2431.5713,0.00,0.03
1751,2428.6906,1.9378,2434.9160,2426.0856,0.00,0.04
3210,2314.1435,508.5307,2464.3469,344.9344,0.00,0.02
1752,1709.0987,1034.0363,2471.8961,99.9671,0.00,0.02
3211,2435.8483,7.6730,2454.9200,2425.6383,0.00,0.03
1753,2441.0885,10.6885,2464.4702,2431.9168,0.00,0.03
1754,1457.2976,955.2873,2425.7210,50.5102,0.00,0.03
3212,2097.3221,782.6042,2464.5662,112.2767,0.00,0.02
1755,2015.7481,829.9192,2430.2427,207.2653,0.00,0.04
3213,2439.6266,8.5507,2464.6828,2429.2209,0.00,0.03
1756,1948.9801,848.1827,2428.5364,109.1338,0.00,0.03
3214,2438.7511,12.1719,2471.6343,2426.0419,0.00,0.03
1757,2275.5170,413.5988,2429.6317,809.9561,0.00,0.04
3215,2327.8454,429.8914,2455.4490,663.0605,0.00,0.03
1758,2421.0916,6.3403,2430.5663,2398.7313,0.00,0.04
3216,2429.3961,3.5294,2438.3679,2425.7892,0.00,0.04
1759,2423.1523,2.5668,2429.4371,2417.5560,0.00,0.04
3217,2163.4665,772.5366,2470.1360,112.2468,0.00,0.01
1760,2309.0644,474.0959,2451.6277,473.1069,0.00,0.03
3218,2122.7037,725.9915,2471.8000,136.0890,0.00,0.01
1761,2292.2963,515.0000,2425.7996,297.7124,0.00,0.04
3219,2071.1212,799.4417,2465.3953,117.3009,0.00,0.02
1762,2309.0235,462.9674,2440.6628,516.0414,0.00,0.04
3220,2459.0383,11.8261,2471.7550,2432.5148,0.00,0.01
1763,2425.6157,0.5054,2426.7502,2425.0291,0.00,0.04
3221,2281.6226,433.9087,2466.0299,1104.7927,0.00,0.02
1764,2431.0739,2.3846,2436.2522,2427.7610,0.00,0.03
3222,2431.2143,2.6196,2438.8382,2428.2046,0.00,0.03
1765,1769.3479,1016.2714,2425.2879,31.2748,0.00,0.03
3223,2337.0745,451.4580,2471.7560,588.8960,0.00,0.02
1766,2404.5422,47.3680,2423.5604,2222.8209,0.03,0.03
3224,2311.1973,508.9953,2454.2604,340.0241,0.00,0.02
1767,2166.1616,665.3495,2438.4107,215.3171,0.01,0.03
3225,2430.2531,3.3939,2435.9150,2426.5312,0.00,0.03
1768,2345.0596,308.1782,2434.3752,1153.3163,0.00,0.03
3226,2147.1672,664.0895,2470.1389,544.4809,0.00,0.01
1769,2013.8910,666.4792,2432.3866,283.1298,0.00,0.03
3227,2444.5826,11.9862,2464.7547,2425.8837,0.00,0.02
1770,2426.4237,3.3672,2431.5511,2417.3825,0.00,0.03
3228,2436.4338,6.5705,2451.8319,2427.4851,0.00,0.03
1771,2411.5501,97.3743,2449.9010,2035.4337,0.00,0.03
3229,2443.7592,12.0007,2466.1825,2424.9062,0.00,0.02
1772,2431.7174,4.5120,2436.4598,2420.5937,0.00,0.03
3230,2325.3782,452.2482,2454.2964,574.0809,0.00,0.02
1773,2429.8608,3.1559,2436.2269,2424.8598,0.00,0.03
3231,2430.1635,2.3732,2434.9348,2426.4706,0.00,0.03
1774,2106.5225,697.7901,2465.1691,245.6451,0.01,0.03
3232,2106.7225,790.9911,2470.7720,97.4838,0.00,0.01
1775,2427.9481,7.6223,2433.0594,2399.4888,0.00,0.03
3233,2140.6987,666.3104,2471.6072,534.5134,0.00,0.01
1776,2109.8343,714.3217,2444.7684,111.6666,0.00,0.03
3234,2346.2849,442.3350,2471.1959,633.4418,0.00,0.01
1777,2429.5757,2.6632,2434.2845,2425.8923,0.00,0.03
3235,2045.0053,862.1462,2468.6634,112.3500,0.00,0.01
1778,1947.0865,790.1000,2444.0705,143.7732,0.00,0.03
3236,2333.6331,468.4664,2470.0651,519.8357,0.00,0.01
1779,2202.3051,563.6522,2437.0382,414.6920,0.00,0.03
3237,2429.1142,8.2626,2449.1727,2418.1377,0.00,0.03
1780,2417.6349,59.9592,2452.4271,2187.3507,0.00,0.03
3238,2444.0254,7.7194,2464.6437,2428.5588,0.00,0.02
1781,2422.2500,5.0069,2428.1311,2412.1727,0.01,0.04
3239,2435.1179,10.4736,2460.6546,2419.5349,0.00,0.02
1782,2427.8246,1.1860,2429.7230,2425.4376,0.00,0.04
3240,2394.2045,201.6616,2469.9396,1614.2735,0.00,0.02
1783,2288.0433,470.4005,2442.6623,487.0079,0.00,0.03
3241,2096.2636,720.8083,2447.3528,336.9557,0.00,0.03
1784,2247.7414,486.6835,2436.9797,462.5821,0.00,0.03
3242,2427.7955,1.8173,2432.3058,2425.2512,0.00,0.04
1785,2187.7619,610.5994,2441.4309,520.2039,0.04,0.03
3243,2172.5167,665.3329,2471.8713,315.3469,0.00,0.01
1786,2416.9085,7.6720,2429.2295,2393.0658,0.03,0.04
3244,2330.5057,448.6050,2465.9059,593.2778,0.00,0.02
1787,2425.9750,8.1336,2451.5446,2415.8144,0.00,0.04
3245,2443.3302,10.3126,2470.0196,2428.1534,0.00,0.02
1788,2413.4481,16.5652,2456.5411,2398.5055,0.04,0.04
3246,2405.4504,2.6766,2412.2151,2403.1107,0.00,0.04
1789,2329.6751,386.3893,2446.3639,833.3978,0.01,0.03
3247,2407.3661,5.4630,2425.7378,2402.9720,0.00,0.04
1790,2424.8842,7.2204,2431.8264,2406.4297,0.04,0.03
3248,2429.8412,5.8661,2440.8237,2421.9817,0.00,0.03
1791,2424.4741,2.0563,2427.2078,2419.6708,0.00,0.04
3249,2252.7225,522.6636,2464.4982,588.8695,0.00,0.02
1792,2425.5870,2.3016,2431.5011,2419.0245,0.00,0.04
3250,2433.5235,5.3289,2448.6097,2426.2239,0.00,0.03
1793,2198.4143,611.2146,2455.4895,437.1622,0.00,0.03
3251,2311.3365,564.0320,2471.0609,127.1072,0.00,0.01
1794,2400.2248,23.2123,2425.9967,2343.9689,0.29,0.04
3252,2446.5567,14.5529,2471.1009,2426.4184,0.00,0.02
1795,2422.4914,4.4185,2428.0173,2409.5527,0.00,0.04
3253,2432.6706,4.6150,2439.8185,2427.0571,0.00,0.03
1796,2365.5049,247.1684,2434.4253,1408.2737,0.00,0.04
3254,2451.8275,16.7643,2470.3312,2406.3939,0.00,0.02
1797,2428.9992,3.2194,2438.3738,2424.2133,0.01,0.04
3255,2437.1412,6.2672,2447.0844,2428.5879,0.00,0.03
1798,1641.7510,885.4970,2470.0233,121.7568,0.00,0.01
3256,2447.9832,13.0486,2471.8564,2422.1536,0.00,0.02
1799,2435.0763,7.0217,2455.5371,2425.4677,0.00,0.03
3257,2444.2007,7.9700,2469.5983,2435.8906,0.00,0.02
1800,1465.7722,971.1883,2460.9819,91.9361,0.00,0.02
1801,1869.2876,893.8802,2468.3381,97.1983,0.00,0.02
3258,2439.2400,15.6664,2471.8466,2420.5803,0.00,0.02
1802,1912.9210,895.9175,2442.3312,327.6472,0.00,0.03
3259,2318.2585,439.2693,2440.8562,617.1001,0.00,0.03
1803,2430.1954,2.5659,2436.1746,2428.0066,0.00,0.04
3260,2356.6583,202.5821,2427.7934,1576.8242,0.00,0.04
1804,2180.8282,693.9013,2456.9267,136.6893,0.00,0.02
3261,2423.8037,0.7403,2425.1246,2422.1609,0.00,0.04
1805,2429.0288,6.0927,2440.4163,2413.7433,0.00,0.03
3262,2427.3402,1.9249,2431.0356,2424.1227,0.00,0.04
1806,2010.3352,790.7670,2448.0266,117.2072,0.00,0.02
3263,2240.8632,563.6101,2471.7363,690.7550,0.00,0.02
1807,2431.8409,4.1440,2444.5655,2426.6013,0.00,0.03
3264,2329.2989,448.1635,2452.8162,593.6960,0.00,0.02
1808,1327.7359,932.6776,2471.0326,111.0243,0.00,0.01
3265,2432.4072,3.4843,2439.1555,2426.7543,0.00,0.03
1809,1989.5207,686.4797,2453.1531,844.6229,0.00,0.02
3266,2118.7086,705.0169,2465.4240,324.9952,0.00,0.02
1810,2429.8433,2.2881,2435.0926,2426.6351,0.00,0.04
1811,995.5929,914.9844,2462.4491,96.5485,0.00,0.01
3267,2323.2971,516.0623,2470.4492,325.0374,0.00,0.01
1812,2197.2811,667.0467,2456.1746,96.2564,0.00,0.02
3268,2313.4451,565.8499,2471.2724,122.2484,0.00,0.01
1813,2429.0404,4.0903,2443.7544,2426.0688,0.00,0.04
3269,2123.9766,472.5093,2469.3717,669.7888,2.60,0.03
1814,1555.3177,869.0410,2470.5523,424.7178,0.00,0.01
3270,2342.4847,313.5100,2467.2948,1133.4605,0.00,0.02
1815,2320.3424,475.3435,2458.6660,479.6235,0.00,0.02
3271,2411.2389,13.3962,2450.1170,2386.5508,0.00,0.03
1816,2429.2943,2.4416,2435.8718,2426.2147,0.00,0.04
3272,2260.0223,551.0683,2420.8997,127.2419,0.00,0.03
1817,2018.5969,772.9997,2467.1782,417.5825,0.00,0.01
1818,2179.5921,720.6511,2465.1793,94.9591,0.00,0.02
3273,2411.1162,5.7750,2420.9529,2403.9831,0.00,0.03
1819,2437.1374,7.1233,2453.7238,2426.6650,0.00,0.03
3274,2412.7776,6.0932,2420.0090,2400.8794,0.00,0.03
1820,2338.9620,265.9271,2447.2979,1452.9178,0.00,0.03
3275,2410.3439,4.1692,2416.1003,2401.8167,0.00,0.03
1821,2433.8579,5.0234,2446.5786,2428.4153,0.00,0.03
3276,2342.8634,249.7813,2411.6622,1375.5032,0.00,0.04
1822,969.7191,1032.0127,2461.5086,13.0445,0.00,0.01
3277,2406.6365,2.9523,2412.9995,2403.2034,0.00,0.03
1823,2225.1276,590.8008,2455.3597,415.1750,0.00,0.02
3278,2408.4236,5.6081,2416.3934,2391.4931,0.00,0.03
1824,2278.4529,596.5303,2442.3597,-31.8326,0.00,0.03
3279,2409.1515,4.3454,2413.5749,2395.1060,0.00,0.03
1825,2433.1869,3.2290,2441.3863,2428.0489,0.00,0.03
1826,1236.4841,972.6903,2456.3529,113.3206,0.00,0.01
3280,2394.3053,57.1174,2413.8663,2173.4578,0.00,0.03
1827,2111.6138,728.0911,2464.8736,151.1757,0.00,0.02
3281,2407.8907,2.7240,2412.5794,2401.6158,0.00,0.03
1828,2432.5829,3.5411,2441.3023,2427.6929,0.00,0.03
3282,2410.8115,2.5340,2415.1964,2405.2239,0.00,0.03
1829,1705.3461,824.2851,2449.6467,100.0307,0.00,0.02
3283,2400.0956,9.2510,2406.5421,2366.2770,0.01,0.04
1830,2353.1544,296.1205,2449.0477,1207.3802,0.01,0.03
3284,2404.8071,1.3371,2408.4327,2402.7277,0.00,0.04
1831,2430.4376,9.6024,2441.9431,2396.2029,0.01,0.03
3285,2063.7427,723.4084,2415.0137,538.8374,0.00,0.03
1832,2035.1320,758.9576,2455.8830,105.6327,0.00,0.02
3286,2412.5269,2.1538,2416.8427,2409.0149,0.00,0.03
1833,2426.3965,2.8423,2430.8113,2419.9469,0.01,0.04
3287,2412.9313,2.8858,2417.6284,2407.5657,0.00,0.03
1834,2432.7914,3.5867,2440.7340,2427.1749,0.00,0.03
1835,1408.8385,1030.2153,2466.5336,81.3452,0.00,0.01
3288,2411.5610,3.3092,2416.2785,2406.6072,0.00,0.03
1836,1724.9297,930.9383,2465.0342,96.8618,0.00,0.02
3289,2407.5189,1.4344,2410.4649,2405.1023,0.00,0.04
1837,1929.8396,826.0266,2467.6542,96.8882,0.00,0.02
1838,1698.4008,1069.5570,2457.1629,96.7743,0.01,0.02
3290,2410.9871,10.7226,2416.8016,2370.1958,0.00,0.03
1839,2008.1509,786.7039,2449.3176,96.8938,0.00,0.02
3291,2153.1326,571.5540,2421.1880,659.6538,0.00,0.03
1840,2430.5991,2.2560,2434.6697,2427.4354,0.00,0.03
3292,2412.8408,2.2534,2415.8620,2408.3543,0.00,0.03
1841,2081.6466,655.8980,2455.0132,96.9393,0.00,0.02
3293,2412.6397,2.6747,2417.1323,2407.3880,0.00,0.03
1842,2438.8968,5.4635,2449.6092,2430.7890,0.00,0.03
3294,1973.1568,698.0331,2410.3075,524.8258,0.00,0.04
1843,1308.9317,1057.5844,2433.9409,106.1381,0.01,0.03
3295,2384.8086,109.3523,2417.6350,1961.4509,0.00,0.03
1844,2412.4729,16.0796,2433.9913,2393.5866,0.00,0.04
3296,2343.6418,259.3578,2420.9622,1339.3786,0.00,0.03
1845,2428.1129,1.7345,2431.6522,2424.0741,0.00,0.04
3297,2409.5166,2.4343,2415.9295,2404.9945,0.00,0.04
1846,2440.6672,6.8423,2453.9953,2431.5565,0.00,0.03
3298,2245.0089,486.2512,2417.7667,505.5513,0.00,0.03
1847,2443.7583,7.1496,2461.5158,2434.5702,0.00,0.02
3299,2417.1394,6.1611,2424.7408,2408.0397,0.00,0.04
1848,2195.7044,647.7978,2452.5452,106.7127,0.00,0.02
3300,2424.5112,0.1418,2424.7027,2424.1450,0.00,0.04
1849,2421.5424,8.8945,2429.6174,2399.8294,0.00,0.04
3301,2425.9808,5.4009,2446.8898,2424.2995,0.00,0.04
1850,2427.9956,1.4745,2431.0934,2425.5293,0.00,0.04
3302,2419.6882,13.7298,2451.7874,2402.6785,0.00,0.03
1851,2316.4769,473.2094,2442.9362,483.7986,0.00,0.03
3303,2424.5808,0.4464,2425.5906,2423.7002,0.00,0.04
1852,2430.3358,4.3752,2443.4755,2426.4972,0.00,0.03
3304,2424.4063,4.4735,2432.1053,2408.6119,0.00,0.04
1853,1879.1772,884.6570,2469.3572,101.6072,0.05,0.02
1854,1926.6392,918.5247,2465.5768,-17.0553,0.01,0.02
3305,2424.7899,2.6753,2433.2795,2418.4530,0.01,0.04
1855,1606.8932,1026.4748,2464.4255,92.1057,0.00,0.02
3306,2343.9372,324.0942,2452.9139,1090.4065,0.00,0.03
1856,2434.7191,10.9126,2453.0308,2402.4074,0.00,0.03
3307,2429.2435,17.6444,2453.6199,2406.1878,0.00,0.03
1857,1521.6787,1090.3018,2469.5487,92.1164,0.00,0.01
3308,2425.0562,1.3863,2429.0557,2423.7326,0.00,0.04
1858,1870.3987,804.2445,2470.3157,102.1308,0.00,0.02
1859,2290.6648,569.0691,2469.7167,87.0434,0.00,0.03
3309,2254.6913,491.7880,2458.6010,713.3453,0.00,0.03
3310,2440.3090,14.7760,2455.2548,2407.4868,0.00,0.02
3311,2432.2074,7.8215,2446.5326,2424.7341,0.00,0.03
1861,2429.9413,3.9138,2443.0326,2426.1875,0.00,0.04
1862,1634.4254,928.9065,2469.0008,91.5099,0.06,0.01
3312,2338.5344,381.3258,2453.8585,862.9165,0.00,0.02
1863,2014.8773,750.5350,2466.8995,460.2122,0.03,0.02
3313,2439.3867,6.2373,2451.5946,2428.2077,0.00,0.03
1864,2117.6576,810.1826,2439.9704,-27.0486,0.04,0.03
3314,2294.7110,334.0804,2410.1940,1079.3387,0.00,0.04
1865,2434.1469,14.6398,2445.0699,2378.9271,0.00,0.03
3315,2311.6818,411.2619,2464.6928,720.0623,0.00,0.03
1866,2432.6382,3.8308,2439.4297,2427.3884,0.00,0.03
3316,2406.8609,1.0652,2408.4429,2403.8731,0.00,0.04
1867,1611.7541,986.8350,2467.7614,82.2321,0.00,0.02
3317,2407.3771,0.8477,2409.6908,2406.6229,0.00,0.04
1868,2300.4917,304.1853,2469.6572,1431.8708,0.00,0.02
1869,1965.1547,716.6254,2450.5292,650.8031,0.00,0.02
3318,2280.9973,506.2759,2429.9984,320.3030,0.01,0.03
1870,2431.4978,2.8278,2438.1134,2427.2398,0.00,0.03
3319,2408.2150,1.8417,2410.5539,2403.8747,0.00,0.04
1871,2154.7987,647.0175,2454.3831,91.9895,0.01,0.02
3320,2096.7147,689.9565,2464.8197,107.4041,0.00,0.02
3321,2286.8905,564.6095,2452.1266,102.4388,0.00,0.03
1872,2432.5951,2.9775,2437.7176,2426.7667,0.00,0.03
1873,1723.6539,899.5073,2468.0672,112.2546,0.03,0.02
3322,2428.1755,1.9647,2433.4283,2425.8329,0.00,0.04
1874,2011.0229,711.3323,2464.3483,-12.1821,0.00,0.03
3323,2133.0656,650.1888,2465.3898,759.3557,0.00,0.02
1875,2227.6796,353.2961,2446.9238,1449.9178,0.00,0.03
3324,2238.1192,544.2042,2453.8641,748.8620,0.00,0.02
1876,2301.1954,509.1885,2443.7155,329.9990,0.00,0.03
3325,2430.2868,3.1554,2437.8411,2426.2433,0.00,0.03
1877,2430.2162,3.4667,2437.4010,2425.8843,0.00,0.03
3326,2059.7206,771.7648,2465.7874,319.5932,0.00,0.02
1878,1980.9744,783.1631,2470.9025,97.0819,0.00,0.02
3327,2175.8619,571.9754,2454.9219,315.3519,0.00,0.03
1879,1920.9037,712.3562,2443.6234,107.3078,0.00,0.02
3328,2412.1209,2.4656,2414.7485,2408.4946,0.00,0.03
1880,2428.1440,3.7831,2437.5527,2422.2968,0.00,0.04
3329,2443.8684,13.7928,2469.5084,2414.4603,0.00,0.02
1881,1636.5966,1035.8434,2466.0107,76.2967,0.07,0.02
1882,1470.6781,968.3399,2448.7957,81.8174,0.00,0.02
3330,2432.9101,4.7982,2444.4738,2427.2369,0.00,0.03
1883,2050.6300,690.4188,2431.4270,459.0291,0.00,0.03
3331,2054.7882,689.2956,2471.2437,469.4506,0.00,0.02
1884,2219.7410,507.8381,2439.4044,803.2802,0.03,0.03
3332,1862.2828,951.1445,2459.1211,116.6220,0.00,0.02
3333,2004.7370,851.3347,2463.7813,97.4788,0.00,0.02
1885,2424.7629,2.5088,2429.4821,2419.1301,0.01,0.04
3334,2319.3769,453.4463,2469.6354,564.0437,0.00,0.02
1886,2352.4326,284.3906,2439.6480,1251.2673,0.00,0.03
3335,2319.3688,453.2449,2446.2877,564.1107,0.00,0.03
1887,2425.1778,2.0864,2428.9978,2419.4404,0.01,0.04
3336,2372.9986,166.2750,2433.4417,1756.7781,0.00,0.04
1888,2426.4559,1.3052,2428.7324,2424.2031,0.00,0.04
3337,2436.5803,5.0635,2444.9999,2428.4177,0.00,0.03
1889,2371.4683,233.0656,2438.4523,1468.9042,0.00,0.03
3338,2142.8999,753.5629,2465.3936,111.5814,0.00,0.02
1890,2425.4992,1.2176,2426.6634,2421.1946,0.00,0.04
3339,2413.2790,2.5596,2417.3273,2409.8090,0.00,0.03
1891,2429.3602,1.8785,2433.1481,2425.6203,0.00,0.04
3340,2446.9856,7.2142,2463.7695,2435.5109,0.00,0.02
1892,1304.2163,1035.1294,2469.4434,81.3156,0.00,0.02
3341,2123.7927,652.5109,2451.5533,528.4637,0.00,0.03
1893,2425.3427,5.8326,2431.6829,2410.8564,0.00,0.03
3342,2350.4823,234.7955,2416.7121,1441.1884,0.00,0.04
1894,1682.4139,650.9768,2469.7517,671.7272,0.00,0.02
1895,1676.4468,759.9902,2421.0483,97.1656,0.00,0.03
3343,2411.9930,3.0365,2420.6201,2407.7355,0.00,0.04
1896,2071.4419,651.2872,2438.0735,91.9970,0.04,0.03
3344,2309.5286,511.3620,2469.6819,330.2175,0.00,0.02
1897,2425.0166,0.9052,2425.7569,2422.0463,0.00,0.04
3345,2414.9819,7.0523,2429.4680,2400.8885,0.00,0.03
1898,2424.6865,1.4513,2426.0191,2420.4477,0.01,0.04
3346,2302.7510,514.9117,2469.6506,310.0565,0.00,0.02
1899,2425.3523,0.4661,2426.0462,2424.3903,0.00,0.04
3347,2283.6882,500.1353,2451.2702,347.2785,0.00,0.03
1900,2427.9520,2.0574,2433.9857,2426.1326,0.00,0.04
3348,2317.1966,337.9891,2415.6345,1008.3303,0.00,0.04
1901,1139.9118,924.0073,2462.3461,81.2551,0.00,0.02
3349,2417.0943,3.0755,2423.2455,2412.2052,0.00,0.04
1902,2426.6811,1.6050,2430.1455,2423.3551,0.00,0.04
3350,1729.5574,1062.9386,2470.2452,97.4835,0.00,0.01
1903,2228.1252,546.4530,2442.2292,703.2260,0.00,0.03
3351,2418.5975,4.6645,2426.8757,2406.5246,0.00,0.03
1904,2426.7295,2.6086,2432.4310,2420.6436,0.00,0.04
3352,2177.0494,701.9521,2470.7187,102.4346,0.00,0.02
1905,2275.4429,593.7229,2435.2506,-24.0175,0.00,0.04
3353,2421.6168,7.4545,2436.2316,2409.9865,0.00,0.03
0,49.0827,96.4910,222.9526,-61.6713,34.00,0.04
1906,2427.3494,0.9407,2429.6579,2425.9168,0.00,0.04
3354,2165.1386,772.3814,2470.3778,117.2984,0.00,0.01
1,305.8286,356.9255,1070.9292,-37.2349,16.92,0.05
1907,2298.5181,393.6883,2443.0662,872.6420,0.00,0.03
3355,2450.6139,14.6966,2470.4832,2428.9290,0.00,0.02
2,853.4886,532.5719,1782.5581,35.3109,2.02,0.02
1908,2426.6466,2.2348,2431.2517,2421.0776,0.00,0.04
3,573.2923,444.5909,1514.0709,-64.4152,26.11,0.21
3356,2431.6213,3.8030,2441.5914,2427.3827,0.00,0.03
4,1104.0380,800.9730,2200.3464,41.7241,0.07,0.03
.01
1909,2428.3733,2.0519,2434.0541,2426.5130,0.00,0.04
1910,1666.6585,657.4281,2470.1862,746.0701,0.00,0.02
3358,2234.6799,622.7009,2470.4967,97.4841,0.00,0.01
5,1680.3538,587.9466,2272.0509,32.1427,1.43,0.04
1911,2103.9201,634.5556,2456.6115,76.4642,0.00,0.03
1912,2426.4862,1.2418,2429.7919,2425.3474,0.00,0.04
6,1377.0939,709.7252,2204.4489,-32.9098,2.03,0.06
3359,2443.3332,15.0846,2465.3268,2416.0703,0.00,0.02
1913,1960.8211,817.7856,2461.2241,75.7199,0.00,0.02
7,2312.7819,79.6475,2400.1433,2133.3563,0.00,0.04
3360,2428.9825,2.1740,2436.1663,2426.7460,0.00,0.04
8,2381.0251,112.4040,2423.3521,1956.3583,0.00,0.04
1914,2428.2171,1.9789,2433.2184,2426.5141,0.00,0.04
3361,2166.0012,763.0582,2469.7635,101.9658,0.00,0.01
1915,1844.6661,713.1649,2442.5906,573.4315,0.00,0.03
3362,2443.5328,7.8810,2454.1785,2430.5353,0.00,0.02
9,2415.8630,9.7008,2422.4109,2380.3325,0.00,0.04
3363,2422.6603,6.6463,2439.9154,2413.7350,0.00,0.03
1916,2230.9484,604.0860,2432.0293,-21.9672,0.00,0.04
10,2418.6193,12.9051,2437.7293,2375.0037,0.00,0.04
3364,2428.0472,91.8434,2470.4645,2074.4670,0.00,0.02
1917,2374.1403,229.2172,2440.1397,1486.5381,0.00,0.03
11,2310.6568,442.8370,2430.7099,595.5940,0.00,0.04
3365,2241.1873,540.7508,2455.2200,514.5914,0.00,0.02
1918,2423.7446,5.6426,2428.6500,2405.2242,0.00,0.04
12,2421.0118,2.8582,2425.2655,2414.7215,0.00,0.04
3366,2355.8766,252.3597,2429.3279,1382.2331,0.00,0.04
1919,2407.6590,73.5345,2429.6751,2122.9231,0.00,0.04
13,2429.0745,4.4034,2439.4261,2424.8421,0.00,0.03
14,730.6294,880.7264,2470.3010,-4.2703,0.00,0.01
3367,2430.8883,3.9145,2441.9017,2426.4427,0.00,0.03
1920,2428.6514,1.9767,2433.5330,2426.2633,0.00,0.04
15,1337.0071,1129.4274,2468.8964,-49.8164,6.25,0.01
3368,2202.8257,669.5244,2466.1126,320.3075,0.00,0.01
1921,1775.7952,909.4530,2466.7477,92.2644,0.00,0.02
16,2165.2626,584.4395,2456.2965,813.0137,0.00,0.02
1922,2212.0459,584.4693,2440.2636,623.9290,0.00,0.03
3369,2157.7482,776.9267,2457.2720,101.9810,0.00,0.02
17,2427.2724,6.1390,2438.0335,2414.7961,0.01,0.03
3370,2439.4988,8.9715,2457.4046,2427.0039,0.00,0.03
1923,2425.8325,0.5677,2427.1736,2425.0022,0.00,0.04
18,1727.8816,1067.5480,2470.5899,94.7656,0.00,0.02
1924,2130.4020,637.8507,2443.4681,726.4806,0.01,0.03
3371,2421.4680,6.3137,2439.1916,2413.5752,0.00,0.03
19,2324.0437,455.7021,2456.2072,559.3343,0.00,0.03
3372,1995.0628,799.3716,2464.7146,305.1119,0.00,0.02
1925,2427.0244,1.4058,2431.7264,2425.6148,0.00,0.04
20,2098.2120,712.9338,2459.5416,350.2080,0.00,0.02
21,1800.9286,950.6929,2459.6255,119.5358,0.00,0.01
1926,2334.9408,416.9727,2463.7715,720.4401,0.00,0.02
3373,2318.3584,512.2256,2466.2999,335.1774,0.00,0.01
22,1480.4288,1135.9453,2471.1252,-21.4451,0.00,0.01
3374,2335.7812,465.2559,2469.5912,534.4415,0.00,0.01
1927,1844.3238,827.4527,2441.2278,86.8435,0.00,0.02
23,2331.4396,219.1716,2433.0391,1626.2095,0.00,0.03
1928,2426.0893,1.6307,2430.7263,2423.7857,0.00,0.04
3375,2297.8911,567.1719,2464.7984,101.9811,0.00,0.02
24,2424.7370,1.9454,2428.8903,2421.4563,0.00,0.04
1929,2301.6679,438.1037,2439.7039,622.5298,0.00,0.03
3376,2037.4165,827.9829,2454.5339,126.2699,0.00,0.02
25,2426.8114,2.1041,2431.9402,2424.7297,0.00,0.04
3377,2196.2390,534.7065,2417.9280,322.2307,0.07,0.04
1930,2427.1424,1.3565,2429.1707,2425.4710,0.00,0.04
26,1307.6919,849.4189,2448.5829,131.8430,0.00,0.02
1931,1996.8085,536.6809,2442.2539,890.8232,0.00,0.03
3378,2414.5530,1.8662,2417.9577,2410.7546,0.00,0.04
27,2201.3893,515.5946,2437.4922,580.7149,0.00,0.03
1932,1958.9681,657.5795,2466.8697,539.9788,0.00,0.03
3379,2201.8586,534.1530,2470.0895,924.7930,0.00,0.01
1933,2427.7592,1.9455,2430.9153,2422.8990,0.00,0.04
28,2425.5330,0.8158,2427.4230,2423.8891,0.00,0.04
3380,2301.8882,366.1274,2458.1529,1321.3774,0.00,0.02
1934,2195.7831,458.0649,2441.7029,959.4891,0.00,0.03
29,1999.8880,659.4832,2442.4647,731.2583,0.00,0.03
3381,1354.4096,838.9235,2421.3726,444.3386,0.00,0.03
1935,2425.2979,0.4811,2426.8491,2424.8075,0.00,0.04
30,1739.3930,949.4664,2452.4661,76.0436,0.00,0.02
3382,2411.8206,1.5061,2415.9387,2409.4548,0.00,0.04
1936,2431.0954,4.4549,2441.4088,2420.5060,0.00,0.03
31,2404.7685,92.1978,2433.5660,2047.8068,0.00,0.04
3383,2419.3949,3.0567,2423.4696,2414.0682,0.00,0.03
1937,1983.7606,782.7705,2457.6778,398.4857,0.00,0.02
32,2392.9585,139.8209,2443.0564,1851.7253,0.00,0.04
3384,2424.9364,8.0050,2438.8585,2413.9885,0.00,0.03
1938,2431.0721,2.4526,2434.3575,2426.4720,0.00,0.03
33,2426.6104,1.3588,2429.3950,2423.3955,0.00,0.04
3385,2029.4989,752.6869,2468.9330,359.7406,0.00,0.02
1939,1901.3804,804.4973,2470.2243,109.0433,0.00,0.02
34,1987.8688,815.3425,2449.5866,76.0639,0.00,0.03
1940,1439.6993,1000.9861,2432.6916,86.3359,0.00,0.03
3386,2158.1205,328.7470,2429.2550,1304.9888,0.13,0.04
1941,2154.8367,576.2227,2444.0162,880.1628,0.03,0.03
35,2428.9229,3.3284,2437.5288,2424.9285,0.00,0.04
3387,2439.8352,6.7410,2450.0685,2428.1070,0.00,0.03
1942,2429.7552,2.7339,2435.6780,2426.2075,0.00,0.04
36,2059.2401,709.4315,2471.0626,504.4824,0.00,0.01
1943,1749.1126,930.5082,2451.3779,87.4390,0.01,0.02
3388,2327.7026,350.6602,2442.4700,971.2652,0.00,0.03
37,1997.7656,802.1639,2469.2486,449.7625,0.00,0.01
1944,2138.2688,510.5979,2410.8439,838.4822,0.00,0.03
3389,2436.7318,15.1225,2466.8221,2409.1663,0.00,0.02
38,2298.2487,519.4298,2460.2806,286.7855,0.00,0.03
1945,1760.7934,986.1438,2425.8298,77.2346,0.00,0.02
3390,2105.9734,542.0979,2452.0561,638.0697,3.06,0.07
39,2432.2180,9.6606,2469.0135,2426.8201,0.00,0.03
1946,2107.8212,425.8481,2413.1114,970.6516,0.01,0.04
3391,2151.7965,628.3910,2445.2332,111.7410,0.04,0.03
40,1450.4250,1060.9116,2467.2359,96.8077,0.00,0.01
1947,1768.9764,923.9223,2453.3121,87.2949,0.00,0.01
3392,2217.9468,277.3242,2431.1689,1617.4756,0.00,0.04
1948,1649.2255,1011.0986,2468.1208,87.2340,0.00,0.02
41,2436.9172,10.7628,2463.1907,2427.7770,0.00,0.03
42,30.1426,163.7099,652.6735,-31.7929,0.00,0.02
43,492.1737,781.8062,2468.4726,-26.9124,0.00,0.01
44,1642.0439,953.4275,2467.9664,95.1904,0.00,0.01
3393,2290.1340,211.0196,2420.0023,1721.8307,0.00,0.04
1949,2246.7287,394.9998,2410.7069,768.6279,0.00,0.04
45,2057.7004,829.2265,2469.1161,-11.9850,0.00,0.02
3394,2404.6946,1.7987,2407.7757,2401.8242,0.00,0.04
1950,2323.1511,265.0122,2417.1891,1297.8444,0.00,0.03
46,2204.1903,606.3582,2450.2913,355.0341,0.00,0.03
3395,2084.3666,392.9012,2413.4124,1051.0127,1.51,0.05
1951,2212.5252,517.1556,2419.6339,446.6933,0.00,0.03
47,2426.2689,0.6229,2427.8564,2425.6022,0.00,0.04
3396,2077.7382,562.2838,2412.8439,94.9473,6.96,0.07
1952,2353.2427,142.8635,2401.2282,1800.5524,0.00,0.04
48,2321.6969,430.2146,2438.6246,655.5588,0.00,0.03
1953,2266.6537,505.6376,2424.5996,308.8830,0.00,0.03
3397,2388.5910,82.9226,2418.3059,2069.1788,0.00,0.03
1954,2391.8409,13.1277,2431.3796,2371.5259,0.00,0.04
49,2267.5562,394.6272,2436.0998,896.1564,0.00,0.04
3398,2405.2517,6.6857,2413.8534,2387.8465,0.00,0.03
1955,2410.0880,12.5936,2440.0591,2401.0356,0.00,0.03
50,2427.8311,1.3247,2430.3256,2425.6475,0.00,0.04
3399,2351.1458,214.3735,2415.7990,1520.9902,0.00,0.04
1956,2430.0789,16.2221,2454.7624,2373.4894,0.00,0.03
51,1610.1658,1083.2607,2456.9112,57.8423,0.00,0.02
1957,1373.9877,894.7548,2464.9224,87.3833,0.00,0.02
3400,2408.1935,2.7044,2413.5178,2404.0570,0.00,0.03
52,2118.1980,508.5422,2431.3805,920.5636,0.00,0.04
3401,2248.9091,316.0490,2414.8824,1458.4503,0.00,0.03
1958,2154.2593,632.6506,2466.5661,518.3129,0.00,0.02
3402,2346.1243,224.0637,2409.2857,1478.3770,0.00,0.04
53,2426.4654,0.5775,2427.7239,2425.4824,0.00,0.04
1959,2430.6231,3.0802,2437.5025,2425.9645,0.00,0.03
1960,1153.5665,971.9757,2463.4902,82.3437,0.00,0.01
54,2215.8659,609.4605,2446.3756,184.2181,0.00,0.03
3403,2402.1982,1.1400,2404.2177,2400.8578,0.00,0.04
1961,2363.1900,285.3846,2447.2527,1258.0483,0.00,0.03
55,2427.8632,1.6797,2430.5643,2424.0665,0.00,0.04
56,1321.5551,1121.6416,2449.7881,121.9260,0.00,0.02
3404,2414.4455,3.3159,2420.0542,2408.4668,0.00,0.03
1962,2429.4404,2.0498,2433.7595,2426.9789,0.00,0.04
3405,2408.5059,3.0840,2414.8217,2399.8804,0.00,0.03
57,2421.3011,36.3999,2445.5532,2281.6895,0.00,0.03
1963,2195.0255,529.2830,2457.2736,871.5643,0.00,0.02
3406,2408.9596,7.5106,2416.6985,2388.5599,0.00,0.03
58,2428.8284,2.3450,2434.1591,2426.1486,0.00,0.04
1964,2327.4224,424.1257,2450.3289,684.9565,0.00,0.03
59,816.3502,960.7060,2469.5928,57.1843,0.56,0.02
3407,2329.4116,326.6997,2417.2925,1064.1484,0.00,0.03
60,1675.5389,1021.5226,2468.0020,-11.8237,0.09,0.02
1965,2335.8983,370.4455,2442.4985,901.2325,0.00,0.03
61,1926.5752,873.5823,2465.0753,120.3213,0.00,0.02
3408,2407.6638,12.1122,2419.7466,2370.9556,0.00,0.03
1966,2426.5925,1.4320,2430.7290,2425.2659,0.00,0.04
1967,2068.7402,698.5220,2452.3463,102.2903,0.00,0.02
62,2289.0987,560.7093,2458.0690,117.9453,0.00,0.02
3409,2408.9723,2.6574,2414.9579,2404.4730,0.00,0.03
63,1744.0359,918.4628,2461.9888,96.6223,0.00,0.01
64,854.8467,1046.0489,2430.6662,69.6533,0.00,0.02
1968,2429.6490,1.8721,2434.0770,2426.6986,0.00,0.04
3410,2408.8683,5.5131,2420.8942,2400.3806,0.00,0.03
65,2030.1822,816.9873,2440.1033,60.5935,0.00,0.03
1969,2033.9446,674.9029,2449.9895,572.6615,0.00,0.02
3411,2413.7425,2.7804,2417.4009,2405.5346,0.00,0.03
66,2411.0978,32.2428,2431.5761,2295.0508,0.00,0.03
1970,2433.8291,5.2891,2448.9778,2427.7715,0.00,0.03
67,2164.9162,708.7022,2449.6929,214.0971,0.00,0.03
3412,2395.7840,54.1938,2414.4461,2186.2621,0.00,0.03
1971,1510.5342,686.4673,2456.2408,141.9386,0.02,0.02
1972,1973.3688,702.9512,2450.3215,82.4258,0.01,0.03
68,2426.0986,0.9944,2428.8446,2424.7149,0.00,0.04
3413,2313.6552,365.2082,2413.8956,899.2477,0.00,0.03
69,950.6897,1024.0236,2442.2775,56.2682,0.00,0.02
1973,2193.6030,508.4402,2439.9935,919.5347,0.56,0.03
3414,2410.3147,3.1457,2414.4554,2404.5799,0.00,0.03
70,2106.7970,677.3634,2437.0132,471.5544,0.00,0.03
1974,2429.4088,2.7626,2435.7613,2426.3426,0.00,0.04
71,2434.3228,4.8808,2443.6918,2426.8296,0.00,0.03
3415,2416.0089,2.3414,2421.7923,2413.0274,0.00,0.03
1975,1844.7822,709.9497,2444.3479,107.2926,0.96,0.04
72,911.9197,1056.6632,2472.4855,-6.7508,0.00,0.01
3416,2416.3889,3.4450,2421.9660,2410.1764,0.00,0.03
1976,1888.5766,731.1076,2452.2503,315.1441,0.00,0.02
73,2440.4551,7.7987,2454.3442,2428.1702,0.00,0.03
74,-9.2950,35.8783,126.9534,-26.9429,0.00,0.02
1977,2360.1372,303.2020,2447.2830,1185.9291,0.02,0.03
75,850.3598,916.5547,2471.9792,-1.6194,0.00,0.01
3417,2409.5200,4.5479,2422.0853,2403.8426,0.00,0.03
76,1380.6260,990.6831,2471.7478,97.0002,0.00,0.01
1978,2433.5140,4.7558,2445.1895,2426.9651,0.00,0.03
77,926.3148,933.1573,2471.1654,96.9455,0.00,0.01
3418,2367.7019,183.5727,2423.6780,1657.0114,0.00,0.03
1979,1402.9700,1063.3782,2447.0882,82.3526,0.00,0.02
78,1487.2702,1001.5694,2471.7312,101.9314,0.00,0.01
3419,2415.1462,4.8844,2423.7094,2406.3361,0.00,0.03
79,1876.2438,885.2792,2471.7527,257.5970,0.00,0.01
1980,2287.4397,397.8469,2450.2506,1148.9738,0.00,0.03
80,1239.0645,970.5950,2469.5305,102.0834,0.00,0.01
3420,1834.6093,643.0085,2416.5197,668.5494,0.00,0.04
1981,2427.5891,7.1493,2432.7918,2400.5154,0.00,0.04
81,1726.9445,953.6782,2434.4656,66.0181,0.00,0.03
1982,2425.8643,0.7495,2428.4806,2425.2969,0.00,0.04
3421,2409.4757,5.3067,2421.2181,2401.2813,0.00,0.03
82,2403.5559,122.8506,2454.1337,1928.6219,0.00,0.03
1983,2437.1695,4.9198,2447.3013,2429.7047,0.00,0.03
3422,2295.3587,175.8097,2418.3203,1984.5860,0.00,0.03
83,2125.1190,663.4173,2460.7394,579.2538,0.00,0.03
1984,1639.0390,838.9277,2406.8201,101.8870,0.00,0.02
84,2307.3974,511.4653,2462.4635,326.7251,0.00,0.03
1985,1734.0142,702.8974,2436.8126,403.2284,0.00,0.03
3423,2405.4363,2.6032,2412.5840,2401.8334,0.00,0.03
85,2221.0361,584.2102,2457.0082,504.6257,0.00,0.03
1986,2263.4127,343.8915,2432.1192,1189.6851,0.03,0.04
3424,2395.8740,72.1257,2420.4383,2116.8731,0.00,0.03
86,2429.2918,2.7449,2435.7091,2425.7442,0.00,0.04
1987,2432.0219,3.9210,2441.2594,2427.0721,0.00,0.03
3425,2411.1015,2.4904,2415.8928,2407.7714,0.00,0.03
87,2217.6514,636.3627,2464.8710,112.2461,0.00,0.02
1988,1908.5420,829.6117,2453.7306,96.9435,0.00,0.02
3426,2414.1264,3.9066,2419.9205,2406.7740,0.00,0.03
88,2419.6169,75.8894,2454.8590,2126.3741,0.00,0.03
1989,1953.0438,886.0920,2457.0601,111.6083,0.00,0.02
3427,2362.3507,167.0615,2412.7866,1715.4466,0.00,0.03
89,1609.7467,976.1613,2463.6633,97.0225,0.00,0.02
1990,2433.9167,7.9536,2461.7513,2427.0261,0.00,0.03
3428,2404.7527,4.2396,2414.5211,2396.3989,0.00,0.03
1991,245.9210,582.5216,2471.6425,-11.8812,0.00,0.02
90,2432.7279,4.0142,2442.8611,2427.1161,0.00,0.03
1992,1360.8439,1118.8841,2467.8338,56.5995,0.00,0.01
91,1371.0091,1098.2051,2472.4594,96.9590,0.00,0.01
3429,2412.0903,4.0707,2418.9815,2405.4532,0.00,0.03
92,1241.4116,1077.8084,2455.9048,82.4724,0.00,0.01
1993,2173.8912,693.2528,2458.2434,141.6448,0.00,0.03
3430,2411.8102,4.8956,2420.1081,2403.6902,0.00,0.03
1994,2305.3859,479.3632,2434.1518,448.8414,0.00,0.04
93,2430.9317,3.1973,2438.1748,2426.6837,0.00,0.03
3431,2273.7782,372.4028,2413.0030,1004.6156,0.00,0.03
1995,2428.8413,2.2917,2433.5978,2426.1650,0.00,0.04
94,1163.4373,1150.0388,2471.7316,18.4353,0.00,0.01
1996,212.9494,141.6831,522.9512,82.3774,0.00,0.01
1997,768.4587,978.9598,2449.0320,4.4524,1.11,0.03
3432,2412.3202,5.0382,2422.9162,2401.4283,0.00,0.03
95,2438.7642,8.3385,2454.2576,2427.5292,0.00,0.03
1998,2291.4411,569.1417,2446.4300,87.2356,0.00,0.03
3433,2392.7494,84.6345,2421.0329,2065.3538,0.00,0.03
96,782.9246,1004.8833,2456.7098,-21.6669,0.00,0.02
3434,2408.7020,7.2922,2417.3239,2388.6539,0.03,0.03
97,1916.3888,810.5150,2471.2136,464.9573,0.00,0.02
1999,2428.1230,1.8100,2431.9199,2425.7963,0.00,0.04
2000,1130.7159,943.6470,2449.7633,27.6002,1.12,0.04
3435,2413.8350,4.1985,2422.6754,2407.7551,0.00,0.03
98,2440.0639,6.2483,2453.5480,2429.9749,0.00,0.03
3436,2203.2276,314.3564,2420.5057,1282.4344,0.01,0.03
2001,2149.7375,661.2428,2468.1149,82.3314,0.00,0.02
99,1720.0832,898.6132,2467.6043,129.7214,0.00,0.02
100,819.1437,984.5630,2453.6962,49.1808,0.00,0.02
3437,2413.4013,4.6680,2422.5251,2405.2813,0.00,0.03
2002,2429.0478,3.2472,2435.2998,2425.9633,0.00,0.04
101,1712.4281,978.7473,2471.8045,90.5205,0.00,0.02
3438,2417.0864,5.0572,2423.9995,2403.0348,0.00,0.03
102,2084.9045,778.3368,2471.7589,102.1261,0.00,0.02
2003,2281.9856,450.6112,2466.2063,544.6515,0.15,0.03
2004,888.6453,1019.2739,2379.3326,63.1584,0.11,0.03
3439,2309.1909,396.4682,2418.4979,773.7500,0.00,0.03
103,2299.9316,449.5939,2454.7443,606.9755,0.00,0.03
2005,1972.6115,839.2515,2414.8444,75.1600,0.10,0.03
3440,2414.3859,3.9762,2420.3172,2405.9660,0.00,0.03
104,2442.1538,6.7711,2455.6187,2433.3000,0.00,0.03
2006,2402.9138,9.0953,2428.9052,2384.2318,0.00,0.04
105,1808.9796,969.0584,2469.9158,112.2498,0.00,0.01
3441,2399.2596,57.6133,2420.9932,2176.7041,0.00,0.03
106,2092.7339,771.0860,2471.7034,206.7957,0.00,0.02
2007,2413.7110,27.9879,2451.2804,2312.9314,0.00,0.04
107,2293.2714,565.7912,2451.4368,102.1118,0.00,0.03
3442,2414.5223,3.9519,2422.2262,2407.5465,0.00,0.03
2008,2400.1484,10.2668,2410.6513,2369.9677,0.00,0.04
108,2429.3330,2.7965,2435.2508,2425.9388,0.00,0.04
3443,2201.1941,432.2738,2414.5482,1125.5402,0.00,0.03
109,1480.1428,999.2407,2469.4334,101.8064,0.00,0.01
2009,2421.2008,4.7275,2433.2665,2414.0982,0.00,0.03
110,1502.0598,977.4923,2471.3503,305.2407,0.00,0.01
111,617.0674,891.1310,2450.4202,41.1236,0.00,0.03
3444,2385.7161,100.3955,2414.8047,1996.9412,0.00,0.03
2010,2328.3898,389.9106,2432.5855,818.2975,0.00,0.03
112,1894.0882,976.9119,2471.0969,101.7172,0.00,0.01
113,2001.2305,799.7091,2471.6880,122.0610,0.03,0.02
3445,2366.7601,162.8332,2417.4449,1736.2997,0.00,0.03
2011,2427.5500,1.5502,2430.5992,2425.0664,0.00,0.03
114,2175.7774,703.8886,2455.5379,106.7374,0.00,0.02
3446,2403.4093,1.6052,2406.3492,2401.0295,0.00,0.04
2012,2428.6750,1.6896,2431.6002,2425.3008,0.00,0.03
115,2436.6631,5.5528,2446.8460,2428.3854,0.00,0.03
116,700.0651,1026.4620,2465.4259,-26.6478,0.00,0.02
3447,2378.7378,131.7714,2421.9067,1868.5881,0.00,0.03
2013,2182.5096,655.9157,2434.9102,41.4919,0.00,0.03
117,1769.3706,1022.8318,2470.0858,96.9934,0.00,0.01
3448,2408.5451,3.7994,2417.0417,2402.8574,0.00,0.03
2014,2282.2939,577.2654,2435.4710,46.5712,0.00,0.03
118,2120.1730,687.4575,2458.4750,494.7647,0.00,0.02
2015,2425.9143,1.0675,2428.2201,2422.9275,0.00,0.04
3449,2407.1124,3.1080,2412.1304,2402.3077,0.00,0.03
119,2432.1563,5.0412,2446.3724,2427.7083,0.00,0.03
2016,2427.4674,1.4996,2430.2465,2424.1424,0.00,0.04
120,594.9759,774.1449,2454.6191,8.0178,0.00,0.01
3450,2197.5147,445.0670,2410.2617,1054.7707,0.00,0.03
121,2077.3957,767.6907,2470.3849,324.8323,0.00,0.02
3451,2407.5838,3.4514,2412.7378,2400.8814,0.00,0.03
2017,2430.4053,3.8542,2435.7225,2420.8970,0.00,0.03
3452,2375.2999,139.7645,2416.8635,1834.1060,0.00,0.03
122,2432.6544,7.3957,2458.9161,2426.7445,0.01,0.03
2018,2429.2218,1.4572,2431.9436,2427.0527,0.00,0.03
123,1701.4680,957.5707,2470.0144,205.2148,1.76,0.04
3453,2406.2880,2.3105,2409.7015,2402.3587,0.00,0.03
2019,1551.8671,862.9594,2431.8270,54.1689,0.00,0.03
124,2317.3872,493.4667,2470.1781,406.5968,0.00,0.02
3454,2413.5709,5.7991,2422.5275,2402.8535,0.00,0.03
2020,2426.9392,14.6257,2434.2750,2371.6037,0.03,0.03
125,1977.6094,918.9325,2449.1141,65.6775,0.00,0.03
3455,2407.6107,3.7771,2418.0915,2403.2157,0.00,0.03
2021,2428.6272,1.5539,2431.8073,2426.1615,0.00,0.03
3456,2172.2443,620.8546,2414.2683,505.7211,0.00,0.03
126,2314.3687,459.7138,2440.7420,533.9521,0.00,0.03
3457,2410.1768,2.6245,2416.7155,2406.5530,0.00,0.03
2022,2424.5507,6.7874,2433.8756,2411.7590,0.00,0.03
127,2426.8558,1.1475,2429.2514,2425.1538,0.00,0.04
3458,2413.5418,3.9122,2419.4264,2404.8224,0.00,0.03
2023,2427.0232,1.0024,2430.2797,2425.5476,0.00,0.04
128,1678.5332,925.4104,2471.6775,124.6302,0.13,0.03
3459,2407.8579,3.6320,2417.4134,2402.8931,0.00,0.03
2024,2278.7198,580.0036,2434.0694,32.4566,0.01,0.03
129,2317.9159,297.6283,2439.4966,1436.2042,0.00,0.03
3460,2410.9309,3.5299,2418.1891,2405.7068,0.00,0.03
2025,2429.8610,1.8083,2433.6836,2427.4098,0.01,0.03
130,2418.7945,21.8024,2437.0029,2368.4760,0.00,0.04
3461,2412.6103,4.0523,2420.9811,2406.7490,0.00,0.03
131,2291.2803,529.4147,2429.8480,240.8720,0.00,0.04
2026,2425.5408,5.5540,2433.2537,2414.3243,0.00,0.03
3462,2339.9898,289.3835,2422.7591,1219.3982,3.00,0.07
132,2429.3828,2.5791,2436.5887,2426.7902,0.00,0.04
3463,2416.1318,3.2138,2422.7244,2410.2810,0.00,0.03
2027,2428.9200,2.0226,2432.9876,2425.1366,0.00,0.03
133,2012.0990,913.0053,2467.1620,92.0533,0.00,0.02
2028,2428.7044,3.3392,2432.1885,2417.4708,0.00,0.03
3464,2387.7561,111.7461,2422.4293,1955.1006,0.00,0.03
134,2431.5676,3.9106,2440.6178,2426.3866,0.00,0.03
135,519.3662,932.6911,2471.4496,7.2917,0.00,0.02
3465,2408.8398,3.6820,2416.3046,2403.9217,0.00,0.03
2029,2427.7181,1.1076,2430.1619,2425.8892,0.00,0.04
2030,2101.5036,710.6650,2435.2773,99.3079,0.00,0.03
136,2412.7035,67.3177,2435.5186,2152.2081,0.00,0.04
3466,2397.0977,44.2722,2418.1087,2226.0918,0.00,0.03
2031,2427.0690,4.7296,2435.6632,2416.9681,0.00,0.03
137,2370.8342,239.5483,2448.6562,1443.3311,0.00,0.03
3467,2266.5458,405.5344,2415.5252,867.2830,0.00,0.03
138,2426.9318,1.3555,2430.4682,2425.5858,0.00,0.04
2032,2429.4079,1.9419,2433.1605,2426.4801,0.00,0.03
139,2443.3209,8.0707,2466.2198,2429.7387,0.00,0.02
3468,2416.3392,3.7291,2422.1839,2410.4107,0.00,0.03
140,331.6117,637.8291,2465.3926,-2.7570,0.00,0.03
2033,2419.4753,4.6976,2432.3329,2414.1562,0.01,0.03
141,1512.9675,1094.4253,2471.8560,96.5970,0.00,0.01
3469,2412.8098,3.0267,2420.2835,2408.8881,0.00,0.03
142,1889.0776,887.0355,2469.9417,96.8960,0.00,0.02
3470,2415.1011,5.5807,2425.3658,2406.4437,0.00,0.03
2034,2430.1171,2.6528,2434.9981,2425.7652,0.00,0.03
143,2176.0682,710.9294,2457.8873,235.8555,0.00,0.02
3471,1921.9008,772.2736,2422.3883,428.2861,0.00,0.03
2035,2019.0443,756.5274,2420.2355,90.0340,0.00,0.04
144,2319.9926,470.0269,2453.6193,499.7411,0.00,0.03
3472,2006.6700,518.8337,2421.4057,1154.5737,0.00,0.03
2036,2177.2923,629.8049,2420.0580,475.3863,0.00,0.04
145,2431.6742,5.7730,2450.2284,2426.8900,0.00,0.03
3473,2337.3758,324.4898,2443.0397,1081.3964,0.00,0.02
2037,2412.9553,2.1910,2416.0219,2408.4223,0.00,0.04
146,1199.7987,1081.2805,2471.3953,51.0537,0.00,0.01
147,2023.1195,819.9090,2471.1688,112.2561,0.00,0.02
2038,2416.2980,2.3077,2420.3418,2412.9799,0.00,0.03
3474,2404.7755,2.3190,2408.7939,2400.9140,0.00,0.04
2039,2263.9889,572.5243,2436.4756,55.8006,0.01,0.03
148,2429.2639,2.4625,2434.8861,2426.5920,0.00,0.04
3475,2388.7441,112.6574,2442.8773,2005.1305,0.00,0.02
2040,2023.2621,686.9742,2434.4014,69.1350,0.00,0.03
149,1917.1742,825.2170,2471.6321,314.9451,0.00,0.01
150,1172.4678,998.2660,2470.7862,75.8765,0.00,0.02
3476,2323.3553,401.8747,2434.4139,767.0386,0.00,0.02
2041,2435.3066,2.0235,2437.7633,2431.4760,0.00,0.03
151,1934.1403,906.5737,2472.3967,101.8874,0.00,0.01
3477,2414.1501,4.7265,2424.5404,2405.8757,0.00,0.03
2042,1955.4221,805.7877,2434.9076,47.7880,0.00,0.03
3478,2403.1799,91.8126,2442.1587,2048.6590,0.00,0.02
152,2443.2984,8.7043,2457.4652,2431.9276,0.00,0.02
153,84.3821,73.6753,280.9665,-21.9785,0.00,0.03
2043,1517.8869,995.5377,2438.2567,73.2747,0.00,0.03
154,2258.7506,435.7419,2471.1720,936.5444,0.00,0.02
3479,2411.9529,7.3342,2424.0833,2402.3924,0.00,0.03
2044,2432.1233,2.9828,2436.9644,2425.6097,0.00,0.03
155,1803.4771,928.1217,2455.1323,84.9188,0.00,0.02
3480,2430.7379,7.9114,2444.7677,2418.6903,0.00,0.02
2045,2431.7239,2.5248,2436.3823,2426.8080,0.00,0.03
3481,2252.2316,403.3178,2442.5337,1144.3172,0.00,0.02
2046,907.3190,989.1391,2437.6431,84.0485,0.00,0.03
156,2459.5060,9.4204,2471.2733,2436.9026,0.00,0.01
2047,2131.9035,781.5403,2436.3411,46.0178,0.04,0.03
157,2127.9941,603.5536,2434.2629,612.3646,0.00,0.03
3482,2410.5106,6.1282,2424.6700,2404.1813,0.00,0.03
2048,2198.0530,644.3315,2440.0618,54.2495,0.00,0.02
3483,1919.5598,646.6626,2441.5518,806.3115,0.00,0.02
158,2426.0788,1.0369,2428.8482,2425.0067,0.00,0.04
2049,2433.1080,3.0354,2439.6238,2428.0922,0.00,0.03
3484,2356.4500,100.9601,2418.7788,2118.9938,0.00,0.03
159,2037.5305,728.3368,2468.4704,460.0303,0.00,0.03
3485,2425.3518,6.9913,2438.7356,2414.5496,0.00,0.02
2050,2423.0875,7.6892,2439.9712,2411.4949,0.00,0.03
160,2429.4664,1.8195,2432.8033,2426.2766,0.00,0.04
3486,1870.5880,675.3169,2436.3976,718.6146,0.00,0.02
2051,2431.2199,3.0708,2437.5614,2425.7232,0.00,0.03
161,2011.5579,825.6202,2471.8675,111.7351,0.00,0.02
3487,2402.7692,29.2824,2422.9874,2290.9026,0.00,0.03
2052,2359.5914,190.5731,2433.6235,1655.5464,0.35,0.03
162,2446.4020,8.2822,2471.7953,2437.0701,0.00,0.02
3488,2311.5305,400.2188,2425.5701,761.6341,0.00,0.03
2053,2424.7702,6.8765,2439.4366,2415.5407,0.00,0.03
3489,2255.8150,306.0468,2437.7559,1484.5311,0.00,0.02
2054,2426.9723,3.2597,2431.5049,2418.7250,0.00,0.04
163,2448.5802,10.0123,2471.3177,2435.0138,0.00,0.02
3490,2415.1322,7.1547,2429.3121,2403.2218,0.00,0.03
2055,2431.2555,3.7500,2440.8967,2421.9839,0.00,0.03
164,2441.2585,5.6996,2452.9606,2431.2001,0.00,0.03
3491,2417.5694,3.8992,2424.1495,2411.0782,0.00,0.03
2056,2309.2381,484.0878,2437.0538,434.3902,0.00,0.03
165,2217.2390,632.9399,2471.1832,236.2363,0.00,0.02
3492,2326.4191,379.0282,2441.9582,858.7023,0.00,0.02
166,1918.9796,921.6166,2471.7636,124.9085,0.00,0.02
2057,2434.3449,3.0007,2441.2871,2428.5849,0.00,0.03
167,2435.2054,5.9921,2450.5949,2428.1671,0.00,0.03
3493,2429.8983,8.7647,2444.1829,2416.5468,0.00,0.02
2058,2423.4881,4.7986,2436.6090,2415.6060,0.00,0.03
168,2106.4128,758.0583,2471.8834,122.1606,0.00,0.01
3494,2163.2829,551.5729,2448.2995,980.1833,0.00,0.02
2059,1826.5426,919.4823,2464.1515,111.5982,0.00,0.02
169,1771.2929,1012.8868,2467.0694,104.8069,0.00,0.02
2060,2056.9548,708.8082,2471.7210,359.5130,0.00,0.02
3495,2051.1537,600.2032,2435.6942,733.1426,0.00,0.02
170,2158.9407,654.3859,2467.2212,416.4458,0.00,0.02
2061,2029.7473,734.5567,2471.6494,577.6014,0.00,0.02
3496,2281.6431,336.3909,2440.8021,1375.3306,0.00,0.02
171,2427.4610,9.2190,2463.1659,2425.0183,0.00,0.04
2062,2210.9128,615.2510,2454.9184,563.4111,0.00,0.02
3497,2090.0979,530.7441,2420.0335,707.9075,0.00,0.03
172,2091.0576,740.4061,2471.1408,400.9955,0.00,0.02
2063,2427.2404,6.5831,2444.1834,2413.2581,0.00,0.04
3498,2331.7360,308.5213,2419.9056,1136.9536,0.00,0.03
173,2427.0446,4.6224,2442.3219,2425.0157,0.00,0.04
2064,2443.0323,7.1271,2454.5016,2421.9331,0.00,0.02
3499,2392.3276,66.2735,2451.4774,2167.2160,0.01,0.03
2065,1844.8845,911.1262,2452.8049,131.3765,0.00,0.02
174,2295.2227,567.7271,2463.1444,96.8685,0.00,0.03
3500,2396.5011,67.9641,2429.5244,2145.0510,0.00,0.02
175,2436.2775,9.0510,2450.1628,2425.1132,0.00,0.03
2066,2431.4416,3.6613,2437.8416,2425.6793,0.00,0.03
3501,2375.7082,185.4579,2436.9366,1657.9092,0.00,0.02
176,2126.0183,706.1065,2462.5334,220.5955,0.00,0.03
2067,1772.4517,883.7536,2453.1011,107.3040,0.22,0.02
2068,2328.9892,433.0113,2453.3637,652.3194,0.01,0.02
177,1945.1405,759.6261,2462.4730,496.8015,0.00,0.03
3502,2420.4439,3.4645,2426.9055,2414.0679,0.01,0.02
2069,2433.8439,4.7540,2443.3422,2427.4587,0.00,0.03
3503,2406.3103,25.9506,2425.9265,2340.0049,0.20,0.03
178,2217.7988,651.0698,2471.9011,132.0529,0.00,0.01
2070,1672.4515,1064.1580,2449.6316,87.2515,0.00,0.02
3504,2298.1137,452.5308,2429.4000,545.6316,0.00,0.03
179,2186.7659,707.9100,2471.9008,96.9452,0.00,0.02
2071,1956.4691,875.3335,2450.7046,97.0697,0.02,0.02
3505,1885.4632,913.1336,2417.0351,181.8722,0.00,0.03
180,2396.5753,200.9088,2465.6104,1619.4753,0.00,0.02
2072,2430.5846,2.6453,2437.5224,2427.4745,0.00,0.03
3506,2270.1474,395.1723,2443.9046,1029.1466,0.00,0.03
2073,1679.7757,949.4462,2471.9078,117.2130,0.00,0.01
181,2283.4274,474.6935,2465.0403,608.7366,0.00,0.02
3507,2230.7610,549.7594,2447.9076,172.0902,1.38,0.03
2074,2039.8622,859.8763,2471.5169,126.7971,0.00,0.02
182,2177.7919,689.2572,2455.8903,112.2478,0.00,0.03
2075,2230.2287,566.6263,2455.6618,509.2136,0.00,0.02
3508,2211.7386,522.4479,2435.1861,494.2869,0.00,0.03
2076,2208.5235,627.7231,2471.7461,509.1216,0.00,0.02
183,2425.6001,0.8604,2428.8052,2425.1010,0.00,0.04
3509,2424.5267,4.6095,2430.9868,2408.4797,0.01,0.04
2077,2196.7417,657.2911,2469.1032,344.3726,0.00,0.02
184,2251.8493,514.0440,2463.1804,623.8490,0.00,0.02
2078,2435.0135,5.0670,2446.7560,2427.9530,0.00,0.03
3510,2424.5587,0.4381,2424.7767,2422.8985,0.00,0.04
185,2144.2291,771.9167,2459.1604,96.9425,0.00,0.03
2079,1670.8090,971.9713,2427.6164,69.9844,0.00,0.03
3511,2424.6987,0.0010,2424.7005,2424.6962,0.00,0.04
186,2425.9333,1.1631,2428.6760,2425.0520,0.00,0.04
2080,2396.5424,100.2924,2430.1513,2008.7807,0.00,0.03
3512,2424.7101,0.0275,2424.7873,2424.6692,0.00,0.04
187,2326.6579,469.4169,2471.8977,509.3629,0.00,0.02
2081,2200.9863,640.4223,2464.2767,136.3535,0.00,0.03
3513,2429.8944,8.9623,2455.0364,2424.7010,0.00,0.03
188,2330.5376,461.3216,2471.9262,544.5320,0.00,0.02
2082,2426.4824,3.5555,2434.9382,2421.2323,0.00,0.03
189,2164.3180,734.6366,2462.5673,112.2529,0.00,0.02
3514,2233.2990,575.4961,2449.5983,123.6060,0.00,0.03
190,2430.1152,2.9732,2436.2209,2425.7106,0.00,0.04
2083,2441.4704,10.6040,2471.4650,2420.6392,0.00,0.03
191,2025.2316,784.0499,2471.8394,272.5868,0.00,0.02
3515,2417.9770,13.3430,2445.9050,2403.7402,0.00,0.03
2084,2057.0844,819.0309,2471.0611,146.7412,0.00,0.02
192,1906.2636,948.5565,2471.7996,107.3557,0.00,0.02
3516,2425.2238,4.5529,2440.7173,2417.9071,0.00,0.03
193,2050.1654,835.6631,2469.9456,112.2500,0.00,0.02
2085,2326.8216,428.9804,2451.8787,665.7350,0.00,0.03
3517,2426.3010,4.8363,2444.3897,2421.7019,0.00,0.04
3518,2422.6743,4.6133,2434.2168,2417.0903,0.00,0.04
2086,2030.4827,852.7669,2471.7734,109.2021,0.00,0.03
194,2255.6652,506.4580,2458.4977,608.7342,0.00,0.02
3519,2424.8432,0.2242,2425.6307,2424.7004,0.00,0.04
195,2433.6786,7.8256,2450.2567,2425.2986,0.00,0.03
2087,2429.7780,5.1769,2441.0520,2424.0617,0.00,0.03
2088,772.8570,868.2492,2440.5402,74.2285,0.13,0.03
3520,2432.5616,7.2365,2447.7566,2419.6883,0.00,0.03
196,1844.7883,934.4315,2468.9353,128.4386,0.00,0.03
3521,2426.2043,3.0309,2436.2581,2424.6905,0.00,0.04
2089,2440.4255,9.8911,2458.3975,2417.1536,0.04,0.02
197,2444.4087,7.6306,2456.3585,2429.3892,0.00,0.02
3522,2435.9162,8.0137,2446.1598,2416.3952,0.05,0.03
2090,1986.0300,811.2732,2471.8684,498.9095,0.00,0.02
198,2179.9040,712.6859,2466.9318,269.4141,0.00,0.02
199,1739.1470,925.0475,2471.2400,400.5144,0.00,0.02
3523,2431.3363,4.0300,2439.4275,2424.8815,0.00,0.03
2091,2326.8275,484.9479,2471.9125,450.0434,0.10,0.02
200,2439.7627,6.1948,2452.8821,2431.8853,0.00,0.03
3524,2428.9334,5.4226,2441.8192,2422.5867,0.00,0.03
2092,2440.2197,15.8010,2457.1433,2389.1103,0.01,0.02
201,2368.6679,326.5702,2471.1545,1104.8763,0.00,0.02
3525,2434.1172,4.6900,2444.5233,2425.5931,0.00,0.03
202,2158.0661,771.6089,2471.7819,96.8685,0.00,0.02
2093,2317.2475,484.6909,2449.7774,440.1265,0.00,0.02
3526,2339.3512,339.2738,2432.5795,1025.3899,0.00,0.03
203,2172.6731,705.1183,2448.6598,259.3462,0.00,0.03
2094,2431.5680,6.1131,2452.0458,2426.8920,0.00,0.03
3527,2426.5269,3.2627,2434.3968,2422.3686,0.00,0.03
2095,2168.2177,596.2358,2463.1409,583.9431,0.00,0.02
204,1971.8748,862.5484,2464.7767,101.8669,0.00,0.02
3528,2444.3227,7.2289,2454.1544,2429.8027,0.00,0.02
2096,2290.5960,505.1646,2433.7850,334.2945,0.00,0.03
205,2432.6735,4.3710,2442.2151,2426.6590,0.00,0.03
2097,2337.7912,312.7753,2439.3550,1126.8373,0.00,0.04
3529,2442.9718,6.6348,2454.6325,2428.9685,0.00,0.02
206,1984.4854,840.2644,2469.7968,96.9449,0.00,0.01
2098,2290.7633,513.6350,2435.6769,301.9815,0.00,0.03
207,2070.4439,824.2815,2471.1204,96.8740,0.00,0.01
3530,2437.4932,5.8667,2455.0974,2430.5868,0.00,0.03
2099,2270.8339,562.0259,2427.4982,94.2653,0.00,0.04
3531,2389.9081,148.8365,2452.4168,1814.4452,0.00,0.03
208,2301.3658,567.9402,2465.2767,101.9245,0.00,0.02
2100,2421.5852,8.7973,2437.3191,2404.4143,0.01,0.03
3532,2223.5449,497.8614,2452.1653,715.6336,0.00,0.03
209,2056.1069,826.2326,2465.3388,107.1078,0.00,0.02
2101,2285.7520,522.1988,2438.3728,263.7041,0.00,0.04
210,2428.8805,3.7195,2438.0370,2425.2647,0.00,0.04
3533,2441.1282,4.2143,2447.2930,2431.1677,0.00,0.02
2102,2418.8993,8.6309,2436.0100,2406.3021,0.00,0.04
211,2184.5137,717.5781,2471.8855,100.1489,0.00,0.02
3534,2434.6944,4.4236,2444.3790,2427.8330,0.00,0.03
2103,2338.3139,383.3368,2464.7527,855.1715,0.00,0.03
3535,2396.1768,105.7540,2430.6198,1986.7826,0.00,0.04
212,2372.6970,303.4942,2468.5158,1198.1139,0.00,0.02
2104,2440.4294,16.4329,2461.0099,2412.4049,0.00,0.02
3536,2328.8220,382.9857,2431.8094,845.5549,0.00,0.03
213,2302.3350,565.5760,2471.8018,112.2570,0.00,0.02
2105,1999.3025,808.1756,2471.7050,141.9326,0.00,0.02
214,2141.7363,674.0180,2465.3259,320.7161,0.00,0.03
3537,2427.2952,3.9462,2437.9707,2421.4803,0.00,0.03
2106,2210.5536,638.0729,2463.9398,126.7627,0.00,0.02
215,2436.6432,14.2922,2467.3467,2425.0128,0.00,0.03
3538,2429.9675,1.8548,2433.5702,2426.3937,0.00,0.03
216,774.6678,772.6558,2432.1495,137.9795,0.00,0.04
2107,2426.0695,1.7830,2431.4472,2425.0828,0.00,0.04
3539,2426.5451,3.2270,2432.3719,2421.1506,0.00,0.03
2108,1834.4962,917.3678,2471.6179,182.2064,0.22,0.03
217,2320.6193,455.8676,2464.1659,555.8844,0.00,0.03
218,2113.4340,731.2058,2442.2022,195.9462,0.00,0.04
2109,2326.5254,435.0115,2471.7567,642.8244,0.00,0.03
3540,2430.6242,1.9757,2434.7413,2427.4543,0.00,0.03
219,2427.8418,10.7665,2469.5401,2425.0260,0.00,0.04
3541,2433.3444,5.2466,2441.9816,2424.1883,0.00,0.03
2110,2438.3420,10.9143,2455.4104,2425.1696,0.00,0.03
2111,1306.8344,1005.5118,2451.3586,188.0950,0.00,0.03
220,2165.9506,686.4588,2471.1022,96.8805,0.00,0.02
3542,2428.3631,2.1337,2433.3194,2424.0249,0.00,0.03
221,2448.3773,11.6944,2471.8609,2434.3907,0.00,0.02
2112,2443.6611,24.7158,2471.8534,2403.1481,0.00,0.02
222,1712.7736,651.2770,2439.4614,485.0552,0.00,0.03
3543,2431.6211,4.9547,2442.4568,2425.0962,0.00,0.03
2113,2317.1879,458.1361,2454.9228,543.1259,0.00,0.03
223,2221.4254,552.3869,2442.6766,646.9404,0.00,0.03
3544,2431.2608,2.9597,2438.8025,2428.0428,0.00,0.03
2114,2426.0341,1.2450,2428.8858,2425.0746,0.00,0.04
2115,2322.8345,459.2416,2455.0578,544.6048,0.00,0.02
3545,2433.2997,4.3370,2442.5018,2429.1246,0.00,0.03
224,2425.7319,0.6967,2428.2233,2425.1646,0.00,0.04
2116,2430.4184,3.0446,2440.0301,2426.1205,0.00,0.03
225,2438.1718,8.8391,2464.0931,2428.0607,0.00,0.03
3546,2435.3899,3.4520,2441.4963,2430.9137,0.00,0.03
226,1321.9097,1038.2139,2469.4092,123.4580,0.00,0.03
2117,2324.8310,514.1780,2471.8556,335.0619,0.00,0.01
3547,2384.5732,174.2992,2441.3596,1709.7960,0.00,0.03
2118,2014.7676,778.9768,2471.8828,455.0372,0.00,0.01
227,2334.7155,442.1661,2471.4466,622.9722,0.00,0.02
3548,2426.6515,3.6584,2436.4207,2421.9141,0.00,0.03
2119,2421.1162,23.0547,2461.3042,2394.0384,0.00,0.03
228,2202.0953,624.7136,2451.1391,539.4624,0.00,0.03
2120,1997.2690,801.9918,2470.0703,330.1114,0.00,0.01
3549,2442.7971,5.7440,2454.1398,2431.9956,0.00,0.02
229,2425.6654,0.5411,2427.2027,2425.0857,0.00,0.04
2121,2439.5220,6.7620,2454.5514,2431.5341,0.00,0.03
3550,2432.4829,5.0682,2442.0917,2425.5413,0.00,0.03
230,2318.5798,478.7567,2464.9636,464.9048,0.00,0.03
2122,1552.1069,1001.1376,2469.5671,167.0407,0.00,0.02
2123,1846.1996,933.8552,2471.9054,101.8684,0.00,0.01
3551,2439.8564,6.3539,2451.6541,2428.4477,0.00,0.02
231,2433.3703,6.7360,2449.0309,2426.3357,0.00,0.03
2124,2358.2627,362.0221,2463.8301,956.3272,0.00,0.02
3552,2252.7567,500.0883,2455.6083,701.5851,0.00,0.02
232,2116.7024,723.0204,2456.3647,112.0118,1.07,0.03
2125,2206.3597,632.0841,2457.2378,534.0790,0.00,0.02
233,2196.8949,667.6706,2471.3549,324.8707,0.00,0.01
2126,2429.4028,1.8536,2433.7930,2426.0944,0.00,0.04
3553,2413.7532,101.6546,2454.6355,2021.1128,0.00,0.02
2127,2102.1467,739.1538,2471.8848,547.6335,0.00,0.01
234,2324.9654,454.7317,2456.7456,564.0868,0.00,0.02
3554,2414.0024,94.5916,2454.3617,2049.0305,0.00,0.02
2128,2327.4562,460.9802,2470.4780,542.6136,0.00,0.02
3555,2151.3687,525.0808,2443.6768,880.0137,0.00,0.02
235,2161.4237,698.3631,2453.0025,112.2531,0.12,0.03
236,2351.7602,72.6658,2423.2239,2128.6518,0.00,0.04
3556,2273.6023,437.2539,2454.2168,671.2980,0.00,0.03
2129,2436.9751,5.7552,2450.8494,2428.5084,0.00,0.03
237,2424.4005,3.2452,2427.9436,2414.3902,0.00,0.04
2130,1325.8907,1136.3085,2471.8912,93.8121,0.00,0.02
3557,2439.8666,6.2272,2453.3507,2430.3036,0.00,0.02
238,2231.8115,569.3000,2470.3864,534.4862,0.00,0.02
2131,2439.2169,8.5348,2455.2435,2428.2384,0.00,0.03
2132,440.5261,760.2622,2446.1613,84.6699,0.12,0.03
3558,2107.4110,687.2318,2440.1569,109.0417,0.00,0.03
239,2353.5363,265.5694,2426.1331,1325.1540,0.00,0.04
2133,1989.9461,846.0883,2471.8805,96.9475,0.00,0.01
3559,2030.6086,644.4097,2453.6041,336.9243,0.00,0.03
240,2408.6740,66.1416,2427.0024,2152.5185,0.00,0.04
2134,2053.2237,839.7287,2471.8018,100.2286,0.00,0.01
3560,2067.2826,803.8870,2466.2571,131.1970,0.00,0.01
241,2425.3295,0.3067,2426.3421,2425.0650,0.00,0.04
2135,2284.6715,537.7056,2470.2074,222.2902,0.00,0.02
3561,2225.9298,609.9505,2469.7967,97.4823,0.00,0.02
242,2440.9113,11.3535,2464.7551,2425.2065,0.00,0.03
243,1662.8299,1020.2544,2471.1453,216.2339,0.00,0.02
2136,1993.9215,825.8823,2469.5364,112.2482,0.00,0.01
3562,2277.8181,398.5683,2440.9259,854.1588,0.00,0.03
244,2254.9788,532.1556,2467.4866,573.7982,0.00,0.02
2137,2067.1277,701.5154,2471.9581,320.2343,0.00,0.01
245,2083.1969,743.1002,2454.8867,484.7625,0.00,0.03
3563,2403.6902,66.1922,2428.4805,2149.1682,0.00,0.04
2138,1807.4968,975.7910,2471.8502,101.9290,0.00,0.01
246,2429.2664,6.2981,2439.9971,2418.7862,0.00,0.03
3564,2426.1971,12.5056,2441.2323,2383.8721,0.00,0.03
2139,2244.4248,598.6206,2470.5515,106.8321,0.00,0.02
247,2104.8789,760.1678,2471.5968,146.8777,0.00,0.01
3565,2249.0997,539.5285,2453.7741,404.9840,0.00,0.02
2140,1557.8051,973.5088,2449.7894,128.3606,0.00,0.03
248,2444.0839,7.3229,2456.5898,2430.0753,0.01,0.02
2141,1749.8200,936.6876,2471.6472,96.9459,0.00,0.02
3566,2320.0938,469.8199,2452.0830,500.7217,0.00,0.02
249,2191.3763,698.0844,2469.7095,133.9716,0.00,0.02
2142,1940.0053,871.0961,2464.5698,216.2511,0.00,0.03
250,2093.8600,765.4885,2471.7970,102.0008,0.00,0.02
3567,2438.5388,7.8035,2449.6259,2423.0057,0.00,0.02
2143,2211.4493,627.6643,2472.0858,504.5319,0.00,0.02
251,1843.4847,918.4256,2471.8589,216.9869,0.00,0.02
3568,2429.1133,2.5048,2435.3714,2425.8865,0.00,0.03
2144,2353.1155,362.0721,2470.3455,951.4195,0.00,0.02
252,2280.7618,521.9694,2471.5029,339.9877,0.00,0.02
3569,2439.1686,7.2466,2450.5593,2426.3999,0.00,0.02
2145,2433.0990,4.9400,2446.6092,2426.4432,0.00,0.03
253,2436.1845,8.1878,2450.5731,2425.4383,0.00,0.03
2146,2106.8351,751.0917,2469.4770,101.9037,0.00,0.01
3570,2438.3075,5.0767,2447.5484,2430.5500,0.00,0.03
254,1934.0402,912.5820,2469.6567,131.7608,0.15,0.02
3571,2200.5372,611.9887,2459.4482,508.1834,0.00,0.03
2147,2445.2197,16.3065,2470.2739,2407.4059,0.00,0.02
255,2041.9011,758.4864,2471.8183,117.2117,0.00,0.01
3572,2432.9790,9.9499,2452.8910,2418.9597,0.00,0.03
2148,2444.8619,8.5064,2463.8549,2429.1125,0.00,0.02
256,1901.3591,966.4808,2472.0379,124.2482,0.00,0.01
2149,2051.8915,622.1924,2445.6150,250.7404,0.00,0.03
3573,2426.5981,0.8783,2428.9826,2425.7155,0.00,0.04
257,1884.8269,872.3281,2471.7467,334.8877,0.00,0.01
2150,2375.6098,325.3837,2471.8777,1115.8401,0.00,0.01
258,2063.1456,807.0373,2469.7631,151.4946,0.00,0.02
3574,2432.1489,12.2316,2449.8306,2405.4459,0.01,0.03
259,1784.4673,967.6961,2458.6631,133.9839,0.34,0.03
2151,2179.7331,710.8698,2463.2534,107.2153,0.00,0.02
3575,2297.2029,560.5629,2451.7655,126.2704,0.00,0.02
260,2295.2669,550.3185,2465.0881,164.1380,0.00,0.03
2152,2432.6534,4.6090,2443.9695,2426.5900,0.00,0.03
3576,2443.8604,7.3925,2459.8858,2433.1415,0.00,0.02
261,2438.3272,7.4228,2452.2879,2426.3921,0.00,0.03
2153,2004.3489,814.9095,2471.9256,274.4535,0.00,0.02
262,1563.5872,1064.0127,2471.5289,153.2337,0.00,0.03
3577,2064.4111,818.6966,2470.9110,107.3965,0.00,0.01
2154,1997.5219,805.9214,2472.0717,339.8343,0.00,0.01
263,1895.8470,945.4141,2449.5259,106.6384,0.00,0.02
3578,1871.3862,841.2504,2469.8865,524.8545,0.00,0.02
2155,2049.4084,720.0744,2466.2607,528.6764,0.00,0.01
3579,2198.4334,685.5943,2469.4948,330.2212,0.00,0.01
3580,2434.4924,34.0452,2467.6159,2316.3863,0.00,0.02
2156,2449.1674,9.1539,2464.7639,2432.0591,0.00,0.02
265,2443.0822,7.0500,2455.2253,2430.9934,0.00,0.03
2157,1889.3628,835.7688,2451.1226,323.6572,0.00,0.03
3581,2413.9542,96.8103,2457.9249,2040.1637,0.00,0.02
266,2453.8611,13.0122,2471.3496,2432.7059,0.00,0.02
2158,1840.7265,920.3869,2471.3845,96.9512,0.00,0.01
3582,2447.4752,8.0343,2471.0370,2435.2652,0.00,0.02
2159,1060.3517,1018.4416,2454.9011,159.5094,0.01,0.03
267,2432.4489,2.9115,2439.0365,2427.5570,0.00,0.03
268,2071.0643,797.2954,2471.6326,96.9446,0.00,0.02
3583,1994.5101,600.3953,2459.8431,745.5146,0.03,0.02
2160,2295.7487,566.4888,2452.8458,101.8704,0.00,0.02
3584,2284.5646,411.2238,2448.5128,815.3829,0.04,0.02
269,2441.2136,5.3898,2451.4234,2430.6707,0.00,0.03
2161,2429.3510,2.6882,2435.3225,2425.6865,0.00,0.04
3585,2430.0042,10.8499,2449.8358,2410.2100,0.00,0.03
270,2162.6036,623.8888,2464.9132,340.0236,0.00,0.02
2162,2162.5827,778.8628,2471.9784,101.9582,0.00,0.01
271,1100.8646,979.3284,2441.4913,128.4251,0.00,0.03
3586,2350.0802,386.3436,2463.7342,854.1481,0.00,0.02
2163,2221.6554,470.5814,2464.6092,1208.0138,0.00,0.02
272,2168.0162,742.5134,2472.5181,191.4515,0.00,0.02
3587,2327.9480,431.5784,2455.4782,656.6565,0.00,0.03
2164,1843.2072,827.0276,2466.7320,139.7203,0.39,0.04
273,2319.3661,476.3021,2456.9989,474.9088,0.00,0.02
3588,2425.5180,5.0334,2434.0371,2414.8925,0.01,0.04
2165,2066.3565,817.2344,2470.8958,101.9120,0.00,0.01
274,2431.2445,4.3425,2442.7753,2427.0161,0.00,0.03
3589,2301.1122,563.9310,2468.3075,117.2978,0.00,0.02
2166,1915.2233,949.9285,2471.8025,102.1823,0.00,0.01
275,2160.4891,777.1290,2468.9003,96.8754,0.00,0.02
2167,2341.6133,441.1092,2471.8909,633.5514,0.00,0.01
3590,2433.7155,3.9322,2442.7871,2426.6278,0.00,0.03
276,1615.1381,989.0292,2456.3992,157.1785,0.00,0.03
2168,2278.8797,447.9033,2457.9444,769.8001,0.00,0.03
3591,2250.8651,528.6094,2469.7167,334.4461,0.00,0.01
277,2329.7547,461.1296,2471.2648,544.3387,0.00,0.02
3592,2045.8034,844.9696,2461.0630,97.4883,0.00,0.02
2169,2182.5148,738.5565,2471.4289,127.1061,0.00,0.01
278,2439.3589,7.0258,2455.5637,2427.6485,0.00,0.03
3593,2433.5632,4.6555,2444.8477,2426.6791,0.00,0.03
2170,1960.6193,753.4528,2471.6595,479.8353,0.00,0.01
279,1926.4994,904.5782,2471.8373,139.3649,0.00,0.02
3594,2404.1966,148.2943,2466.6498,1832.5551,0.00,0.02
280,2308.5224,516.0373,2456.9641,310.1256,0.00,0.02
2171,2136.4021,677.7886,2471.8358,479.7832,0.00,0.01
3595,1954.2848,824.9429,2465.3391,190.0653,0.00,0.03
281,2427.4325,1.4599,2431.6820,2425.7161,0.00,0.04
2172,2331.5777,461.5301,2471.6252,544.4824,0.00,0.02
282,2243.4739,553.0096,2463.8396,479.6628,0.00,0.02
3596,2260.6672,577.7369,2451.4972,36.8710,6.25,0.05
2173,2295.0777,559.7970,2450.1916,127.1080,0.00,0.03
3597,2447.7882,13.5175,2468.9069,2426.8163,0.00,0.02
283,2433.7477,3.5213,2443.1734,2429.6092,0.00,0.03
2174,2427.6574,1.4490,2431.5058,2425.8719,0.00,0.04
284,1801.8365,974.2455,2468.7857,106.6825,0.00,0.02
3598,2435.3714,13.8829,2450.8981,2402.5803,0.00,0.03
2175,2445.1690,8.9596,2470.1889,2432.5026,0.00,0.02
285,2202.1251,649.5747,2454.7077,315.0941,0.00,0.02
3599,2445.6820,15.5833,2470.1736,2418.2449,0.00,0.02
2176,1922.7297,819.2342,2449.8709,230.5837,0.82,0.03
286,2431.5682,3.1754,2438.2518,2426.7258,0.00,0.03
2177,1714.3186,877.9972,2472.0530,349.7154,0.00,0.01
3600,2440.4987,6.7463,2454.6565,2432.1818,0.00,0.03
287,2041.7701,877.4894,2471.1790,102.0200,0.00,0.01
2178,1418.6028,1062.3528,2470.1638,97.0588,0.00,0.01
3601,2434.6853,8.9584,2459.8406,2419.4397,0.00,0.02
288,2063.2909,815.6803,2471.7813,122.1460,0.00,0.02
2179,2303.2349,563.2937,2467.4783,122.1547,0.00,0.02
3602,2435.2942,9.4549,2449.5811,2408.2531,0.00,0.03
289,2282.3599,487.0872,2457.2416,489.8158,0.00,0.02
2180,1021.2505,837.4512,2441.7621,186.5791,0.20,0.04
290,1171.3717,1098.7966,2441.6942,100.0325,0.00,0.03
2181,2362.8672,326.3607,2468.4777,1099.8807,0.00,0.02
3603,2039.8452,850.9671,2468.7010,155.3771,0.00,0.01
291,2049.0467,720.0177,2471.5694,484.7438,0.00,0.02
2182,1780.8010,885.6161,2470.2683,315.0479,0.00,0.01
3604,2429.2730,11.4099,2453.7238,2399.2640,0.00,0.02
292,2327.6703,450.2086,2451.0245,584.1518,0.00,0.02
2183,2240.8718,559.3411,2471.7899,459.9446,0.00,0.02
3605,2441.0254,8.5435,2454.6318,2426.0126,0.00,0.03
293,2058.2353,740.9849,2449.5865,122.1633,0.00,0.03
2184,2437.0396,6.1048,2456.1068,2427.4103,0.00,0.03
3606,2421.4989,5.3851,2429.5158,2410.4749,0.00,0.03
2185,2325.1252,517.8858,2472.0333,319.8345,0.00,0.01
294,2317.6439,378.7984,2468.9224,881.3096,0.00,0.03
3607,2271.5383,488.2907,2468.1436,608.2251,0.00,0.02
2186,1928.9615,898.9691,2461.7127,279.1922,0.00,0.02
295,2393.7411,133.4148,2433.0294,1877.1044,0.00,0.04
3608,2429.1613,11.8449,2462.8279,2411.7001,0.00,0.03
2187,2296.9673,561.5938,2456.8364,122.1635,0.00,0.02
296,2429.7378,3.9869,2443.5767,2426.4226,0.00,0.04
3609,2230.8863,615.5232,2462.9837,126.2791,0.00,0.02
2188,2429.8152,3.2851,2439.8296,2425.6330,0.00,0.04
297,2053.2408,842.2556,2468.0740,96.9198,0.00,0.01
3610,2444.4296,6.7185,2456.3798,2435.5065,0.00,0.02
2189,1897.5706,866.8200,2471.9878,359.0293,0.00,0.02
298,2041.7104,874.0909,2471.7728,101.8777,0.00,0.01
2190,2068.0888,816.5360,2469.4894,103.5888,0.00,0.01
3611,2310.9073,518.0247,2468.6147,305.3222,0.00,0.02
299,2175.8115,728.5107,2466.2200,196.4298,0.00,0.02
3612,2429.2151,5.8061,2442.8906,2413.9551,0.00,0.02
2191,2128.1558,691.7144,2470.3632,539.4590,0.00,0.01
300,1717.5211,978.8159,2471.7250,96.9743,0.00,0.01
2192,2096.0089,755.1648,2471.6912,474.7974,0.00,0.01
3613,2448.4640,10.8050,2465.0863,2429.6909,0.00,0.01
301,2068.8138,810.4663,2471.2188,101.9363,0.00,0.01
2193,2284.6185,518.1925,2449.8625,279.4555,0.16,0.03
3614,2443.1730,8.9561,2464.0930,2432.9134,0.00,0.02
302,2038.4310,865.5181,2471.8268,96.9774,0.00,0.02
2194,2359.9474,309.2799,2461.9918,1162.6029,0.00,0.03
3615,2360.7510,257.5607,2432.1693,1363.3021,0.00,0.02
303,2442.5272,9.6857,2471.8954,2430.9090,0.00,0.03
2195,2372.6794,312.2677,2470.1351,1163.9478,0.00,0.02
304,665.4283,912.3132,2457.0862,42.5382,0.00,0.02
3616,2419.3596,7.9455,2432.3662,2407.9408,0.00,0.03
2196,2431.4051,13.7458,2456.9590,2403.1108,0.00,0.03
305,2398.8907,199.5862,2469.8753,1626.5796,0.00,0.02
3617,2370.9781,193.9261,2424.5682,1620.0224,0.00,0.03
2197,2440.5264,5.5581,2453.6542,2426.8298,0.00,0.03
306,1702.7547,864.7059,2471.7324,450.1574,0.00,0.02
3618,2170.9150,641.7495,2437.7362,107.3986,0.00,0.02
307,1887.6725,977.6320,2464.2629,70.9397,0.00,0.02
2198,2294.9410,376.9898,2454.7621,1167.6447,0.06,0.03
3619,2416.3405,3.6942,2422.1817,2409.1318,0.00,0.03
308,1752.0860,922.7168,2471.8762,316.5465,0.00,0.01
2199,1887.2692,852.8439,2465.2638,450.1224,0.00,0.02
3620,2432.8284,8.4090,2442.5335,2419.9259,0.00,0.02
309,2137.8767,727.1625,2471.9092,96.8976,0.00,0.02
2200,2233.7098,570.6794,2467.7426,519.4405,0.00,0.02
2201,2435.7826,4.5754,2444.3244,2429.3325,0.00,0.03
310,2010.7222,891.9578,2457.2957,120.5790,0.00,0.03
3621,2430.1383,9.5570,2446.5496,2411.7510,0.00,0.02
2202,2044.1946,855.6963,2463.6777,102.0974,0.00,0.02
311,2308.2324,571.0505,2471.8103,96.9796,0.00,0.01
3622,2424.9010,32.7949,2443.5496,2302.7031,0.03,0.03
3623,2439.1722,5.6871,2448.9903,2427.6479,0.00,0.02
2203,2159.2400,721.0283,2446.0492,210.7930,0.00,0.03
312,2322.0494,461.8922,2455.6947,533.2595,0.00,0.03
2204,2005.4248,804.4176,2471.9294,117.2069,0.00,0.02
3624,2266.9991,463.1464,2457.6568,989.7898,0.00,0.02
313,2457.5737,9.5245,2471.0003,2440.4657,0.00,0.01
2205,2256.8568,511.2048,2440.4107,329.8986,0.10,0.03
3625,2411.1977,65.5747,2450.2195,2163.8837,0.00,0.02
314,2298.5106,478.0680,2448.8791,460.3760,0.00,0.03
2206,2427.3637,21.2990,2458.2489,2380.3580,0.16,0.03
3626,2346.1026,302.3659,2437.7808,1175.6086,0.00,0.03
2207,2313.5588,467.1197,2447.6595,504.5481,0.00,0.03
315,2427.3253,1.8879,2432.9198,2425.5086,0.00,0.04
3627,2437.6501,8.5230,2448.5806,2418.4329,0.00,0.02
2208,2421.0578,20.3862,2427.8241,2342.1368,0.00,0.04
316,2014.9021,917.3502,2471.8571,96.9616,0.00,0.01
3628,1901.4689,870.1971,2453.5643,97.4887,0.00,0.02
2209,2425.5592,0.2634,2426.2062,2425.2630,0.00,0.04
317,1914.6859,949.4971,2471.0579,101.8634,0.00,0.01
3629,2326.5854,329.6056,2453.1654,1053.7954,0.00,0.03
2210,2431.2189,3.4711,2439.9139,2425.8420,0.00,0.03
318,1692.3305,1013.3452,2471.8056,168.7773,0.00,0.02
3630,1923.0186,496.3347,2413.2348,1327.7096,0.00,0.04
2211,2188.5351,689.7188,2466.0865,122.1514,0.03,0.02
319,2119.0019,698.8321,2470.0638,395.5534,0.00,0.02
2212,1298.7342,1050.6468,2440.7373,137.9228,0.07,0.03
3631,2273.9174,302.9757,2411.2032,1443.0865,0.00,0.04
320,2217.5510,597.5074,2461.8093,484.6370,0.00,0.02
2213,2218.8285,635.9903,2471.8270,489.6944,0.00,0.01
3632,2236.2851,264.0893,2413.4796,1654.9804,0.00,0.04
321,2429.6391,3.6811,2437.9089,2423.7049,0.00,0.03
2214,1339.3363,1021.3492,2437.9936,133.2188,0.00,0.03
322,2201.5881,656.8978,2464.6267,320.2690,0.00,0.02
3633,2342.8556,161.7373,2410.5951,1893.7641,0.00,0.04
2215,2302.4342,566.9383,2470.2085,107.3056,0.00,0.02
323,2184.0877,707.1580,2469.2650,100.7936,0.00,0.02
2216,2417.3037,18.4156,2453.0420,2401.6983,0.00,0.03
3634,2147.6898,372.4413,2411.9804,1390.1578,0.00,0.04
324,1651.5799,1032.9350,2470.9444,112.2867,0.00,0.02
2217,2182.7910,698.0935,2454.9989,141.9373,0.00,0.02
3635,2285.7014,225.0868,2415.1825,1659.9115,0.00,0.04
325,2426.3471,1.2786,2429.6640,2425.2691,0.00,0.04
3636,2022.6083,487.0341,2402.3837,894.1931,0.00,0.04
2218,2434.3358,5.5292,2447.0444,2427.6826,0.00,0.03
326,2184.5109,693.1820,2467.5957,278.6777,0.00,0.02
3637,1843.7482,635.4256,2401.8145,855.3440,0.00,0.04
2219,2381.0849,292.6269,2471.7685,1248.4878,0.00,0.01
3638,1624.7709,613.1209,2408.9549,870.0223,0.07,0.04
327,1906.6135,939.2767,2464.0845,102.4138,0.00,0.02
2220,2437.8335,19.3563,2462.0942,2398.7997,0.00,0.02
3639,2002.0302,446.3478,2405.3733,870.2963,0.00,0.04
328,2442.6578,15.3966,2468.4585,2402.4820,0.00,0.02
2221,2433.8708,11.1483,2459.6621,2410.9045,0.00,0.03
3640,2168.9279,325.0527,2402.9735,1547.8657,0.00,0.04
329,2149.1385,671.6290,2460.7544,314.3615,0.00,0.03
3641,2182.5946,439.3320,2405.3980,677.9254,0.00,0.04
2222,2448.1514,11.5200,2471.7631,2424.6813,0.00,0.02
3642,1982.4632,486.6813,2407.1037,806.9008,0.24,0.04
330,2427.8652,1.8772,2431.4762,2425.3406,0.00,0.04
2223,2445.8689,6.7120,2456.6974,2432.9474,0.00,0.02
3643,2287.7803,235.1859,2409.7325,1481.1192,0.25,0.04
331,2205.2448,658.8034,2469.5132,449.9813,0.00,0.02
2224,2442.0292,16.7585,2464.8104,2403.0513,0.00,0.02
3644,1642.7127,715.8857,2402.4004,922.6547,0.00,0.04
2225,2436.2913,6.5864,2453.0107,2427.9213,0.00,0.03
332,2056.6458,796.0565,2445.7506,321.1820,0.00,0.03
3645,2374.0801,107.9349,2405.0903,1956.0738,0.00,0.04
333,2388.0782,178.5605,2450.9744,1697.1858,0.00,0.03
2226,2317.3085,351.4579,2471.3187,1171.1888,0.00,0.02
334,2404.3352,137.3174,2471.8868,1875.5574,0.00,0.03
3646,2400.8875,0.4820,2401.9531,2400.2146,0.00,0.04
2227,2104.1756,734.5185,2471.7407,529.5201,0.00,0.01
335,2427.2826,1.5514,2432.4027,2425.4806,0.00,0.04
3647,2378.8527,89.3898,2403.8348,2032.6725,0.00,0.04
336,2010.3872,694.0473,2470.7354,440.3676,0.00,0.02
2229,1997.7864,813.4878,2471.2435,117.2057,0.00,0.01
3648,2401.6417,1.1841,2403.5631,2398.0998,0.00,0.04
2230,2123.5311,690.5108,2471.8756,544.5109,0.00,0.02
337,2441.8978,7.1869,2455.7535,2431.3270,0.00,0.03
3649,2288.2557,359.2002,2403.4017,938.2603,0.00,0.04
338,435.7101,773.8761,2468.2536,16.2768,0.00,0.03
2231,2346.7147,262.0039,2443.6945,1347.2908,0.00,0.03
3650,2361.6189,113.6653,2403.6650,1975.6452,0.00,0.04
339,1621.8291,1060.5815,2465.9197,82.8658,0.03,0.02
2232,2336.4386,411.6874,2470.8413,743.0658,0.01,0.02
3651,2367.6180,92.2989,2403.2361,2109.0591,0.00,0.04
340,2427.2331,14.2144,2441.0655,2380.1267,0.12,0.03
2233,2020.2790,769.9618,2469.2742,489.6515,0.00,0.02
341,2431.3823,11.3126,2463.1108,2426.0574,0.00,0.03
3652,2401.2487,0.7109,2402.2579,2400.0610,0.00,0.04
2234,2261.0541,474.9199,2449.1632,946.4247,0.00,0.02
342,1150.4258,1009.8744,2468.6261,277.0096,0.00,0.02
2235,2426.3020,0.9486,2428.5891,2425.1221,0.00,0.04
343,2122.6243,646.0917,2466.3892,391.1357,0.00,0.02
3653,2403.1011,0.9133,2405.4742,2402.0495,0.00,0.04
2236,2298.1382,418.9377,2465.3855,1099.5650,0.00,0.01
344,2430.5292,3.0065,2437.9175,2427.7734,0.00,0.03
3654,2370.2953,126.4491,2406.9124,1880.5906,0.00,0.04
345,1595.9589,1020.4959,2471.6281,101.8094,0.00,0.01
2237,2042.4847,841.7913,2465.0339,102.0913,0.00,0.02
3655,2402.0532,1.5874,2404.8692,2400.2667,0.00,0.04
346,1529.2811,1056.9348,2468.8677,77.0314,0.00,0.01
3656,2405.2825,1.7681,2409.5971,2403.3088,0.00,0.04
347,1381.1070,1042.0525,2441.3655,94.6395,0.01,0.03
2238,2428.7531,4.0971,2443.2155,2425.7258,0.00,0.04
348,2101.5851,744.6918,2434.3850,131.7343,0.03,0.03
3657,2406.7139,3.0400,2413.3710,2402.1183,0.00,0.03
2239,2308.8951,569.8804,2471.8602,102.0002,0.00,0.01
349,1126.4287,1031.6220,2434.4979,118.3705,0.00,0.03
2240,2235.3533,571.7473,2471.8728,314.9978,0.00,0.02
3658,2405.1742,1.9826,2410.2680,2402.9878,0.00,0.04
350,2146.9912,699.5854,2439.2015,156.4098,0.04,0.03
3659,2410.5471,2.9187,2417.6101,2403.2917,0.00,0.03
2241,2303.8850,236.7835,2462.2206,1689.9512,0.03,0.03
351,2133.2945,720.6783,2455.1916,170.3935,0.01,0.03
2242,1584.8660,1012.8373,2471.2975,96.8734,0.00,0.01
3660,2394.5891,52.1044,2414.4809,2193.2293,0.00,0.03
352,1851.1300,860.8145,2394.4359,91.2816,0.21,0.04
2243,2262.3901,508.6008,2471.2629,519.4801,0.00,0.02
353,2261.5068,425.7671,2404.4537,624.9304,0.04,0.04
3661,2403.8003,1.6434,2407.7455,2401.4941,0.00,0.04
354,1929.1110,684.9254,2412.9318,258.1367,0.03,0.04
2244,2193.6651,635.0001,2460.8805,499.8116,0.01,0.03
3662,2205.2199,327.5363,2414.7143,1556.6608,0.00,0.03
355,2165.1834,458.6094,2394.8862,533.8312,0.09,0.04
3663,2210.3796,426.6835,2414.3025,991.4993,0.00,0.03
2245,2448.4822,16.6954,2470.0289,2393.5193,0.00,0.02
356,1775.2365,957.2451,2405.9588,87.0802,0.07,0.04
3664,2301.6799,297.6054,2419.9415,1319.5790,0.00,0.03
2246,2445.8863,8.5396,2465.3934,2431.9971,0.00,0.02
357,2398.6139,6.1324,2407.4057,2383.8869,0.04,0.04
358,2273.0028,482.8641,2440.2529,406.7667,0.04,0.03
3665,2407.0531,2.4079,2409.9128,2402.1691,0.00,0.03
2247,2431.3360,17.4560,2456.1321,2404.3391,0.00,0.03
359,1697.4559,975.3448,2410.2425,28.5381,1.18,0.04
2248,1985.0732,833.6429,2464.9037,101.9314,0.00,0.01
3666,2184.0866,464.9543,2405.7943,1014.4861,0.00,0.04
2249,2438.0461,5.9969,2452.4285,2429.5883,0.00,0.03
360,2145.9421,589.1910,2408.6151,324.7136,0.00,0.03
3667,2377.2918,104.1531,2405.8070,1973.9130,0.00,0.04
2250,2325.0166,475.2388,2470.1581,484.8770,0.00,0.02
361,2390.2902,29.0388,2411.1043,2285.0194,0.06,0.04
3668,1440.5323,850.9865,2403.8682,635.0545,0.00,0.04
2251,2173.2312,564.3951,2436.4731,694.4775,0.01,0.04
3669,2312.0809,358.4098,2406.3325,923.9741,0.00,0.04
362,2394.7604,6.4392,2404.4321,2382.9250,0.07,0.04
2252,2329.7241,455.9614,2463.1045,564.1421,0.00,0.02
3670,2408.2462,1.6651,2411.1149,2405.5791,0.00,0.03
363,2397.9677,10.2466,2406.9948,2362.1019,0.01,0.04
2253,2036.7589,763.0602,2466.6704,132.0504,0.00,0.02
3671,2408.8556,1.4692,2410.9939,2405.8792,0.00,0.03
364,2401.4634,4.1905,2409.1511,2392.8018,0.01,0.04
2254,2350.8243,298.0322,2438.5992,1196.8111,0.00,0.03
3672,2407.9704,1.8285,2411.2095,2404.5794,0.00,0.03
2255,2300.7973,423.6734,2437.9010,675.1807,0.00,0.03
365,2159.2903,622.3169,2408.4947,460.4973,0.03,0.03
3673,2404.5973,2.7585,2411.5200,2400.9615,0.00,0.04
2256,2319.0278,453.6183,2451.1597,562.5596,0.00,0.03
366,2388.0995,27.1918,2407.2910,2285.5849,0.01,0.04
3674,2006.7275,706.1523,2407.3930,553.8454,0.00,0.04
367,2278.4833,172.6175,2402.9498,1800.5251,0.06,0.04
2257,2359.1658,327.0505,2471.2767,1093.2700,0.00,0.02
3675,2400.5134,31.0403,2411.0844,2280.5060,0.00,0.03
2258,2102.8080,748.3998,2471.8056,101.9283,0.00,0.02
368,2397.3320,5.0243,2403.6012,2384.8431,0.04,0.04
2259,2423.8710,7.1348,2438.5018,2414.1368,0.00,0.03
3676,2408.7198,1.6346,2411.1085,2406.6148,0.00,0.03
369,2377.3954,30.0896,2404.1173,2286.1351,0.04,0.04
2260,1777.3688,881.4304,2464.9635,479.8286,0.00,0.02
3677,2408.7359,1.8196,2412.3136,2406.6725,0.00,0.03
370,2269.6086,503.7176,2421.8646,319.2004,0.06,0.03
2261,2166.4864,769.9328,2471.7730,122.1563,0.00,0.01
371,2396.9426,9.9559,2408.1209,2373.2891,0.09,0.04
2262,1663.3079,1029.6996,2471.6937,102.0872,0.00,0.01
3678,2408.8305,2.9774,2416.3864,2402.6412,0.00,0.03
2263,2163.5845,613.7161,2471.6023,529.3939,0.00,0.02
372,1985.9104,862.4929,2425.5024,126.1273,0.01,0.03
3679,2407.8436,3.1361,2415.2510,2401.9941,0.00,0.03
2264,2328.2936,455.5467,2463.3741,564.2751,0.00,0.02
373,2390.7809,15.6853,2411.2223,2358.8641,0.06,0.03
3680,2409.9991,2.5946,2416.2312,2405.7739,0.00,0.03
2265,2431.6759,4.5832,2441.9568,2425.6129,0.00,0.03
374,2388.1201,33.5016,2414.8587,2275.7370,0.09,0.03
3681,2409.5842,4.8539,2419.5215,2402.3445,0.00,0.03
2266,2446.6275,15.3485,2471.6822,2405.4692,0.00,0.02
375,2379.7478,53.4689,2409.0497,2210.8590,0.50,0.04
3682,2408.9604,2.9893,2413.8223,2404.4647,0.00,0.03
3683,2408.9346,2.2303,2411.2274,2402.5840,0.00,0.03
2267,2438.4520,4.5654,2445.9603,2430.4405,0.00,0.03
376,2410.1170,4.6503,2417.3758,2400.2078,0.01,0.03
377,2382.9386,81.7725,2419.2679,2152.5445,0.00,0.03
3684,2109.0491,500.3119,2419.9369,549.2316,0.00,0.03
2268,2329.5664,468.7991,2471.2746,514.4788,0.00,0.02
378,1604.8308,997.8071,2454.3676,-16.6550,0.03,0.03
3685,2351.2111,219.7081,2421.8637,1500.4950,0.00,0.03
2269,1809.4899,922.2294,2456.2377,205.7076,0.06,0.03
379,2144.6900,695.3068,2468.9110,121.2470,0.01,0.02
2270,1993.4896,819.1704,2465.9246,101.9120,0.00,0.02
3686,2343.9772,251.5637,2415.2039,1369.7606,0.00,0.03
380,2144.7854,680.1173,2449.4020,168.7337,0.00,0.02
2271,1982.5436,844.2195,2471.7942,96.9403,0.00,0.01
3687,2400.7061,0.2434,2401.2605,2400.3954,0.00,0.04
381,2432.2519,9.1326,2447.3261,2414.9309,0.01,0.03
2272,2374.8833,306.4044,2471.8319,1189.0360,0.00,0.02
3688,2406.2864,2.9928,2414.5856,2402.1953,0.00,0.03
382,1641.6360,1022.5900,2468.9993,125.4427,0.01,0.02
383,1037.8514,925.4383,2432.4537,92.6644,0.66,0.03
2273,2436.4436,8.4925,2459.8316,2421.7395,0.00,0.03
3689,2244.9045,368.4595,2412.0732,1183.9852,0.00,0.03
2274,1725.5370,943.7826,2467.2088,464.8926,0.00,0.01
384,1772.1778,899.6556,2464.4962,165.6399,0.01,0.01
2275,1861.5147,898.9289,2463.0902,112.2504,0.00,0.02
385,1922.0641,865.1994,2456.6840,116.8998,0.03,0.02
3690,2405.0934,2.1423,2409.2530,2402.0879,0.00,0.04
2276,1929.6241,914.7707,2468.7011,96.8681,0.00,0.01
3691,2159.1493,353.5637,2406.0802,1450.1108,0.00,0.04
386,2400.7851,33.6615,2423.8039,2277.3050,0.23,0.03
2277,2452.6524,13.7190,2471.8913,2414.1774,0.00,0.02
3692,2351.5661,141.6469,2407.7081,1919.9422,0.00,0.04
387,2413.1302,12.3969,2436.1432,2397.6256,0.03,0.03
2278,2439.4072,5.6736,2447.9234,2432.2783,0.00,0.03
3693,2262.7638,417.6272,2412.9451,688.5221,0.00,0.04
388,2440.9851,7.0934,2450.8894,2425.4989,0.00,0.02
2279,2451.9845,11.7897,2471.2098,2435.2669,0.00,0.02
3694,2308.4128,236.9301,2405.5658,1519.9852,0.00,0.04
2280,2320.4012,459.8671,2451.7186,539.4683,0.00,0.03
389,1927.4771,814.0775,2457.5514,130.6324,0.01,0.01
3695,2402.4864,1.0929,2404.8016,2400.9745,0.00,0.04
2281,2428.1494,2.4781,2434.0357,2425.5734,0.00,0.04
390,2283.6510,584.9663,2444.3586,18.1598,0.01,0.03
3696,2374.2363,133.1662,2417.1126,1858.7072,0.00,0.03
2282,2256.6964,554.1832,2471.6259,479.8247,0.00,0.01
391,2272.4248,461.8121,2440.0251,561.5871,0.00,0.03
2283,2207.2535,665.1996,2471.8228,430.2338,0.00,0.01
3697,2308.2184,244.2597,2412.7852,1570.9845,0.01,0.04
392,2081.2427,633.2328,2445.6176,491.5755,0.01,0.02
2284,2158.5301,779.2257,2466.7780,96.9693,0.00,0.02
3698,2170.8175,549.3887,2409.9664,644.7373,0.00,0.04
393,2283.8177,549.4578,2430.2618,155.7938,0.01,0.04
2285,2430.6637,9.2605,2441.9828,2411.2031,0.00,0.03
3699,2330.9395,293.3049,2413.6842,1195.0502,0.00,0.03
394,2429.4493,4.3389,2440.9137,2422.7294,0.01,0.03
2286,2050.5742,723.5866,2471.8470,499.9581,0.00,0.01
3700,2346.3840,224.5219,2409.5921,1476.8762,0.00,0.04
395,1553.9605,889.8875,2460.5290,187.0112,0.00,0.02
2287,1757.6733,940.8641,2471.9349,107.3090,0.00,0.01
2288,1620.2268,986.7722,2470.3105,101.9264,0.00,0.01
396,2061.6286,637.0327,2455.1373,128.1079,0.01,0.02
3701,2405.0059,1.5172,2407.8960,2400.4021,0.00,0.04
2289,2462.0970,7.2795,2471.8120,2448.5254,0.00,0.01
397,2375.9141,226.7284,2452.0810,1499.2686,0.01,0.02
3702,2367.7176,99.8467,2409.9517,2042.9463,0.00,0.04
2290,1563.1571,1041.6319,2471.8878,96.8776,0.00,0.01
398,2372.5247,150.9176,2457.3080,1898.6091,0.05,0.02
3703,2272.7394,352.7110,2411.4968,1247.5039,0.00,0.03
2291,2371.7949,327.3302,2471.3634,1104.5471,0.00,0.01
399,2385.8865,152.4741,2445.1191,1797.2648,0.01,0.03
3704,2405.4317,1.5606,2408.5872,2403.0258,0.00,0.03
2292,2430.8620,24.4676,2464.5613,2355.3711,0.00,0.03
400,2414.4216,14.6587,2429.0694,2374.6760,0.06,0.03
3705,2409.0068,2.4536,2413.5871,2404.1923,0.00,0.03
2293,2434.2848,6.1538,2445.2133,2424.9146,0.00,0.03
401,2424.2059,8.6207,2438.5380,2401.5050,0.00,0.03
2294,2445.1688,13.2925,2468.2673,2414.7231,0.01,0.02
3706,2407.7762,4.3211,2414.0290,2400.9122,0.00,0.03
402,2426.0246,3.8235,2432.3783,2420.9741,0.00,0.03
2295,2325.4886,452.3053,2463.8440,574.0392,0.00,0.02
3707,2364.6267,150.3353,2410.4120,1782.4793,0.00,0.04
403,2268.4097,413.6120,2449.8681,1128.0515,0.01,0.02
3708,2405.2775,2.8442,2412.1176,2400.4148,0.00,0.04
2296,2429.5342,2.8696,2435.8979,2426.0700,0.00,0.04
404,2367.8339,88.4366,2427.1719,2080.1333,0.95,0.04
3709,2409.6170,2.2862,2413.5676,2405.1880,0.00,0.03
2297,2367.4525,360.5924,2471.1499,971.1839,0.00,0.01
405,2431.2262,6.6666,2448.3474,2414.1596,0.00,0.03
2298,1767.7038,1019.5671,2468.6948,96.8699,0.00,0.02
3710,2409.2452,2.8100,2413.3042,2404.1825,0.00,0.03
2299,2301.3866,569.2958,2471.0487,96.8771,0.00,0.02
406,2025.5189,736.1551,2454.8369,115.3622,0.01,0.02
2300,1275.0873,1040.3209,2439.2890,137.8493,0.00,0.03
3711,2410.2654,2.2744,2414.8922,2406.8591,0.00,0.03
2301,1912.4600,836.0859,2469.3032,101.9115,0.00,0.01
407,2426.3353,6.7636,2443.0257,2411.3786,0.00,0.03
2302,2036.8886,806.8608,2463.5449,293.2936,0.00,0.03
3712,2294.5035,422.3091,2408.6956,658.9227,0.00,0.04
2303,2232.8898,625.9140,2470.3430,101.9575,0.00,0.01
408,2297.0529,557.0113,2454.1315,139.9762,0.01,0.02
2304,2071.4012,800.2196,2464.3338,191.4749,0.00,0.02
3713,2408.1058,2.6918,2413.1434,2403.0105,0.00,0.03
409,2424.8419,8.2006,2433.3847,2397.5238,0.04,0.04
2305,2160.8323,778.2803,2469.9024,96.8574,0.00,0.01
3714,2408.1865,1.5436,2411.0816,2405.3136,0.00,0.03
2306,2296.3088,561.8595,2465.3111,120.8340,0.00,0.02
410,2428.5026,2.4269,2435.6265,2425.7126,0.00,0.04
2307,1669.1044,1000.6200,2440.2669,186.0795,0.00,0.03
3715,2407.6846,2.8711,2413.5816,2401.8785,0.00,0.03
2308,2061.0378,803.0659,2460.0957,101.0406,0.00,0.02
411,2148.4309,654.6390,2467.8733,145.9287,0.00,0.02
3716,2404.0400,1.6989,2407.6073,2400.9430,0.00,0.04
412,2204.9674,600.0535,2440.1482,372.9800,0.00,0.03
2309,2425.8708,6.9802,2440.0575,2414.4842,0.00,0.03
413,2423.8261,5.3811,2426.1077,2403.1457,0.00,0.04
3717,2407.6534,3.8694,2414.6191,2401.9337,0.00,0.03
2310,2091.2603,758.3852,2469.1319,419.9036,0.00,0.01
414,2424.6458,1.0152,2425.6522,2421.3213,0.00,0.04
3718,2407.7162,2.4691,2413.6131,2403.1631,0.00,0.03
2311,2219.5440,642.3661,2470.2540,101.7307,0.00,0.01
415,2424.7169,1.1859,2425.6498,2420.3663,0.01,0.04
3719,2405.6247,3.3399,2413.2448,2400.7319,0.00,0.03
2312,2316.4617,519.9478,2467.2213,303.1600,0.00,0.02
416,2425.3725,1.0237,2427.2111,2423.6319,0.00,0.04
3720,2407.8122,2.0904,2411.0816,2403.5630,0.00,0.03
2313,2435.6139,5.3084,2444.1788,2426.2592,0.00,0.03
3721,2409.2643,2.9403,2412.8957,2401.8867,0.00,0.03
417,2436.6885,5.6004,2449.1558,2429.6435,0.00,0.03
2314,2349.5047,253.1938,2459.7988,1645.9466,0.00,0.02
418,1652.1394,1044.4726,2464.8588,107.1792,0.01,0.01
3722,2406.7401,2.5785,2411.5812,2402.6350,0.00,0.03
419,1401.9491,1008.4578,2454.1965,121.5153,0.05,0.01
2315,2078.4417,765.1152,2465.7376,464.2877,0.00,0.02
3723,2407.1450,3.0127,2411.3723,2400.7382,0.00,0.03
420,2265.7388,439.9400,2440.2196,642.9057,0.01,0.03
2316,2434.8962,8.7349,2459.9981,2427.0484,0.00,0.03
3724,2405.4330,2.0234,2409.4604,2401.8422,0.00,0.03
2317,1471.1652,980.5200,2440.5566,181.5193,0.00,0.03
421,2275.4223,474.9193,2425.8773,437.8057,0.00,0.04
3725,2409.4750,2.2746,2414.9952,2405.9717,0.00,0.03
2318,2317.8118,517.3910,2467.1760,314.4044,0.00,0.01
422,2420.8824,6.7751,2428.3758,2409.2560,0.00,0.04
3726,2333.0113,291.9553,2412.9742,1202.3390,0.00,0.03
2319,2211.4847,629.6814,2469.5420,107.0776,0.00,0.02
423,2425.1298,2.0968,2427.4792,2417.5170,0.00,0.04
2320,1251.8946,982.1795,2443.7449,199.3162,0.00,0.03
3727,2407.7389,2.6404,2412.2467,2403.8092,0.00,0.03
2321,2100.5020,717.3516,2468.7336,458.4362,0.00,0.02
424,2425.3834,2.0668,2427.3347,2417.7652,0.00,0.04
3728,2197.9027,459.6442,2412.7284,832.3503,0.00,0.04
3729,1212.6567,734.1337,2404.1728,625.4511,0.04,0.04
2322,2051.3638,811.3580,2465.6367,131.7358,0.00,0.02
425,2362.1876,279.0680,2450.1044,1281.6492,0.00,0.03
3730,2062.0941,663.8563,2405.8497,649.3302,0.00,0.04
2323,2223.9012,567.1457,2442.3660,434.0571,0.00,0.03
426,2427.2921,1.4336,2431.3388,2425.8890,0.00,0.04
3731,2152.9453,372.8125,2407.7751,1383.8515,0.00,0.04
2324,2417.1018,7.5866,2426.5682,2397.5517,0.00,0.04
427,2307.9440,495.1469,2446.5307,390.3565,0.00,0.03
3732,2402.2962,0.7083,2403.5441,2401.3154,0.00,0.04
428,1864.3323,997.7408,2467.8816,126.1403,0.00,0.02
2325,2430.9238,3.8426,2437.4142,2425.3629,0.00,0.03
3733,2410.2627,2.4213,2415.5426,2405.7309,0.00,0.04
429,2433.4400,4.7960,2444.1879,2427.8514,0.00,0.03
2326,2199.0676,688.4773,2470.9926,335.0486,0.00,0.01
3734,2248.5912,365.3138,2418.3826,1199.6750,0.00,0.03
2327,2243.5115,563.2407,2471.8477,549.2716,0.00,0.02
430,2220.9590,621.5052,2466.8319,245.6103,0.01,0.02
3735,2279.7227,342.9537,2414.8878,1345.3473,0.00,0.04
2328,1865.6814,902.1864,2471.7944,101.8722,0.00,0.01
3736,2083.6163,509.6735,2417.2718,939.6652,0.00,0.04
431,2248.1176,510.4573,2453.6406,860.1097,0.00,0.02
2329,1844.1755,934.6088,2471.1033,101.9291,0.00,0.01
3737,2414.6208,1.3417,2416.5853,2411.6596,0.00,0.04
432,2428.0486,1.3590,2431.7779,2425.6996,0.00,0.04
2330,2359.7353,347.1292,2469.7908,1015.7571,0.00,0.02
3738,2416.1667,1.0720,2417.9119,2412.8832,0.00,0.04
433,2443.8184,9.1970,2464.1925,2432.0563,0.00,0.02
2331,2434.6465,4.7767,2444.2423,2427.5850,0.00,0.03
3739,2416.7562,0.8867,2418.4556,2415.0999,0.00,0.04
434,2437.9804,5.8538,2448.8184,2427.0638,0.00,0.03
3740,2420.2153,2.0407,2422.9926,2416.7036,0.00,0.03
2332,2452.7130,10.2870,2471.6825,2437.7710,0.00,0.02
3741,2420.9642,1.0360,2422.0534,2418.3048,0.00,0.03
435,2258.8874,499.2049,2461.1178,926.2002,0.01,0.02
2333,2322.4089,446.3455,2455.6035,594.0063,0.00,0.03
436,2437.2965,6.0246,2447.8604,2428.2817,0.00,0.03
3742,2416.0779,3.0782,2419.7141,2408.9361,0.00,0.04
2334,2428.9512,4.3071,2440.9209,2424.1737,0.00,0.04
437,1999.4954,834.1021,2466.9782,89.1283,0.32,0.02
2335,2041.2333,747.9117,2467.5863,335.0448,0.00,0.01
3743,2418.7465,0.6434,2419.8918,2417.5165,0.00,0.04
2336,1542.0870,1034.6144,2456.3176,148.0652,0.00,0.02
438,2433.3962,5.7473,2449.4904,2428.2254,0.00,0.03
3744,2419.9174,1.1332,2421.6586,2417.7461,0.00,0.04
2337,1943.8495,902.5302,2472.1724,106.8365,0.00,0.01
439,1787.8266,803.8634,2464.0982,387.8037,0.03,0.01
2338,2061.5769,816.3964,2471.5740,133.1339,0.00,0.02
3745,2421.0958,1.5612,2422.7657,2416.2701,0.00,0.03
440,1890.7084,911.8975,2465.9243,136.1818,0.00,0.01
2339,2352.4104,354.1860,2455.8595,980.9153,0.00,0.02
3746,2419.1457,1.1173,2421.3051,2417.0371,0.00,0.04
441,2429.1871,2.1847,2433.6365,2426.5679,0.00,0.04
3747,2418.1784,2.9403,2424.0915,2411.4841,0.01,0.03
2340,2430.7535,3.8682,2440.8634,2426.0459,0.00,0.03
442,1937.1060,773.1189,2464.2791,454.7336,0.00,0.01
2341,1806.1445,914.6718,2471.5153,101.8834,0.00,0.01
3748,2420.6452,1.2015,2422.4885,2418.4173,0.00,0.04
443,2439.1449,7.5385,2453.1176,2429.3897,0.00,0.03
2342,1818.7377,940.1714,2461.7747,201.5839,0.00,0.03
444,2151.7553,768.3249,2456.3151,101.7948,0.00,0.02
3749,2417.0705,3.5866,2421.9124,2407.5459,0.00,0.04
2343,2324.9460,458.6999,2466.8827,548.7424,0.00,0.02
3750,2418.1458,1.1820,2421.1553,2416.6342,0.00,0.04
445,2431.5552,3.5975,2442.7497,2427.2616,0.00,0.03
2344,2433.4334,5.2476,2446.0445,2426.9633,0.00,0.03
446,1918.4234,855.9737,2453.0677,101.7996,0.00,0.01
3751,2420.2435,2.7358,2423.4904,2415.1977,0.00,0.03
447,1712.0831,972.7946,2452.0243,47.9751,0.00,0.02
2345,2181.5484,713.5147,2471.7060,101.8208,0.00,0.02
3752,2418.7775,0.7613,2419.8509,2416.7712,0.00,0.04
2346,1463.4853,1092.7165,2466.9555,123.4895,0.00,0.03
448,1846.1861,902.7137,2451.3451,131.3834,0.01,0.03
3753,2422.2948,1.1166,2423.9183,2419.8667,0.00,0.03
2347,2317.1059,470.6009,2449.4137,494.5861,0.00,0.03
449,2009.0761,760.1999,2445.3752,126.5806,0.00,0.03
3754,2409.9755,3.3874,2416.8928,2405.2125,0.00,0.04
450,2428.2517,1.1028,2429.9970,2426.3649,0.00,0.04
2348,2429.9203,3.6367,2438.5783,2425.2771,0.00,0.03
3755,2422.0644,1.3018,2424.3884,2419.5663,0.00,0.04
451,2433.3727,11.9218,2445.9623,2400.9575,0.00,0.03
2349,2355.1440,328.0891,2471.9488,1109.5458,0.00,0.01
452,2170.2248,657.3309,2435.9547,323.3886,0.00,0.04
3756,2415.0546,4.6011,2422.0836,2405.3498,0.00,0.04
2350,1887.6291,900.3790,2458.8785,118.6491,0.00,0.02
453,2367.8719,120.0768,2432.8296,1905.8639,0.03,0.04
2351,1846.2379,922.3655,2471.2051,101.8565,0.00,0.01
3757,2422.8756,1.5006,2424.3809,2418.6107,0.00,0.04
2352,2328.5099,449.3826,2458.0725,588.3868,0.00,0.02
454,2330.1474,311.6190,2435.9162,1125.0963,0.01,0.04
3758,2424.6919,0.1638,2424.9863,2424.4605,0.00,0.04
2353,2436.6793,7.1707,2452.7754,2428.5652,0.00,0.03
455,2400.8409,12.9604,2425.5971,2384.9738,0.03,0.04
3759,2423.6391,1.2523,2424.9396,2420.6929,0.00,0.04
2354,1853.2744,916.1565,2466.1342,226.3871,0.00,0.02
456,2425.4589,0.3945,2426.7904,2425.0919,0.00,0.04
2355,1587.7952,996.9771,2471.8555,305.2025,0.00,0.01
3760,2424.0736,0.4214,2424.3255,2422.5460,0.00,0.04
2356,1994.0986,829.3335,2471.2727,107.2007,0.00,0.01
457,2435.6198,3.9282,2445.2658,2428.6880,0.00,0.03
2357,1694.9640,990.5630,2459.5640,182.0978,0.00,0.03
3761,2423.5221,1.0759,2424.6567,2420.7132,0.00,0.04
458,1821.5812,917.9619,2449.6050,141.6230,0.01,0.02
2358,2221.3761,609.8071,2470.9892,608.0047,0.00,0.02
3762,2424.5593,0.2060,2424.9295,2424.2270,0.00,0.04
459,2119.9551,663.5576,2466.7468,364.1338,0.00,0.02
460,1605.7884,1021.1864,2468.4014,84.5314,0.03,0.02
2359,2198.7772,689.0251,2469.8193,131.7712,0.00,0.01
461,1491.2751,1055.2233,2463.4514,49.2929,0.37,0.02
3763,2421.9654,6.9569,2424.8876,2400.7837,0.00,0.04
2360,2352.5579,348.0502,2448.3822,1004.7299,0.00,0.03
3764,2424.5472,0.1299,2424.7558,2424.2752,0.00,0.04
462,1724.1429,1010.2195,2469.1936,112.0857,0.02,0.01
463,1787.2046,940.2582,2460.0011,45.8303,0.00,0.02

3765,2424.5060,0.1650,2424.7663,2424.1199,0.00,0.04
464,2292.8373,560.6580,2451.2908,121.5562,0.00,0.03
2362,2433.9632,5.6555,2450.1981,2426.3474,0.00,0.03
3766,2424.4000,0.1815,2424.6974,2423.9695,0.00,0.04
2363,2453.3768,18.1245,2471.0903,2392.2867,0.00,0.01
465,2424.8329,0.3762,2425.4780,2424.2183,0.00,0.04
3767,2424.5782,0.1283,2424.7866,2424.3945,0.00,0.04
2364,2440.6279,6.6157,2456.8419,2433.3008,0.00,0.03
466,2428.7721,2.6720,2436.9421,2425.0454,0.00,0.04
2365,2090.2632,747.2292,2462.5127,293.9803,0.00,0.02
3768,2422.6872,1.4214,2424.5184,2418.5427,0.00,0.04
467,1530.8026,1170.1000,2448.4579,-12.4606,0.01,0.03
3769,2424.4755,0.2591,2424.6907,2423.5734,0.00,0.04
2366,2436.7573,58.9668,2471.7053,2211.0551,0.00,0.02
468,2430.4805,2.8890,2435.9330,2426.1252,0.00,0.03
469,1570.0848,898.5295,2466.9337,130.7061,0.04,0.02
2367,2439.1292,7.4847,2450.5839,2426.1532,0.00,0.03
2368,351.9510,556.5513,2439.3815,60.2158,0.00,0.03
3770,2424.2861,0.9911,2424.6922,2420.4628,0.00,0.04
2369,2247.9337,570.8099,2471.9897,376.7040,0.00,0.02
470,2436.8114,5.4461,2448.7394,2428.4331,0.00,0.03
3771,2424.5188,0.0810,2424.6693,2424.4210,0.00,0.04
471,1761.5541,983.5460,2464.1782,106.7016,0.00,0.02
2370,2441.7250,5.6512,2454.6773,2432.9520,0.00,0.03
3772,2423.4808,0.9084,2424.4767,2421.7904,0.00,0.04
472,2051.4339,800.4323,2448.5323,121.7520,0.06,0.03
2371,2245.3737,548.1747,2464.4705,648.4092,0.00,0.02
3773,2426.4265,6.2117,2449.1453,2423.1970,0.00,0.04
2372,550.7928,723.4210,2439.9559,118.6691,0.00,0.03
2373,1974.3341,852.4917,2471.7479,112.2550,0.00,0.02
473,2434.5655,5.3222,2446.3222,2427.7693,0.00,0.03
3774,2104.7938,520.5765,2439.6128,976.4031,0.01,0.04
2374,1921.8776,859.9269,2471.1716,96.9939,0.00,0.02
474,2396.5524,184.4314,2466.3858,1683.1638,0.00,0.02
3775,2414.3651,14.9911,2468.1310,2405.2711,0.00,0.04
2375,2362.7815,363.1395,2472.0273,956.6690,0.00,0.01
475,2430.7825,4.4417,2436.5499,2416.9958,0.00,0.03
2376,1713.0491,981.2391,2471.7935,107.3082,0.00,0.02
3776,2424.4630,0.4571,2426.1714,2424.3000,0.00,0.04
476,2433.2206,5.5301,2447.6611,2425.9107,0.00,0.03
3777,1956.4841,689.8887,2429.2055,762.3794,0.00,0.04
2377,2002.2374,802.8533,2465.0913,107.3075,0.00,0.01
477,1867.4541,911.5629,2464.5297,111.7220,0.00,0.02
3778,2277.9075,558.0806,2467.5822,117.2055,0.00,0.03
2378,2120.0497,691.8273,2468.3591,519.5586,0.00,0.02
478,2293.7836,560.9583,2450.0003,121.2875,0.00,0.03
3779,2421.4268,9.7831,2446.7885,2407.9759,0.00,0.04
2379,2433.7897,3.9061,2441.5409,2428.1318,0.00,0.03
3780,2423.7410,0.5603,2424.3040,2422.4892,0.00,0.04
479,2429.6623,2.3208,2436.5756,2426.9099,0.00,0.04
2380,2079.6133,802.2204,2472.1193,102.0956,0.00,0.01
3781,2424.3007,0.0027,2424.3111,2424.3000,0.00,0.04
480,1949.6513,911.2840,2467.2010,106.6267,0.00,0.01
2381,1836.5819,868.3777,2469.7734,265.2073,0.00,0.02
3782,2424.2394,0.2309,2424.5001,2423.4014,0.00,0.04
481,2298.1583,559.7204,2465.6536,130.8384,0.00,0.02
2382,2448.2629,5.6467,2457.7017,2438.8256,0.00,0.02
3783,2424.3876,0.0857,2424.5006,2424.3000,0.00,0.04
2383,1986.1666,847.4541,2471.7968,107.1238,0.00,0.01
482,1915.8230,855.1262,2459.0613,116.6448,0.01,0.02
2384,1322.7774,1028.0027,2455.9961,123.6710,0.00,0.03
3784,2424.5252,0.0560,2424.6004,2424.4000,0.00,0.04
2385,2322.5296,466.8851,2458.6246,514.6449,0.00,0.02
483,2435.3970,3.6850,2441.6826,2429.4899,0.00,0.03
3785,2424.5886,0.0467,2424.6013,2424.4076,0.00,0.04
2386,2429.1376,2.7545,2436.8423,2426.2513,0.00,0.04
484,2163.2822,648.8258,2467.2853,101.5466,0.00,0.02
485,2447.8572,11.9659,2466.5376,2427.0083,0.00,0.02
2387,2037.6489,889.6982,2471.9165,107.3093,0.00,0.01
3786,2424.5509,0.0502,2424.6016,2424.5004,0.00,0.04
2388,2123.9786,700.6360,2471.8741,519.4657,0.00,0.01
486,2297.3286,553.1228,2465.4238,155.2941,0.00,0.02
3787,2424.5204,0.0387,2424.6018,2424.5008,0.00,0.04
2389,1078.2344,986.3126,2449.7098,162.4485,0.00,0.03
2390,1811.1553,872.5744,2454.4445,96.9491,0.00,0.02
3788,2424.5838,0.0395,2424.6064,2424.5011,0.00,0.04
487,2435.9110,9.1073,2455.5988,2414.4172,0.00,0.03
2391,2435.8933,5.8374,2449.4364,2428.6679,0.00,0.03
3789,2424.5483,0.0602,2424.6071,2424.4110,0.00,0.04
488,2164.2243,735.5907,2465.6384,193.9409,0.01,0.02
3790,2424.5781,0.0754,2424.7073,2424.5010,0.00,0.04
2392,2244.4629,569.6375,2471.0968,494.6553,0.00,0.01
489,2164.6125,719.4308,2449.2085,146.5843,0.04,0.02
2393,1905.9222,931.0906,2459.8653,186.5641,0.00,0.03
3791,2424.6419,0.0920,2424.7076,2424.5038,0.00,0.04
490,2174.5558,668.7376,2433.0946,273.2878,0.00,0.04
2394,1369.2686,855.2400,2467.4608,102.0953,0.00,0.02
491,2425.2001,19.6122,2439.0969,2352.1423,0.00,0.03
3792,2423.8205,0.8946,2424.7024,2422.1011,0.00,0.04
2395,2417.3934,67.2744,2445.0699,2157.4834,0.00,0.03
2396,2429.8910,3.0674,2437.6873,2426.0842,0.00,0.04
492,2430.1460,6.5324,2439.7938,2414.6862,0.00,0.03
3793,2424.7067,0.0159,2424.7683,2424.7011,0.00,0.04
2397,2000.8935,805.3293,2469.5215,97.0181,0.00,0.01
3794,2424.6869,0.0444,2424.7526,2424.6073,0.00,0.04
2398,1365.8494,1073.5479,2460.8933,79.8020,0.00,0.03
493,2430.6467,8.0544,2439.7005,2408.3336,0.01,0.03
494,2429.7704,2.3074,2435.0908,2427.2238,0.00,0.04
2399,1969.1722,854.7452,2471.8815,112.2465,0.00,0.01
3795,2424.7124,0.0051,2424.7226,2424.7053,0.00,0.04
495,1649.2638,1037.6126,2465.6350,126.4026,0.00,0.01
2400,2133.5341,686.9720,2460.3089,352.9989,0.00,0.03
3796,2424.7098,0.0412,2424.7815,2424.6494,0.00,0.04
2401,1937.6465,912.7169,2471.3026,102.0949,0.00,0.01
496,2134.7876,606.2369,2455.7794,394.5342,0.34,0.03
3797,2424.7171,0.0365,2424.7853,2424.6600,0.00,0.04
2402,2278.3073,510.4711,2469.6219,415.7574,0.00,0.02
497,2036.0644,727.3834,2463.5509,180.4301,0.00,0.02
2403,1037.8879,999.1544,2443.0720,137.9540,0.00,0.03
3798,2424.7245,0.0109,2424.7413,2424.6977,0.00,0.04
498,2413.6867,15.2026,2442.7923,2388.4663,0.00,0.04
2404,1982.6768,833.5293,2471.6281,316.6867,0.00,0.01
3799,2424.7109,0.0467,2424.7958,2424.6323,0.00,0.04
2405,1797.7334,945.1282,2446.7520,309.8364,0.00,0.03
499,2425.7566,7.9914,2430.8435,2395.2440,0.00,0.04
3800,2424.6939,0.0562,2424.8405,2424.6369,0.00,0.04
3801,2424.7060,0.1469,2424.8696,2424.3860,0.00,0.04
2406,2438.4455,9.8494,2470.4497,2429.5883,0.00,0.03
2407,1054.3772,668.4831,2463.9883,112.1543,0.00,0.03
3802,2424.7399,0.1443,2424.9198,2424.4402,0.00,0.04
2408,2276.1957,290.2455,2430.3346,1477.8751,0.00,0.04
3803,2424.7524,0.2302,2424.9210,2423.8855,0.00,0.04
2409,2425.4555,0.2960,2426.1508,2425.0541,0.00,0.04
3804,2424.7954,0.0735,2424.8807,2424.6138,0.00,0.04
2410,2264.6574,487.6345,2433.6079,491.6855,0.00,0.03
3805,2424.7921,0.1542,2424.9683,2424.3920,0.00,0.04
2411,2425.5843,0.3050,2426.2945,2425.2728,0.00,0.04
3806,2424.7737,0.1175,2424.8972,2424.4236,0.00,0.04
2412,2198.0381,464.2342,2436.3275,827.0845,0.00,0.03
3807,2424.7514,0.1080,2424.8305,2424.4263,0.00,0.04
2413,2426.0744,0.5804,2426.9857,2425.1715,0.00,0.04
3808,2424.8069,0.0361,2424.8410,2424.7098,0.00,0.04
2414,1752.9526,832.8355,2470.4856,331.9015,0.00,0.02
3809,2424.8618,0.0345,2424.8961,2424.7542,0.00,0.04
2415,2112.2716,672.9097,2442.9259,443.5269,0.00,0.03
3810,2424.8012,0.0734,2424.8742,2424.6676,0.00,0.04
2416,2426.8392,1.0093,2430.1638,2425.5007,0.00,0.04
2417,1890.0841,965.7854,2454.4654,79.7103,0.00,0.03
3811,2424.8238,0.0424,2424.8721,2424.7149,0.00,0.04
2418,2063.3392,822.9179,2469.9807,101.8501,0.00,0.01
3812,2424.9041,0.0726,2424.9924,2424.6584,0.00,0.04
2419,1381.8629,1022.4879,2449.5087,133.4983,0.00,0.03
2420,1630.4657,948.6488,2471.0441,122.1388,0.00,0.01
3813,2424.6643,0.7577,2425.0010,2421.7965,0.00,0.04
2421,1941.4856,825.7623,2471.0406,96.9802,0.00,0.02
3814,2424.8779,0.0426,2424.9927,2424.8270,0.00,0.04
2422,2402.9642,215.2867,2471.3899,1570.1037,0.00,0.01
3815,2424.8423,0.1535,2425.0080,2424.4975,0.00,0.04
2423,766.3328,967.8994,2448.5119,75.4123,0.00,0.03
2424,1886.5500,996.0856,2471.8519,96.8628,0.00,0.01
3816,2424.9206,0.0521,2424.9703,2424.7419,0.00,0.04
2425,1765.9051,1004.1429,2452.4596,91.8193,0.00,0.03
3817,2424.9549,0.0359,2425.0313,2424.8632,0.00,0.04
2426,1527.7703,941.3309,2471.8500,122.1535,0.00,0.02
2427,1831.5240,818.4132,2470.6212,101.8542,0.00,0.02
3818,2424.9457,0.0273,2425.0070,2424.8919,0.00,0.04
2428,1796.7417,965.7340,2471.4526,90.0772,0.00,0.01
3819,2424.9814,0.0137,2424.9995,2424.9524,0.00,0.04
2429,1955.9627,876.3394,2470.1019,315.0439,0.00,0.01
2430,347.0019,547.4578,2440.1611,106.8615,0.00,0.03
3820,2424.9834,0.0122,2424.9984,2424.9563,0.00,0.04
2431,1933.0596,904.4062,2466.4526,226.3924,0.00,0.02
3821,2424.9738,0.0126,2424.9992,2424.9541,0.00,0.04
2432,2390.8972,260.9079,2470.4257,1381.3163,0.00,0.01
3822,2424.9814,0.0271,2425.0449,2424.9343,0.00,0.04
2433,1803.3498,984.5619,2471.0408,96.9677,0.00,0.01
2434,1371.3754,1082.2356,2466.7978,79.7361,0.00,0.02
3823,2424.9714,0.0298,2425.0567,2424.9327,0.00,0.04
2435,2328.3221,464.5953,2471.4266,529.3687,0.00,0.02
3824,2425.0124,0.0469,2425.0691,2424.8915,0.00,0.04
2436,2066.0256,690.5964,2457.5923,106.3848,0.00,0.02
3825,2425.0267,0.0175,2425.0798,2425.0066,0.00,0.04
2437,2427.8292,0.9596,2430.5477,2426.3946,0.00,0.04
3826,2424.9444,0.0187,2424.9779,2424.9145,0.00,0.04
2438,2429.5624,15.5089,2447.2009,2385.8536,0.00,0.03
2439,1173.4745,1126.4225,2461.6258,94.6644,0.00,0.03
3827,2425.0413,0.0163,2425.0811,2425.0170,0.00,0.04
2440,1951.7729,780.7445,2470.4772,410.6725,0.00,0.02
3828,2424.9895,0.0558,2425.0997,2424.9177,0.00,0.04
2441,1901.3244,717.1328,2469.3571,430.4748,0.00,0.02
3829,2425.0278,0.0229,2425.0902,2425.0061,0.00,0.04
2442,2087.1805,666.4343,2443.6642,92.1843,0.00,0.03
3830,2424.9360,0.0196,2424.9874,2424.9117,0.00,0.04
2443,2428.2613,1.9848,2433.2936,2425.5096,0.00,0.04
3831,2423.6036,5.9002,2429.4671,2405.1129,0.00,0.04
2444,2023.8634,773.1029,2470.3794,96.9387,0.00,0.02
3832,2425.0094,0.0579,2425.0997,2424.9453,0.00,0.04
2445,1984.4071,762.9077,2469.3077,361.4488,0.00,0.02
2446,1822.1994,823.8196,2459.5571,276.8670,0.00,0.03
3833,2425.0408,0.0197,2425.0830,2425.0200,0.00,0.04
2447,2428.1441,3.6897,2437.5735,2423.6831,0.00,0.04
3834,2424.9438,0.0147,2424.9704,2424.9232,0.00,0.04
2448,1205.9643,1102.4170,2460.9029,56.1817,0.00,0.02
3835,2425.2558,0.4165,2426.5694,2425.0501,0.00,0.04
2449,2089.6673,753.6529,2471.4876,329.7817,0.00,0.02
3836,2419.5616,3.3080,2431.5241,2417.9168,0.00,0.04
2450,2053.2428,774.2449,2469.9208,112.2141,0.00,0.01
2451,1940.7395,898.7512,2470.3702,96.8000,0.00,0.01
3837,2424.3921,3.5081,2432.4271,2414.3959,0.01,0.04
2452,1473.0772,1031.6136,2463.1581,92.0087,0.00,0.02
3838,2425.0358,0.0217,2425.0799,2425.0061,0.00,0.04
2453,2431.5347,3.5201,2440.0755,2427.3660,0.00,0.03
3839,2425.1049,0.6760,2427.7215,2424.9131,0.00,0.04
2454,1547.0955,962.5463,2470.3099,92.0740,0.00,0.01
3840,2420.8205,3.2362,2428.4299,2418.1356,0.00,0.04
2455,2127.2795,682.6459,2469.6368,489.6729,0.00,0.02
3841,2425.0231,0.0561,2425.1022,2424.9196,0.00,0.04
2456,2239.1192,526.1684,2462.0513,787.7200,0.00,0.02
3842,2425.0576,0.0182,2425.0899,2425.0273,0.00,0.04
2457,2413.1788,14.3748,2443.5367,2383.9700,0.00,0.03
2458,2165.6769,712.7075,2454.4390,91.6567,0.00,0.02
3843,2425.0306,0.0272,2425.0706,2424.9362,0.00,0.04
2459,2428.2417,3.1302,2437.5854,2424.3269,0.00,0.03
3844,2425.0628,0.0143,2425.0927,2425.0409,0.00,0.04
2460,2266.2030,490.4789,2471.1188,773.8620,0.00,0.02
3845,2425.0383,0.0141,2425.0633,2425.0166,0.00,0.04
2461,2209.8798,637.8072,2454.8448,92.0937,0.00,0.02
3846,2425.0611,0.0199,2425.0911,2425.0210,0.00,0.04
2462,2413.6417,25.9999,2433.4377,2321.2646,0.00,0.04
3847,2425.0309,0.0179,2425.0877,2425.0092,0.00,0.04
2463,2428.8037,2.2872,2433.6547,2425.1619,0.00,0.04
3848,2425.0751,0.0147,2425.0972,2425.0543,0.00,0.04
2464,2296.7482,565.4007,2453.6169,107.1131,0.00,0.02
3849,2425.0604,0.0482,2425.1525,2424.9329,0.00,0.04
2465,2427.5912,2.1768,2432.1602,2424.5150,0.00,0.04
3850,2425.0361,0.0231,2425.0999,2425.0070,0.00,0.04
2466,2134.7128,669.7364,2470.7960,514.5711,0.00,0.02
3851,2425.0653,0.0230,2425.0976,2425.0323,0.00,0.04
2467,2432.9124,6.5269,2445.4529,2425.9107,0.00,0.03
3852,2425.0160,0.0165,2425.0732,2425.0044,0.00,0.04
2468,2416.2854,16.7457,2449.2844,2391.1004,0.00,0.03
3853,2425.0276,0.0197,2425.0704,2425.0047,0.00,0.04
2469,1761.5450,1026.6659,2462.6034,87.1686,0.00,0.02
2470,1715.1970,1083.7711,2469.6968,65.2751,0.00,0.02
3854,2425.0662,0.0189,2425.0930,2425.0258,0.00,0.04
2471,1489.6494,1099.6235,2465.6337,87.2572,0.00,0.01
3855,2425.0181,0.0232,2425.0424,2424.9361,0.00,0.04
2472,1712.4359,979.8165,2467.4140,107.2117,0.00,0.01
3856,2425.0271,0.0608,2425.0984,2424.8722,0.00,0.04
2473,2290.0708,567.5840,2451.9933,91.9222,0.00,0.03
3857,2425.0666,0.0299,2425.0993,2424.9815,0.00,0.04
2474,2427.0641,1.5061,2431.2033,2425.7854,0.00,0.04
3858,2425.0076,0.0503,2425.0838,2424.9266,0.00,0.04
2475,1916.8810,924.9157,2457.4225,91.9745,0.00,0.02
3859,2425.0560,0.0448,2425.1016,2424.9275,0.00,0.04
2476,2430.3856,3.6286,2442.6317,2426.9322,0.00,0.03
2477,1126.3358,939.6783,2471.6641,87.2421,0.00,0.01
3860,2425.0201,0.0241,2425.0493,2424.9392,0.00,0.04
2478,1910.9069,941.1696,2465.4129,102.0846,0.00,0.02
3861,2425.0176,0.0292,2425.0504,2424.9152,0.00,0.04
2479,1814.8002,962.7897,2471.4094,92.0056,0.00,0.01
3862,2425.0671,0.0406,2425.1397,2424.9899,0.00,0.04
2480,2435.6829,5.9262,2452.9218,2427.0443,0.00,0.03
3863,2425.0252,0.0781,2425.0934,2424.8424,0.00,0.04
2481,2446.8734,10.6469,2467.9704,2425.9658,0.00,0.02
2482,2438.6763,8.2002,2456.6164,2429.4419,0.00,0.03
3864,2425.0462,0.0364,2425.0954,2424.9594,0.00,0.04
3865,2425.0545,0.0376,2425.1310,2424.9643,0.00,0.04
2483,2440.3368,7.7091,2453.4906,2429.6718,0.01,0.02
3866,2425.0298,0.0579,2425.1056,2424.8623,0.00,0.04
2484,2231.4355,583.1067,2460.3623,479.9790,0.00,0.02
3867,2425.0095,0.0546,2425.1027,2424.9276,0.00,0.04
2485,2437.0216,3.7550,2446.7955,2432.1062,0.00,0.03
2486,2043.9739,860.7528,2471.7032,122.1592,0.00,0.01
3868,2425.0365,0.1364,2425.2949,2424.6783,0.00,0.04
2487,2185.4692,704.2328,2472.0859,309.9596,0.00,0.02
3869,2425.0440,0.0417,2425.0981,2424.9739,0.00,0.04
2488,2436.0250,4.9697,2447.0511,2428.7104,0.00,0.03
3870,2425.1040,0.2771,2425.9483,2424.4170,0.00,0.04
2489,2236.8000,456.2499,2471.7619,1208.7947,0.00,0.01
3871,2028.6914,811.8154,2426.1171,165.7777,0.00,0.04
2490,2353.9392,362.3071,2461.7683,951.0021,0.00,0.02
3872,2339.5417,321.9909,2427.7813,1092.6802,0.00,0.04
2491,2428.8966,4.0922,2435.7562,2418.6897,0.00,0.03
3873,2425.3655,1.1831,2429.9420,2424.9230,0.00,0.04
2492,2306.5590,571.8266,2471.2501,92.0727,0.00,0.02
3874,2424.0040,4.2805,2430.6766,2418.1680,0.00,0.04
2493,2141.6178,783.7902,2448.7718,53.6740,0.19,0.03
3875,2425.0020,0.1043,2425.1744,2424.6460,0.00,0.04
2494,2435.7791,4.2200,2443.9093,2429.3232,0.00,0.03
3876,2425.0085,0.0357,2425.0371,2424.9152,0.00,0.04
2495,1859.9114,928.0787,2471.8343,87.2744,0.00,0.01
3877,2425.0124,0.0448,2425.0641,2424.9259,0.00,0.04
2496,2154.8012,778.7399,2466.5638,92.0437,0.00,0.02
3878,2425.0804,0.0776,2425.3473,2424.9703,0.00,0.04
2497,2429.8913,4.8313,2441.2510,2425.1037,0.00,0.03
3879,2425.1701,1.4608,2428.6905,2420.9141,0.00,0.04
2498,1523.4079,1062.9033,2470.8993,87.2713,0.00,0.01
3880,2424.7752,1.5909,2426.9718,2418.8868,0.00,0.04
2499,2436.2454,6.7866,2457.3929,2429.2278,0.00,0.03
3881,2425.1556,0.5103,2427.1313,2425.0029,0.00,0.04
2500,2387.5598,255.1282,2471.2328,1399.8964,0.00,0.02
3882,1899.6362,823.7061,2429.0802,84.0391,0.00,0.04
2501,2319.1238,363.0133,2471.1649,1353.8901,0.00,0.01
3883,2145.1671,743.1201,2432.4961,84.0558,0.00,0.04
2502,1533.5159,1018.5287,2462.5608,87.1909,0.00,0.01
3884,2425.0117,0.0278,2425.0411,2424.9140,0.00,0.04
2503,2431.2418,5.0628,2443.1911,2426.3916,0.00,0.03
2504,1301.4524,1038.4037,2457.1641,92.0107,0.00,0.01
3885,2425.0761,0.0223,2425.1159,2425.0241,0.00,0.04
2505,2324.9550,473.9465,2467.9827,489.7349,0.00,0.02
3886,2128.3179,637.8187,2429.3502,467.8644,0.00,0.04
2506,2437.0828,5.8641,2447.7530,2428.9393,0.00,0.03
3887,2423.8506,4.5520,2425.2847,2406.2228,0.00,0.04
2507,2184.2206,709.2537,2467.1725,107.1783,0.00,0.02
3888,2425.3644,1.3707,2430.6723,2425.0008,0.00,0.04
3889,857.6266,966.0004,2430.4108,80.1029,0.00,0.04
2508,2430.1380,4.8793,2440.4177,2423.2025,0.03,0.03
3890,2425.3261,1.2046,2429.9907,2425.0010,0.00,0.04
2509,2198.2379,673.3603,2471.2190,310.1998,0.00,0.02
3891,821.5844,1002.7989,2425.5046,89.0620,0.00,0.04
2510,2441.0983,6.0247,2452.2391,2430.7571,0.00,0.03
3892,2424.9845,0.0770,2425.0630,2424.7122,0.00,0.04
2511,2300.4004,566.4168,2470.1400,107.0181,0.01,0.02
3893,2425.0103,0.0132,2425.0486,2425.0005,0.00,0.04
2512,1838.5038,1028.1665,2442.7519,39.5204,0.08,0.03
3894,2424.9921,0.0733,2425.0292,2424.7093,0.00,0.04
2513,2292.1681,566.8458,2456.8475,96.9306,0.00,0.03
3895,2425.0029,0.0011,2425.0050,2425.0011,0.00,0.04
2514,2424.4453,1.3127,2426.9049,2421.0190,0.00,0.04
3896,2425.0386,0.0230,2425.0987,2425.0140,0.00,0.04
2515,2427.5874,4.2781,2440.6905,2421.9550,0.03,0.04
3897,2425.0547,0.0279,2425.1193,2425.0249,0.00,0.04
2516,1818.7469,966.6202,2471.3033,92.0466,0.00,0.01
3898,2425.0811,0.0192,2425.0991,2425.0394,0.00,0.04
2517,2437.0541,4.9973,2444.3792,2429.6542,0.00,0.03
2518,1528.4864,1055.2176,2470.5888,92.0228,0.00,0.01
3899,2425.0308,0.0153,2425.0694,2425.0135,0.00,0.04
2519,1715.7106,1012.4080,2467.4740,87.2067,0.00,0.01
3900,2425.0659,0.0168,2425.0943,2425.0332,0.00,0.04
2520,2318.7438,498.9361,2471.7667,386.7347,0.00,0.02
3901,2425.0404,0.0191,2425.0901,2425.0169,0.00,0.04
2521,2447.8822,7.3433,2465.5031,2436.0237,0.00,0.02
3902,2425.0265,0.0103,2425.0460,2425.0119,0.00,0.04
2522,2033.9866,868.7009,2471.7377,87.1430,0.00,0.02
3903,2425.0688,0.0261,2425.1043,2425.0200,0.00,0.04
2523,2431.9433,3.0981,2437.2194,2427.3189,0.00,0.03
3904,2425.0132,0.0062,2425.0223,2425.0034,0.00,0.04
2524,1595.2740,1072.9275,2471.7807,87.1353,0.00,0.01
2525,2181.7859,724.3967,2471.8753,107.3059,0.00,0.02
3905,2425.0768,0.0305,2425.1405,2424.9956,0.00,0.04
2526,2253.5239,528.7874,2471.7918,559.5356,0.00,0.02
3906,2425.0802,0.0192,2425.1223,2425.0451,0.00,0.04
2527,2425.3989,3.5752,2437.0745,2421.2573,0.00,0.04
3907,2425.0371,0.0146,2425.0716,2425.0127,0.00,0.04
2528,2381.3143,258.3152,2471.3429,1381.6941,0.00,0.02
3908,2425.0768,0.0300,2425.1695,2425.0300,0.00,0.04
2529,2291.3550,566.3809,2448.5335,97.8431,0.00,0.03
3909,2425.0399,0.0325,2425.1398,2425.0026,0.00,0.04
2530,2434.0968,4.2054,2440.6919,2427.9021,0.01,0.03
3910,2425.0364,0.0619,2425.1175,2424.8109,0.00,0.04
2531,1709.7736,938.0392,2470.6148,87.2020,0.00,0.01
3911,2425.0463,0.0229,2425.1078,2425.0176,0.00,0.04
2532,2007.1042,862.9830,2447.1254,94.2994,0.00,0.03
3912,2425.0567,0.0234,2425.1164,2425.0285,0.00,0.04
2533,2369.7260,206.1188,2459.8926,1574.3340,0.00,0.03
3913,2425.0588,0.0493,2425.1770,2424.9777,0.00,0.04
2534,2424.0077,13.0472,2452.1617,2401.7789,0.00,0.03
3914,2425.0386,0.0341,2425.1212,2425.0051,0.00,0.04
2535,1969.8677,827.3471,2464.4461,314.8465,0.00,0.02
3915,2424.8787,0.6343,2425.1026,2422.4241,0.00,0.04
2536,2399.5606,100.2425,2445.4336,2013.0375,0.00,0.03
3916,2173.5505,669.3341,2437.9259,366.1047,0.00,0.04
2537,2426.7006,1.6390,2430.1800,2424.0123,0.00,0.04
3917,2425.0443,0.0183,2425.0757,2425.0141,0.00,0.04
2538,1981.2180,797.8261,2437.2234,347.4923,0.00,0.03
3918,2425.0326,0.0146,2425.0626,2425.0119,0.00,0.04
2539,2432.2427,8.8112,2447.4017,2406.5575,0.00,0.03
2540,1733.1390,972.3595,2471.4464,92.0201,0.00,0.01
3919,2425.0553,0.0194,2425.0959,2425.0229,0.00,0.04
2541,2308.8935,448.0275,2443.2911,574.5816,0.00,0.03
3920,2425.0394,0.0240,2425.0846,2425.0069,0.00,0.04
3921,2425.0141,0.0055,2425.0249,2425.0035,0.00,0.04
2542,2427.7683,14.8793,2449.1966,2403.4502,0.01,0.03
2543,2328.6881,445.5820,2460.6526,603.9191,0.00,0.02
3922,2425.0760,0.0179,2425.1196,2425.0424,0.00,0.04
2544,2435.3051,5.2764,2445.5986,2426.6745,0.00,0.03
3923,2425.0625,0.0205,2425.0972,2425.0347,0.00,0.04
2545,2223.6397,633.4661,2466.7281,91.9827,0.00,0.02
3924,2425.0313,0.0146,2425.0594,2425.0095,0.00,0.04
2546,2433.9001,6.7525,2443.5891,2412.2792,0.00,0.03
3925,2425.0605,0.0228,2425.0948,2425.0179,0.00,0.04
2547,2225.4930,598.7490,2468.5969,349.7120,0.00,0.02
3926,2425.0211,0.0095,2425.0403,2425.0082,0.00,0.04
2548,2429.4128,1.8862,2433.8813,2427.2085,0.00,0.03
3927,2425.0808,0.0158,2425.1000,2425.0496,0.00,0.04
2549,2102.8635,733.4169,2463.7336,315.0781,0.00,0.02
3928,2425.0319,0.0186,2425.0872,2425.0117,0.00,0.04
2550,2430.4066,2.7300,2436.6289,2425.1341,0.00,0.03
3929,2425.0472,0.0203,2425.0871,2425.0132,0.00,0.04
2551,1602.1255,1005.4703,2471.7871,91.9793,0.00,0.01
3930,2425.0430,0.0151,2425.0700,2425.0137,0.00,0.04
2552,2320.7552,466.3731,2450.1897,514.6089,0.00,0.03
2553,2431.7015,2.2403,2437.9604,2428.2522,0.00,0.03
3931,2425.0713,0.0174,2425.0968,2425.0443,0.00,0.04
2554,1797.9440,973.0273,2457.5695,87.2247,0.00,0.02
3932,2425.0422,0.0166,2425.0768,2425.0176,0.00,0.04
2555,2432.7908,4.6077,2447.6551,2428.2908,0.00,0.03
3933,2425.0556,0.0193,2425.0906,2425.0165,0.00,0.04
2556,2043.2392,870.2481,2471.8929,87.1453,0.00,0.01
3934,2425.0285,0.0129,2425.0596,2425.0101,0.00,0.04
2557,2277.5822,533.7016,2471.4864,314.8532,0.00,0.02
3935,2425.0650,0.0184,2425.0953,2425.0394,0.00,0.04
2558,2344.5849,364.9905,2455.0927,931.1362,0.00,0.03
3936,2425.0410,0.0286,2425.1285,2425.0158,0.00,0.04
2559,2280.4042,559.1007,2427.6796,115.0324,0.00,0.04
3937,2425.0727,0.0261,2425.1357,2425.0265,0.00,0.04
2560,2424.9080,0.7455,2426.3039,2423.9340,0.00,0.04
3938,2425.0581,0.0231,2425.0966,2425.0246,0.00,0.04
2561,2439.7671,4.8537,2449.8095,2431.5674,0.00,0.03
3939,2425.0188,0.0105,2425.0540,2425.0099,0.00,0.04
2562,2069.2250,808.9496,2471.5566,91.9265,0.00,0.01
3940,2425.1455,0.2331,2426.0326,2425.0303,0.00,0.04
2563,2030.8678,865.1423,2452.0598,92.0288,0.00,0.02
3941,2289.4192,523.8631,2425.0987,260.5098,0.00,0.04
2564,2429.1208,2.8634,2439.2904,2426.8189,0.00,0.04
3942,2424.5257,1.0805,2425.0653,2421.4822,0.00,0.04
2565,2184.0109,708.9476,2471.2585,112.2447,0.00,0.02
3943,2424.9008,0.4605,2425.0511,2423.1178,0.00,0.04
2566,2436.0724,4.1225,2444.2674,2428.6816,0.00,0.03
3944,2425.0030,0.0442,2425.0877,2424.8500,0.00,0.04
2567,2315.0103,572.2177,2471.5936,98.9733,0.00,0.01
2568,1453.7749,1040.5784,2471.6792,87.1637,0.00,0.01
2569,760.6167,1002.0633,2463.6083,70.2815,0.31,0.02
3945,2425.0176,0.0354,2425.1465,2424.9827,0.00,0.04
2570,1712.8756,1081.4569,2452.6514,87.1857,0.00,0.02
3946,2424.9929,0.2928,2425.7274,2424.4442,0.00,0.04
2571,2426.3348,0.5863,2427.4876,2425.4090,0.00,0.04
3947,2425.0108,0.2846,2425.8296,2424.4598,0.00,0.04
2572,2313.6511,477.3076,2444.9579,465.1510,0.00,0.03
3948,2425.1273,0.2498,2426.0333,2424.9764,0.00,0.04
2573,2428.5136,1.5619,2431.5860,2425.8033,0.00,0.04
3949,2425.4058,0.8418,2427.0379,2423.3644,0.00,0.04
2574,2178.1487,717.7934,2465.5715,87.2190,0.00,0.02
3950,2382.0791,164.8426,2429.8973,1743.6916,0.00,0.03
2575,2439.9392,5.5087,2451.1556,2429.4342,0.00,0.03
3951,2425.0336,0.8104,2426.0117,2423.0643,0.00,0.04
2576,2448.4137,7.9012,2463.7349,2430.5431,0.00,0.02
3952,2425.3344,0.3662,2426.2553,2425.0041,0.00,0.04
2577,2143.2384,647.7831,2471.0832,433.4225,0.00,0.02
3953,1818.8661,874.6586,2438.9110,302.4167,0.00,0.03
2578,2433.0177,3.4717,2438.9096,2426.4890,0.00,0.03
3954,2424.5807,0.6136,2425.5967,2423.0904,0.00,0.04
2579,1905.7160,924.1366,2470.9280,91.8796,0.00,0.01
3955,2425.1952,0.3593,2426.1479,2425.0006,0.00,0.04
2580,1987.6603,786.7719,2446.1239,63.4721,0.00,0.03
3956,2425.7448,0.5138,2426.8062,2424.8262,0.00,0.04
2581,2439.1575,6.5506,2452.7918,2429.2881,0.00,0.03
2582,1533.8946,940.9997,2459.3644,460.3072,0.00,0.01
3957,2425.3623,0.7273,2427.2618,2424.0796,0.00,0.04
2583,2443.4892,6.9270,2456.0850,2432.6715,0.00,0.02
3958,2426.5135,0.8396,2428.3160,2425.3046,0.00,0.04
2584,1969.9318,836.2139,2452.9882,101.8587,0.00,0.02
3959,2426.0182,0.8354,2429.0318,2425.2811,0.00,0.04
2585,2414.9575,50.3340,2439.1065,2220.9780,0.00,0.03
3960,2428.1235,1.9294,2430.6827,2423.9959,0.00,0.03
2586,2422.9570,2.4875,2425.2714,2416.6272,0.00,0.04
3961,2425.8964,1.0509,2429.8223,2425.1710,0.00,0.04
2587,2430.2122,4.0115,2439.5894,2425.0408,0.00,0.03
3962,2303.0417,474.4917,2429.4111,465.3666,0.00,0.04
2588,2133.1715,742.5933,2457.2575,86.9635,0.01,0.02
3963,2424.8437,3.1680,2430.7746,2415.8874,0.00,0.04
2589,2259.9645,574.9039,2451.6317,87.1569,0.00,0.02
3964,2426.2093,0.8975,2428.6318,2425.0009,0.00,0.04
2590,2429.0273,4.5855,2445.3518,2424.6450,0.00,0.04
3965,2427.3393,1.7273,2430.5685,2425.4148,0.00,0.04
2591,1538.6231,704.9954,2462.8432,484.7477,0.00,0.01
2592,1303.9361,1040.3467,2446.9387,86.9154,0.00,0.02
3966,2323.0935,390.0252,2426.1799,812.5461,0.00,0.04
2593,2288.4266,565.7875,2446.9681,97.2313,0.00,0.03
3967,2424.8640,0.5721,2425.8588,2423.6656,0.00,0.04
2594,2421.7203,6.3865,2428.1612,2401.9928,0.00,0.04
3968,2425.9074,1.9724,2429.5463,2423.4092,0.00,0.04
2595,2427.5148,1.3601,2430.8326,2425.7461,0.00,0.04
3969,2425.1772,0.2698,2425.8440,2424.9153,0.00,0.04
2596,2166.6086,520.0885,2450.5407,830.0876,0.00,0.03
3970,2426.9292,2.1024,2429.9276,2423.0247,0.00,0.04
2597,2426.9412,1.6650,2431.7277,2425.2976,0.00,0.04
3971,2425.6335,1.0409,2428.8101,2423.4561,0.00,0.04
2598,549.7496,780.9638,2444.5768,-11.6719,1.22,0.02
2599,1617.7195,1067.7966,2452.0930,25.6601,0.00,0.02
3972,2427.6376,2.2019,2430.2073,2422.3236,0.00,0.04
2600,2426.4996,0.7332,2427.8781,2425.3375,0.00,0.04
3973,2425.2425,0.1220,2425.4858,2425.0439,0.00,0.04
2601,2295.1862,555.0139,2449.5800,145.7158,0.00,0.03
3974,2428.7595,1.6303,2431.4285,2425.6508,0.00,0.03
2602,2429.1673,2.3870,2436.0812,2426.0888,0.00,0.04
3975,2428.1950,1.8840,2431.2984,2425.6026,0.00,0.04
2603,1411.3849,992.4955,2451.4196,86.9769,0.02,0.02
3976,2423.0685,1.7737,2427.4055,2421.0568,0.00,0.04
2604,2439.9592,5.9642,2451.8377,2430.2067,0.00,0.03
3977,2428.6399,1.5172,2430.9768,2425.9515,0.00,0.03
2605,1855.9802,805.2025,2453.1204,172.6860,0.00,0.02
2606,2438.5501,5.3173,2446.7844,2430.1862,0.00,0.03
3978,2426.3068,1.4237,2429.8016,2425.1156,0.00,0.04
2607,2063.9388,784.8462,2454.4129,87.2535,0.00,0.02
3979,2423.2489,1.0903,2425.6569,2421.9938,0.00,0.04
2608,2433.8853,10.2768,2445.5839,2398.4968,0.01,0.03
3980,2426.7611,1.2663,2429.9369,2425.4984,0.00,0.04
2609,2433.9042,3.7947,2441.7814,2428.2358,0.00,0.03
3981,2428.4612,2.0378,2431.4265,2423.4462,0.00,0.03
2610,1485.2938,1010.5702,2454.8017,87.1980,0.07,0.02
3982,2425.6432,0.3595,2426.4697,2425.0999,0.00,0.04
2611,2412.2267,101.2281,2449.2793,2020.6468,0.00,0.03
3983,2360.2556,200.9105,2431.3404,1621.6124,0.00,0.04
2612,2427.5082,1.0593,2430.0811,2426.1428,0.00,0.04
3984,2428.6915,2.2712,2432.5779,2424.6508,0.00,0.03
2613,2439.3081,6.5868,2454.3720,2430.5716,0.00,0.03
2614,1724.6425,807.4415,2454.8443,472.0312,0.00,0.02
3985,2427.6407,3.2120,2432.3697,2423.1746,0.00,0.03
2615,2436.6541,5.8598,2445.6098,2426.0006,0.00,0.03
3986,2425.4646,0.4351,2427.0577,2425.1272,0.00,0.04
2616,2292.0184,569.4169,2454.1463,87.2753,0.00,0.02
3987,2430.1696,1.6507,2432.9652,2427.3320,0.00,0.03
2617,2285.3706,567.7120,2441.6296,87.1445,0.00,0.03
3988,2119.1476,525.5176,2430.5421,844.3810,0.00,0.04
2618,2425.5062,1.1389,2427.6149,2422.5267,0.00,0.04
3989,2428.4609,1.3601,2430.4983,2425.5930,0.00,0.03
2619,2433.5011,5.4991,2447.3335,2426.9803,0.00,0.03
3990,2428.9643,1.5631,2431.2020,2425.6992,0.00,0.03
2620,1844.6442,904.1656,2463.8673,87.2213,0.01,0.02
3991,2309.9917,306.5697,2429.9490,1389.3681,0.00,0.04
2621,2433.0676,4.6456,2444.3231,2425.7392,0.00,0.03
3992,2423.7896,0.9827,2425.9095,2422.1610,0.00,0.04
2622,1770.8434,934.2644,2456.2063,92.1621,0.00,0.02
3993,2427.2825,1.9662,2429.9964,2422.6281,0.00,0.04
2623,2431.3584,2.6498,2434.8765,2425.8183,0.00,0.03
2624,1348.0158,984.3709,2457.3376,87.1395,0.06,0.01
3994,2423.7945,1.7135,2427.8817,2421.2986,0.00,0.04
2625,1820.1410,871.7360,2471.3429,87.2231,0.00,0.01
3995,2427.8074,1.7801,2431.7023,2425.8379,0.00,0.04
2626,1699.9358,868.2107,2471.2001,422.1058,0.00,0.01
3996,2425.2514,1.9594,2428.5731,2422.0634,0.00,0.04
2627,1423.2322,899.8541,2454.4312,497.1508,0.00,0.02
2628,2308.9820,483.7294,2444.2710,435.6344,0.00,0.03
3997,2429.3232,2.0418,2432.2135,2426.1962,0.00,0.03
2629,2424.5492,2.4121,2430.3080,2420.7694,0.00,0.04
3998,2426.9634,2.6620,2432.0356,2422.0446,0.00,0.03
2630,1529.3025,943.9031,2471.4020,87.0635,0.00,0.01
3999,2425.4533,0.5379,2426.1464,2423.7089,0.00,0.04
2631,2430.8129,2.7063,2435.2058,2426.8582,0.00,0.03
4000,2429.0096,2.5252,2432.5675,2424.1667,0.00,0.03
2632,2001.2918,718.4610,2460.9643,651.4540,0.00,0.02
4001,2426.0686,2.4705,2430.9586,2422.1690,0.00,0.04
2633,2439.2286,6.7397,2450.8848,2428.9211,0.00,0.03
4002,2426.8457,1.8193,2431.6791,2425.3396,0.00,0.04
2634,1399.3681,1064.0827,2457.2561,87.1294,0.00,0.02
2635,2428.3559,2.4747,2434.3716,2425.8423,0.00,0.04
4003,2168.8195,686.6901,2431.6986,273.5480,0.00,0.03
2636,1394.4094,868.2644,2471.1991,102.2617,0.00,0.01
2637,1372.6040,983.4489,2457.8288,92.1638,0.00,0.01
4004,2429.7420,1.8469,2432.5790,2426.0530,0.00,0.03
2638,2433.1810,3.7370,2440.9350,2428.4186,0.00,0.03
4005,1655.8600,923.5875,2429.0781,74.6966,0.00,0.04
2639,1439.5057,828.6029,2471.6425,480.0409,0.00,0.01
4006,2287.3240,528.7926,2425.6428,239.3220,0.00,0.04
2640,1897.8502,823.4173,2449.3840,310.0600,0.00,0.02
4007,2325.0212,395.5976,2431.2538,792.9021,0.00,0.03
2641,2425.8118,1.7911,2431.4099,2423.6218,0.00,0.04
2642,1773.0644,828.8952,2472.2497,510.1890,0.00,0.02
4008,2426.0120,1.4196,2428.1757,2423.0469,0.00,0.04
2643,2428.0797,2.1721,2432.7822,2425.7467,0.00,0.04
4009,2428.7760,1.9282,2432.1210,2425.8614,0.00,0.03
2644,1629.0563,936.7571,2450.1747,309.9849,0.00,0.02
4010,2279.7147,565.6573,2432.2163,88.9540,0.00,0.04
2645,2427.9036,2.2020,2431.3071,2424.9872,0.00,0.04
4011,2426.7558,1.7223,2430.2050,2423.7269,0.00,0.04
2646,1906.3677,841.5496,2471.7234,87.1261,0.00,0.01
4012,2427.0262,1.3563,2429.6471,2425.3734,0.00,0.04
2647,1650.2482,934.1800,2472.2265,112.2624,0.00,0.01
2648,2264.3853,509.1714,2471.6448,664.1219,0.00,0.02
4013,2429.2322,2.0573,2434.1585,2425.1490,0.00,0.03
2649,2254.8181,534.0864,2453.4746,401.8995,0.00,0.02
4014,2426.5994,1.6978,2430.7782,2423.5995,0.00,0.04
2650,2435.0221,6.0307,2450.4215,2428.2949,0.00,0.03
4015,2059.4007,722.3456,2431.2089,259.2160,0.00,0.03
2651,1934.9557,899.3991,2471.1673,91.9633,0.00,0.02
4016,2429.0244,3.7222,2434.8394,2419.7163,0.00,0.03
2652,2325.4764,477.8818,2471.3233,475.0171,0.00,0.02
4017,2426.3976,1.6696,2429.6218,2421.9607,0.00,0.04
2653,2293.1508,568.3517,2450.5220,92.0748,0.00,0.03
4018,1918.6316,918.7960,2456.8654,87.2046,0.00,0.02
2654,2427.2081,1.1246,2429.7985,2425.6918,0.00,0.04
4019,2424.8100,7.8743,2438.8921,2404.9666,0.00,0.04
2655,2202.9386,649.4935,2471.5718,455.2701,0.00,0.02
4020,2300.5705,358.0764,2449.9145,1158.2094,0.00,0.03
2656,2314.8038,475.1029,2456.0165,474.9595,0.00,0.03
4021,2428.3045,2.3879,2432.6223,2425.6740,0.00,0.04
4022,1397.3335,1043.4600,2468.3423,82.1216,0.00,0.03
2657,2428.4548,2.1268,2433.5320,2425.9587,0.00,0.04
2658,1519.5277,1069.5047,2471.0587,92.0125,0.00,0.01
4023,2429.5872,2.8753,2433.8066,2424.2590,0.00,0.03
2659,1494.3678,1001.6543,2471.6844,87.2363,0.00,0.01
4024,2423.8380,8.9451,2435.3893,2402.0126,0.00,0.04
2660,2178.6680,705.2279,2455.1230,92.1318,0.00,0.02
4025,2429.8805,2.6917,2436.0922,2426.3384,0.00,0.03
2661,2428.9475,2.2254,2434.6203,2426.7316,0.00,0.04
4026,2128.5011,631.8245,2437.1327,315.3976,0.00,0.04
2662,1404.2545,1062.2154,2471.8109,92.0218,0.06,0.01
4027,2299.5973,438.9145,2438.2845,609.4404,0.00,0.03
2663,2250.0320,543.8452,2471.7439,480.0447,0.00,0.02
4028,2430.0683,5.9454,2436.2259,2412.1962,0.00,0.03
2664,2436.0539,5.2517,2446.0003,2430.0800,0.00,0.03
2665,1943.9704,730.2415,2470.9816,87.2548,0.00,0.01
4029,2428.5478,2.1407,2432.3297,2425.5980,0.00,0.03
2666,2434.9037,28.2272,2463.9569,2331.3557,0.00,0.02
4030,2234.4372,489.1023,2433.7887,585.0042,0.00,0.04
2667,2332.7291,429.3108,2455.4287,670.1248,0.00,0.02
4031,2428.2830,7.4965,2434.5001,2401.9877,0.00,0.03
2668,2432.4718,3.8179,2441.3241,2427.4239,0.00,0.03
4032,2426.2877,0.8297,2428.3734,2425.3371,0.00,0.04
2669,1888.5347,876.1004,2470.7432,97.1344,0.00,0.01
4033,2429.0343,4.3929,2434.2783,2416.7374,0.00,0.03
2670,1951.4155,743.8615,2453.4395,92.0367,0.00,0.02
4034,2427.6175,1.9316,2431.9064,2425.5528,0.00,0.04
2671,2267.0458,251.7013,2433.5911,1586.6258,0.00,0.04
4035,1974.7139,812.4562,2433.0486,263.5974,0.00,0.04
2672,2409.0865,42.7528,2427.9544,2255.2092,0.00,0.04
4036,2429.1055,6.3440,2432.7028,2405.4336,0.00,0.03
2673,2435.2183,2.7536,2440.8608,2429.6337,0.03,0.03
4037,2426.0107,1.1063,2428.8505,2423.3414,0.00,0.04
2674,2107.4513,724.2557,2465.3031,344.9816,0.00,0.02
4038,2428.5908,2.2872,2432.7598,2424.8235,0.01,0.03
2675,2436.5768,7.8009,2448.8481,2426.7099,0.01,0.03
4039,1832.4652,780.1573,2429.8473,420.9057,0.00,0.04
2676,2062.1462,802.3509,2456.9978,314.8529,0.00,0.02
4040,2431.0101,1.7905,2433.2708,2427.1980,0.00,0.03
2677,2429.8287,2.1165,2433.8566,2426.1081,0.00,0.04
4041,1655.7147,906.4503,2430.7837,63.2045,0.02,0.04
2678,1975.7380,851.1063,2472.5536,91.9883,0.00,0.01
4042,2429.8419,2.1196,2432.7008,2425.4834,0.00,0.03
2679,1308.3430,1158.3474,2471.9751,87.1458,0.00,0.01
4043,1786.3937,834.2568,2421.1417,504.9513,0.01,0.04
2680,2229.6049,620.9885,2472.2324,117.2110,0.00,0.02
4044,1833.3162,906.9786,2420.5900,108.3667,0.00,0.04
2681,2441.8139,5.5404,2456.1696,2435.9334,0.00,0.03
4045,2324.6051,325.5763,2429.5524,1064.0498,0.00,0.04
2682,1937.9261,899.7113,2471.5812,309.9960,0.00,0.01
4046,2357.1059,183.8705,2431.0855,1646.8969,0.00,0.04
2683,2444.0213,8.5148,2461.5078,2431.3441,0.00,0.02
4047,2412.6329,3.7186,2420.0800,2406.6634,0.00,0.04
2684,2442.6082,6.1868,2453.1240,2432.6443,0.00,0.03
4048,2412.8230,7.3058,2421.8993,2401.5791,0.00,0.04
2685,1994.2139,822.1350,2471.3318,107.2156,0.00,0.01
4049,2187.3361,583.7529,2420.8494,595.6038,0.00,0.04
2686,2435.6683,4.3393,2441.9394,2428.9110,0.00,0.03
4050,2407.1670,12.4550,2420.7250,2375.5172,0.00,0.04
2687,1681.9970,1017.4296,2466.1698,87.2041,0.00,0.01
2688,2376.3773,227.5648,2464.0356,1515.2112,0.00,0.02
4051,2415.0438,6.9006,2420.8145,2402.8321,0.00,0.04
2689,2202.1512,578.7652,2465.1595,489.8722,0.00,0.01
4052,2420.3010,0.2214,2420.6010,2419.9321,0.00,0.04
2690,2433.4409,4.8284,2446.1482,2428.0027,0.00,0.03
4053,2418.8233,6.3451,2420.9076,2394.2712,0.00,0.04
2691,1560.4139,1038.4346,2471.7345,87.2530,0.00,0.01
4054,2420.1489,0.8254,2421.1618,2417.8169,0.00,0.04
2692,1519.1569,960.0941,2471.3055,305.1266,0.00,0.01
2693,1843.8558,938.1449,2472.1979,87.2052,0.00,0.01
4055,2419.7322,3.2293,2421.0603,2407.2596,0.00,0.04
2694,2260.2066,300.6033,2438.3881,1263.2715,1.23,0.05
4056,2420.5816,0.2311,2421.0124,2420.2180,0.00,0.04
2695,2434.8069,5.0565,2445.3174,2426.8870,0.00,0.03
4057,2420.6030,2.0051,2421.6132,2412.9286,0.00,0.04
2696,1828.8632,845.6679,2471.8663,470.1566,0.00,0.01
4058,2420.7891,0.3404,2421.4292,2420.3274,0.00,0.04
2697,2174.5820,712.2186,2455.6222,87.2657,0.00,0.02
4059,2421.3001,1.0809,2421.9566,2417.2538,0.00,0.04
2698,2429.1720,2.5301,2433.9683,2426.1027,0.00,0.04
4060,2420.5660,2.9597,2422.2183,2409.2425,0.00,0.04
2699,1690.5655,931.3937,2471.9301,87.1294,0.00,0.01
2700,1914.1684,909.1673,2471.9992,92.0878,0.00,0.02
4061,2422.3906,1.7174,2428.9502,2421.4555,0.00,0.04
2701,2141.7681,612.4148,2464.3731,324.7713,0.00,0.02
4062,2421.9292,0.2803,2422.3096,2421.0826,0.00,0.04
2702,2296.9483,570.7069,2468.7550,87.1425,0.00,0.02
4063,2422.0567,0.1644,2422.3357,2421.6736,0.00,0.04
2703,2428.6131,3.2033,2435.8034,2423.6760,0.00,0.03
4064,2423.2555,0.4571,2424.3085,2422.5295,0.00,0.04
2704,2443.2958,15.2644,2471.4885,2416.0152,0.01,0.02
4065,2424.6555,0.2440,2425.0021,2424.2205,0.00,0.04
2705,1934.9535,889.2239,2467.9086,92.0484,0.00,0.02
4066,2423.8893,0.7360,2425.3139,2422.2301,0.00,0.04
2706,2429.6218,2.3700,2435.5495,2427.1161,0.00,0.04
4067,2425.1545,2.6734,2435.4403,2423.9139,0.00,0.04
2707,1668.1531,1050.1306,2471.8433,87.0902,0.00,0.01
4068,2424.1783,0.7819,2427.1009,2423.4629,0.00,0.04
2708,1791.2652,977.2301,2457.8838,92.0643,0.00,0.02
4069,2116.4942,657.7748,2428.5588,330.9023,0.00,0.04
2709,2431.4408,3.0040,2437.0632,2425.9348,0.00,0.03
2710,1834.2798,956.5405,2471.8032,87.2532,0.00,0.01
4070,2423.6934,3.0702,2428.5293,2412.7170,0.00,0.04
2711,2290.8070,573.4475,2462.5200,70.1362,0.00,0.03
4071,2424.6775,0.2245,2425.1858,2424.3195,0.00,0.04
2712,1707.4020,985.2523,2462.4399,87.2090,0.00,0.01
4072,2425.3300,1.2508,2428.5135,2423.9283,0.00,0.04
2713,2015.9571,809.2852,2460.2836,97.0751,0.00,0.02
4073,1475.7985,995.9281,2424.8195,69.6933,0.00,0.04
2714,2428.1326,2.7345,2434.6869,2424.7652,0.00,0.04
4074,2009.9147,832.3403,2426.4007,146.4478,0.00,0.04
2715,1763.3180,984.3722,2472.2254,-42.2767,0.00,0.01
4075,2189.4023,583.1164,2426.8726,450.7442,0.00,0.04
2716,2433.3434,6.3482,2452.5271,2425.7158,0.00,0.03
4076,2425.8763,1.3026,2428.1591,2424.0427,0.00,0.04
2717,2039.0422,865.5748,2465.0283,92.1039,0.00,0.02
4077,2425.9692,6.3545,2429.3336,2401.5659,0.00,0.04
2718,2184.4621,687.9389,2455.3288,241.7003,0.00,0.02
4078,2426.1434,0.5539,2427.3669,2425.5331,0.00,0.04
2719,2436.0027,4.4933,2449.3901,2430.1714,0.00,0.03
4079,2427.2279,0.6876,2428.5399,2426.0813,0.00,0.04
2720,2190.4526,713.1872,2471.9687,87.1960,0.00,0.01
2721,1462.4943,1131.0034,2463.7772,54.3259,0.00,0.02
4080,2428.4876,1.3612,2431.4467,2426.0159,0.00,0.03
4081,1577.7323,998.1687,2433.3472,60.4704,0.08,0.04
2722,2068.5978,811.2101,2471.3773,122.1627,0.00,0.01
2723,1258.1257,1176.4866,2444.1477,21.4445,0.00,0.03
4082,2426.0493,1.0362,2429.1274,2425.3861,0.00,0.04
2724,2223.1816,596.4864,2444.1344,109.2058,0.00,0.03
4083,2428.1984,1.6882,2431.2161,2425.4220,0.00,0.03
2725,2428.8772,2.7353,2434.6459,2425.5814,0.00,0.03
4084,2426.3297,0.7337,2427.8430,2425.3788,0.00,0.04
2726,1881.2860,895.9392,2471.8151,92.1613,0.00,0.01
4085,2425.5844,12.1361,2431.8298,2378.9651,0.00,0.03
2727,2432.2376,3.9852,2444.3233,2426.1899,0.00,0.03
4086,2428.0652,0.9848,2429.5370,2426.2363,0.00,0.04
2728,1793.9435,890.5217,2472.0294,305.1859,0.00,0.01
2729,2157.6316,781.6528,2467.6902,87.2204,0.00,0.02
4087,2426.7887,7.5808,2431.1483,2397.9507,0.00,0.03
2730,2290.3103,555.5976,2444.0353,138.5980,0.00,0.03
4088,2425.9094,0.4093,2427.0687,2425.3313,0.00,0.04
2731,2432.3004,5.5549,2442.9493,2425.8049,0.00,0.03
4089,2429.2528,1.5566,2431.1681,2424.8414,0.00,0.03
2732,2054.3546,827.4581,2471.5164,92.0428,0.00,0.02
4090,2427.7424,1.5958,2432.0012,2425.8494,0.00,0.04
2733,2435.8254,4.8054,2444.8014,2427.2635,0.00,0.03
4091,1957.9957,805.6491,2428.6117,241.9193,0.00,0.04
2734,1727.1979,1073.3637,2462.9255,92.0285,0.00,0.02
4092,2429.0461,1.9315,2431.9044,2424.7825,0.00,0.03
2735,2427.6933,1.5927,2431.1880,2425.3913,0.00,0.04
4093,2429.7409,1.9543,2434.0331,2426.3261,0.00,0.03
2736,2166.5985,751.4882,2465.5526,91.9636,0.01,0.02
4094,2153.0573,702.4990,2429.6057,222.3934,0.00,0.04
2737,2444.0280,6.3482,2455.6865,2434.7593,0.00,0.02
4095,2428.7474,1.5370,2431.3894,2426.3197,0.00,0.03
2738,2292.9247,568.9462,2456.1426,92.1620,0.00,0.02
4096,2422.1719,12.0835,2432.6650,2393.5483,0.00,0.03
2739,2436.4703,5.0405,2445.3429,2428.2984,0.00,0.03
4097,2427.2163,1.1068,2429.2958,2425.6918,0.00,0.04
2740,2307.5222,572.1361,2472.0869,91.9924,0.00,0.01
4098,2083.1059,714.6500,2432.4600,259.3963,0.00,0.03
2741,2436.2100,5.8615,2451.2179,2423.6012,0.00,0.03
4099,2429.6483,1.6957,2433.3972,2426.6245,0.00,0.03
2742,2100.1490,751.4969,2471.3056,112.2328,0.00,0.02
4100,2426.7939,8.9004,2432.6683,2403.4061,0.00,0.03
2743,2452.5870,9.8419,2468.7709,2436.0407,0.00,0.02
4101,2426.2910,0.8215,2428.9121,2425.3750,0.00,0.04
2744,2440.2300,6.4345,2453.9884,2430.7610,0.00,0.03
4102,2428.3496,5.6682,2432.7273,2406.9815,0.00,0.03
2745,1996.7312,770.0420,2471.9284,87.2088,0.00,0.02
4103,2426.0996,0.8936,2428.6373,2425.3717,0.00,0.04
2746,2428.0316,2.7325,2434.2008,2425.1603,0.00,0.04
4104,2212.2200,588.4929,2433.1607,200.9197,0.00,0.03
2747,1867.0991,890.1653,2470.5755,354.8753,0.00,0.01
4105,2281.0251,569.5892,2431.3659,75.0846,0.00,0.03
2748,2011.9267,908.9144,2472.2260,49.4482,0.00,0.02
2749,1757.6218,1025.9792,2454.3300,92.0112,0.00,0.02
4106,2427.8964,1.3999,2431.0569,2425.7270,0.00,0.04
2750,2431.5730,3.6503,2440.2769,2426.2844,0.00,0.03
4107,2156.0537,705.2761,2434.3462,282.9230,0.00,0.03
2751,1665.8790,1032.9039,2471.8032,97.0247,0.00,0.01
4108,2428.5221,1.4977,2431.0235,2426.3565,0.00,0.03
2752,1993.0883,698.2870,2472.5497,484.9895,0.00,0.02
4109,2426.6719,6.9678,2431.7896,2402.7956,0.00,0.03
2753,1559.9671,1138.3311,2447.7525,21.4952,0.00,0.03
2754,2221.8248,589.2570,2453.0041,655.6618,0.00,0.02
4110,2428.2518,2.0653,2431.6508,2425.7963,0.00,0.03
4111,977.1445,996.8325,2428.6763,64.8269,0.00,0.04
2755,1243.6571,1186.1618,2431.1807,16.5385,0.00,0.04
2756,2004.1176,886.6890,2432.3046,16.6148,0.00,0.03
4112,2428.2711,1.6455,2430.6730,2424.8717,0.00,0.03
4113,1352.9388,1042.0969,2426.5930,74.5267,0.00,0.04
2757,2425.4316,2.1361,2431.1140,2422.3205,0.00,0.04
4114,2428.0217,1.7371,2430.7644,2424.7464,0.00,0.03
2758,2212.8960,644.0118,2453.3516,-5.9430,0.00,0.03
2759,1699.7050,846.8929,2471.5556,97.1075,0.00,0.01
4115,2425.6863,0.8836,2426.9770,2422.7244,0.00,0.04
2760,2168.2700,662.2948,2454.3695,309.9806,0.00,0.02
4116,2426.5535,1.5684,2431.0689,2425.3393,0.00,0.04
2761,2432.0102,3.0924,2439.1126,2426.2463,0.00,0.03
4117,2312.3521,510.5552,2457.5779,335.1778,0.00,0.02
2762,2009.6670,766.0828,2472.3043,470.1808,0.00,0.01
4118,2431.9765,4.4427,2439.5807,2419.7680,0.00,0.03
2763,2444.4708,8.8645,2470.4845,2429.4634,0.00,0.02
4119,2000.3748,802.1150,2468.8598,75.1548,0.00,0.02
2764,1895.6282,850.4818,2471.7529,92.0664,0.00,0.02
4120,2416.4043,67.2066,2443.9083,2156.6997,0.00,0.03
2765,2430.0742,2.3726,2435.4087,2426.9622,0.00,0.04
4121,2427.1967,1.9610,2433.0415,2425.7874,0.00,0.04
2766,2099.4366,741.2739,2469.7568,92.0191,0.00,0.02
4122,1984.9819,843.8887,2451.7876,16.3349,0.00,0.03
2767,1925.9077,898.5255,2450.5048,92.0590,0.00,0.02
4123,2431.6635,3.5018,2438.3269,2426.5045,0.00,0.03
2768,2427.0584,1.5763,2431.2284,2425.4844,0.00,0.04
4124,1139.8255,878.0617,2470.0854,82.3745,0.00,0.02
2769,2253.6415,516.5755,2454.8426,549.3432,0.00,0.02
4125,2181.6165,709.2356,2471.2524,82.3293,0.00,0.02
2770,2430.0709,2.5553,2437.0536,2426.3337,0.00,0.04
4126,2437.0399,5.5821,2450.0208,2429.2326,0.00,0.03
2771,1873.1162,879.8169,2471.7791,87.2344,0.00,0.01
4127,1929.2904,872.4147,2470.1657,96.9787,0.00,0.02
2772,2439.7311,7.7778,2451.4867,2428.9256,0.00,0.03
4128,2436.4053,5.4403,2450.6147,2428.7398,0.00,0.03
4129,1890.9341,805.8619,2470.1266,325.0755,0.00,0.01
2773,2436.8383,10.8416,2461.3365,2413.7870,0.00,0.03
4130,1529.0628,1064.8541,2462.7210,55.5704,0.00,0.02
2774,2058.6685,799.9138,2457.2951,87.1183,0.00,0.02
4131,1755.8553,912.2455,2471.5849,300.3879,0.00,0.01
2775,2433.2067,4.7591,2445.0853,2427.6891,0.00,0.03
4132,2209.5713,621.0028,2457.1056,474.9290,0.00,0.02
2776,1980.4732,848.0596,2461.3288,87.2817,0.00,0.01
4133,2299.7717,531.9312,2446.6908,239.7656,0.00,0.03
2777,2440.7242,6.2766,2450.7529,2430.2177,0.00,0.02
4134,2430.2074,3.1057,2435.8150,2426.2680,0.00,0.04
2778,1544.4787,1043.5198,2466.5292,87.0763,0.00,0.01
4135,700.9942,809.0605,2460.0678,31.2448,0.00,0.03
4136,1434.7563,1152.5311,2469.7229,82.3184,0.00,0.02
2779,2434.5681,5.3483,2452.7292,2426.8609,0.00,0.03
4137,2429.5918,2.4425,2434.7262,2426.9424,0.00,0.04
2780,1991.9073,822.6349,2471.8042,92.0636,0.00,0.02
4138,1996.6297,837.2282,2470.8559,82.3440,0.00,0.02
2781,2432.7060,4.0241,2441.6468,2427.4524,0.00,0.03
2782,1828.3438,937.4236,2471.7395,92.0439,0.00,0.01
4139,2431.8248,4.4843,2440.3252,2426.9818,0.00,0.03
4140,1241.7052,1022.9772,2470.0578,79.7235,0.00,0.02
2783,1643.2030,882.3339,2470.4812,496.7055,0.00,0.02
4141,1428.0820,954.6687,2464.1136,87.2711,0.00,0.02
2784,2149.9135,519.0935,2470.3589,589.1227,0.00,0.02
4142,2174.0637,734.3744,2468.6792,117.3013,0.00,0.02
2785,2289.8198,567.9409,2448.1121,90.3540,0.00,0.03
4143,2433.2710,5.4968,2446.8761,2427.5335,0.00,0.03
2786,2430.4325,3.8116,2440.9962,2425.7552,0.00,0.03
4144,1091.1781,927.4234,2470.0684,77.5933,0.00,0.02
2787,1974.3508,812.0166,2466.8501,345.0826,0.00,0.01
4145,2410.3643,107.0802,2455.5906,1996.5421,0.00,0.03
2788,1404.7193,1005.3315,2457.4069,92.1752,0.00,0.01
4146,2433.2839,5.3755,2449.7121,2427.2544,0.00,0.03
2789,2434.1249,4.9405,2444.4999,2428.2146,0.00,0.03
4147,1622.1598,1017.8222,2469.7529,87.1688,0.00,0.01
2790,1569.3329,846.4522,2459.4663,117.2090,0.00,0.01
2791,1156.4781,1037.6272,2459.6597,87.1976,0.00,0.01
4148,2437.2160,5.2044,2445.5519,2428.3702,0.00,0.03
4149,1566.0326,965.7590,2457.1722,66.1284,0.00,0.02
2792,2435.8561,6.0467,2448.2851,2429.2781,0.00,0.03
2793,1565.3821,905.4395,2449.4481,96.5389,0.00,0.02
4150,2429.6799,7.2218,2441.8567,2418.4020,0.00,0.03
4151,915.0549,856.9314,2456.6135,81.0324,0.00,0.02
2794,2430.8080,4.3480,2443.5082,2425.4454,0.00,0.03
4152,1815.4375,969.7402,2457.6146,92.4193,0.00,0.02
2795,2037.0774,813.9698,2452.2775,92.1635,0.00,0.02
4153,2329.5449,370.6139,2444.9873,894.4952,0.00,0.04
2796,2316.0167,498.5175,2457.4770,385.4416,0.00,0.02
4154,2279.6569,492.9119,2428.2753,383.5491,0.00,0.04
2797,2437.2617,5.3358,2449.4429,2429.5800,0.00,0.03
4155,2369.8319,211.2773,2430.2639,1551.8661,0.00,0.04
2798,1550.5452,957.5403,2461.6925,234.7065,0.00,0.01
4156,2421.1347,10.8699,2439.4082,2402.3991,0.00,0.04
2799,2083.9641,764.5393,2456.0583,87.2637,0.00,0.02
4157,2215.7932,609.2337,2457.1025,531.9445,0.00,0.02
2800,2430.9476,6.6398,2453.0055,2425.9803,0.00,0.03
4158,2427.4322,5.6606,2436.9600,2410.3903,0.00,0.04
2801,2441.9107,5.5564,2450.5981,2430.2675,0.00,0.02
4159,1839.9803,858.4182,2463.0948,82.3617,0.00,0.02
2802,1819.8883,942.5002,2456.4204,97.2132,0.00,0.02
4160,2436.1165,4.8601,2447.8218,2430.0673,0.00,0.03
2803,2433.2773,4.0303,2441.1154,2427.5554,0.00,0.03
4161,987.5197,895.9241,2471.3092,129.1963,0.00,0.02
2804,1183.6090,893.6567,2457.9684,87.1661,0.01,0.01
4162,1739.7323,978.9361,2458.3563,82.3606,0.00,0.02
2805,2084.5893,740.5582,2453.4065,453.9276,0.00,0.02
4163,2429.7627,3.0406,2438.3640,2426.8638,0.00,0.04
2806,2127.5069,800.5541,2435.6286,-2.7424,0.00,0.03
4164,1208.9825,1084.4850,2467.0710,87.2716,0.00,0.01
4165,1867.9977,1021.8269,2471.4931,87.2025,0.00,0.01
2807,2425.5160,2.1085,2430.0718,2422.2163,0.01,0.04
4166,1848.8808,905.4395,2470.7165,82.3284,0.00,0.02
2808,2217.1464,579.8737,2447.5319,682.2588,0.00,0.03
4167,2431.4061,2.4294,2435.7696,2426.8153,0.00,0.03
2809,2425.5894,2.0333,2431.4969,2423.2042,0.00,0.04
4168,1785.2273,886.6661,2468.0038,216.9311,0.00,0.01
2810,2329.0622,433.7190,2448.8114,649.3804,0.00,0.02
4169,2439.5703,6.5476,2451.7785,2429.6505,0.01,0.03
4170,463.7929,456.2906,1582.4797,82.3778,0.00,0.02
2811,2429.1831,2.3070,2434.7133,2426.7711,0.00,0.03
4171,1966.4782,843.9632,2465.0521,82.3153,0.00,0.02
2812,1977.1434,807.4152,2451.9388,499.3067,0.00,0.02
4172,2428.6986,1.7502,2432.3463,2426.3045,0.00,0.04
2813,2278.1214,595.1831,2444.2055,-26.9376,0.00,0.03
4173,2205.0434,650.2937,2471.1086,460.1632,0.00,0.02
2814,2428.9695,2.7793,2434.7579,2425.6650,0.00,0.04
2815,913.4931,922.1010,2455.4663,87.1319,0.00,0.01
4174,2438.5730,5.8300,2448.5878,2428.7889,0.00,0.03
4175,271.3160,93.6173,468.6285,132.9206,0.00,0.03
4176,281.6686,136.2002,722.3486,170.9368,0.00,0.03
2816,2440.1946,7.1592,2460.1042,2430.7742,0.00,0.03
4177,849.0417,895.6631,2471.3112,82.3234,0.00,0.02
2817,1913.3505,930.6102,2456.9788,87.1797,0.00,0.02
4178,2101.8698,732.0902,2471.2532,351.8820,0.00,0.02
2818,2432.9572,4.3657,2444.3068,2427.5277,0.00,0.03
4179,2432.8885,5.8353,2446.4994,2426.9577,0.00,0.03
2819,933.4187,787.3977,2461.6632,87.1318,0.00,0.01
4180,414.2894,559.6086,2458.1442,117.8257,0.16,0.03
2820,1213.0866,910.4772,2454.8379,112.2489,0.00,0.01
4181,1669.0065,914.2860,2464.3249,87.2660,0.00,0.02
2821,1164.9957,888.6611,2462.8920,92.1605,0.00,0.01
4182,2433.6135,6.2031,2448.3295,2427.3177,0.00,0.03
4183,409.8438,375.9884,1732.1006,82.2981,0.00,0.03
2822,2441.4087,5.6747,2449.9226,2428.4876,0.00,0.03
4184,1157.0285,902.1659,2470.8922,189.7770,0.00,0.02
2823,2200.4439,624.7239,2458.3940,97.1044,0.00,0.02
4185,2318.8844,478.0919,2455.1247,467.4649,0.00,0.03
2824,2432.3938,4.1150,2443.0636,2427.4928,0.00,0.03
4186,2428.4064,2.3472,2435.7635,2426.0732,0.00,0.04
2825,1345.1182,983.8843,2462.2166,117.2031,0.00,0.01
4187,1751.1398,963.1631,2470.6121,82.3563,0.00,0.01
2826,1556.1190,896.8061,2458.7093,461.9166,0.00,0.01
4188,2444.6148,15.4541,2466.2220,2405.5699,0.00,0.02
2827,2433.3818,4.8171,2445.1925,2427.3583,0.00,0.03
4189,813.6027,714.0437,2470.1615,219.3306,0.00,0.03
2828,1318.2666,887.9588,2470.9972,329.9140,0.00,0.01
4190,1605.8039,911.9215,2459.1229,87.2759,0.00,0.01
2829,2159.2131,742.9709,2456.1010,87.2279,0.00,0.03
4191,2275.2304,488.4545,2456.8916,487.7440,0.00,0.03
2830,2426.1738,0.5582,2427.5865,2425.3069,0.00,0.04
4192,2417.5438,82.6107,2447.9282,2098.0371,0.00,0.03
2831,2433.1815,2.9102,2438.0887,2428.0168,0.00,0.03
4193,2430.1756,3.4150,2438.9351,2426.8294,0.00,0.04
2832,1580.2774,919.0163,2471.8319,92.0516,0.00,0.01
4194,1342.8578,1020.9528,2454.7592,87.1967,0.00,0.02
2833,1073.5585,960.1786,2453.5224,87.1265,0.00,0.01
2834,1144.5760,796.8405,2452.8017,87.1630,0.00,0.01
4195,2432.8044,3.3623,2442.3486,2428.2844,0.00,0.03
2835,2437.7798,6.0579,2451.3882,2430.4448,0.00,0.03
4196,1786.1573,993.0159,2465.3537,122.2452,0.00,0.02
2836,1898.1389,736.8989,2470.5441,319.8194,0.00,0.01
4197,2430.7394,4.1459,2442.1644,2426.5111,0.00,0.03
4198,365.1526,137.2130,803.4924,242.6596,0.00,0.03
4199,965.8970,734.8411,2456.4187,206.2337,0.00,0.02
2837,2434.5841,4.9247,2445.5013,2425.7548,0.00,0.03
2838,1908.6520,939.3759,2455.7474,87.2147,0.00,0.02
4200,2299.7491,436.8454,2452.0133,649.5391,0.00,0.03
2839,2436.1546,5.4719,2448.9472,2428.5494,0.00,0.03
4201,2430.8693,3.2977,2440.1839,2427.5936,0.00,0.03
4202,1161.8839,1011.6243,2457.8200,96.8609,0.00,0.02
2840,2225.0421,626.5874,2461.1163,97.0832,0.00,0.02
4203,2433.5117,4.4550,2445.5799,2427.5358,0.00,0.03
2841,2429.9069,2.3204,2433.4635,2425.3124,0.00,0.03
4204,674.1886,570.5204,2366.9196,194.1002,0.00,0.03
2842,1705.0731,871.5459,2464.6518,305.2719,0.00,0.01
4205,2242.5446,512.7496,2452.8177,335.1785,0.00,0.03
2843,1980.0963,817.4073,2464.2235,349.9366,0.00,0.02
4206,2410.6283,20.9525,2431.4742,2373.3434,0.00,0.04
2844,2437.7950,5.3678,2447.5881,2428.9805,0.00,0.03
4207,2425.7477,6.9086,2431.6039,2399.7673,0.00,0.04
2845,1548.1653,1043.3552,2456.2404,87.2002,0.00,0.02
4208,2439.4372,5.7038,2449.9566,2428.8102,0.00,0.03
2846,2429.7754,2.8590,2437.2109,2425.7702,0.00,0.04
4209,1249.9235,935.6906,2471.3510,87.2403,0.00,0.02
2847,1561.2674,839.6950,2464.1953,231.7543,0.00,0.01
4210,1414.2094,1026.7626,2471.3074,82.3655,0.00,0.01
2848,1845.4636,780.8073,2454.4187,733.3585,0.00,0.02
4211,1957.0859,854.2253,2458.0316,82.3247,0.14,0.02
2849,2334.4906,420.8126,2451.1926,704.8546,0.00,0.02
4212,2431.1069,3.0566,2438.3390,2427.5442,0.00,0.03
2850,2430.9875,4.2986,2439.0639,2425.9481,0.00,0.03
4213,1558.4023,989.7891,2471.4483,87.1967,0.00,0.01
2851,1320.3616,940.1354,2462.3311,87.1309,0.00,0.01
4214,2447.5380,6.1789,2457.6133,2435.5924,0.00,0.02
4215,872.7598,943.0838,2470.2603,77.9017,0.00,0.02
2852,2438.2334,6.1994,2448.4505,2429.6901,0.00,0.03
2853,1740.5173,870.5110,2461.6896,87.1242,0.00,0.02
4216,1934.8158,806.4209,2470.5486,324.5477,0.00,0.02
2854,2428.9715,3.6359,2436.4580,2424.3482,0.00,0.03
4217,2439.6929,13.5091,2458.6250,2396.8422,0.00,0.03
2855,1666.8787,866.0194,2471.7922,127.1059,0.00,0.01
4218,1828.2985,921.3065,2458.0170,290.3523,0.00,0.02
2856,1037.8602,873.6764,2458.1292,87.2310,0.00,0.01
4219,2428.9638,1.7297,2432.9342,2426.9477,0.00,0.04
2857,2434.1074,3.9954,2444.9741,2428.0346,0.00,0.03
4220,1751.9082,1040.0273,2457.5740,92.1096,0.50,0.02
2858,1384.5838,934.3781,2471.8392,87.2682,0.00,0.01
2859,1237.4094,829.4985,2471.8020,314.9521,0.00,0.01
4221,2431.9230,3.5076,2443.3578,2428.2963,0.00,0.03
2860,1131.4447,916.7005,2471.8315,87.1501,0.00,0.01
4222,1661.1389,954.5038,2471.2043,82.3309,0.00,0.01
2861,1915.5616,807.1624,2454.1091,102.2626,0.00,0.02
4223,2433.8485,4.6380,2444.1532,2428.2578,0.00,0.03
4224,518.7005,767.7107,2469.2452,33.6800,0.04,0.03
2862,2426.2058,0.7572,2428.2554,2425.2653,0.00,0.04
4225,2449.2179,8.6592,2465.1194,2434.7466,0.00,0.02
2863,2329.8703,435.3954,2454.5915,643.7772,0.00,0.03
4226,245.4148,246.2856,929.7813,25.2821,0.35,0.04
4227,393.1916,620.8482,2468.2858,62.4149,0.29,0.03
2864,2430.4744,2.1834,2434.4622,2427.6053,0.00,0.03
4228,2062.7344,806.1899,2459.3605,180.5627,0.00,0.02
2865,1367.8527,985.8808,2456.4141,87.2921,0.00,0.01
4229,2435.8438,4.2848,2447.6678,2428.7786,0.00,0.03
2866,2436.1754,4.8511,2446.3174,2429.5056,0.00,0.03
4230,1259.3035,1012.0691,2471.1495,96.9294,0.27,0.02
2867,1346.7750,860.0632,2457.4609,480.0619,0.00,0.01
4231,2442.8183,6.3503,2456.9459,2434.1013,0.00,0.03
2868,1519.2092,936.1254,2454.0247,314.9852,0.00,0.02
4232,406.2965,779.0621,2464.0117,35.7944,0.00,0.02
4233,2066.5020,797.6827,2471.5915,121.4771,0.00,0.02
2869,2404.1910,106.1014,2440.2500,1993.5023,0.00,0.03
4234,2297.1404,563.0433,2453.9727,116.5920,0.00,0.02
2870,2425.3654,0.7769,2426.6180,2423.8103,0.00,0.04
4235,2430.6471,3.2894,2440.1803,2426.2612,0.00,0.03
2871,2436.8925,7.9378,2452.5688,2428.0431,0.00,0.03
4236,1235.6723,1010.7673,2470.5625,101.8949,0.00,0.01
2872,2436.5121,6.8020,2455.5580,2429.0729,0.00,0.03
4237,1340.3125,1002.0435,2471.8625,112.2499,0.00,0.01
4238,1014.9633,995.1854,2468.5724,47.2262,0.99,0.03
2873,1952.8927,884.5465,2460.5623,92.1487,0.00,0.02
4239,1960.8139,857.0436,2470.9922,122.1594,0.00,0.02
2874,2428.7023,2.2330,2434.4943,2426.2297,0.00,0.04
4240,2437.5129,5.2000,2446.8348,2429.6453,0.00,0.03
2875,1350.8836,866.8646,2465.0648,314.9741,0.00,0.01
4241,1607.4016,899.8478,2470.7884,159.1924,1.08,0.03
2876,2347.6782,364.5642,2466.4465,936.0979,0.00,0.02
4242,2047.8661,845.8591,2470.7070,87.2337,0.00,0.02
2877,2433.1251,4.0418,2443.1009,2428.3601,0.00,0.03
2878,971.2744,845.8819,2453.5697,102.1723,0.00,0.01
4243,2429.5385,1.5630,2433.8549,2427.8274,0.00,0.04
2879,2221.6144,581.6648,2447.0906,469.2591,0.00,0.03
4244,2327.0026,465.5182,2466.1881,524.3240,0.00,0.02
2880,2426.7418,1.5240,2431.3872,2425.2921,0.00,0.04
4245,2319.1610,467.3222,2464.5756,509.5670,0.00,0.03
2881,1996.0483,774.9172,2457.5400,648.4506,0.00,0.02
4246,2429.1571,2.5021,2434.5401,2426.4201,0.00,0.04
2882,2427.7092,1.4110,2430.2423,2425.5919,0.00,0.04
4247,2047.2740,739.5052,2470.7873,122.1631,0.00,0.02
2883,1606.0804,890.3540,2461.8471,80.0899,0.00,0.02
4248,2443.4915,8.0671,2460.0900,2433.0252,0.00,0.02
4249,436.9631,801.2766,2470.6362,-6.7670,0.00,0.03
2884,2431.2812,3.7897,2438.8070,2426.2542,0.00,0.03
4250,2079.8061,775.2292,2464.3757,101.9350,0.00,0.02
2885,1404.1056,851.9098,2454.2096,395.0050,0.00,0.02
2886,1284.8936,868.1230,2452.9695,87.3631,0.00,0.01
4251,2429.8262,2.6832,2437.0864,2425.9853,0.00,0.04
2887,2319.7069,473.7717,2457.9873,485.0479,0.00,0.03
4252,1680.6546,1021.2421,2470.6078,79.8661,0.00,0.01
4253,1764.6794,911.0595,2470.5491,314.8857,0.00,0.01
2888,2431.4807,5.5608,2450.9553,2426.2638,0.00,0.03
2889,480.9165,586.6790,2450.9027,-11.7797,0.00,0.01
4254,2321.6021,460.3258,2452.8032,538.9347,0.00,0.03
2890,2347.2567,352.9226,2455.4541,980.9293,0.00,0.03
4255,2444.2578,6.8323,2456.5203,2434.0424,0.00,0.02
2891,2432.7198,3.9049,2440.4235,2427.3469,0.00,0.03
4256,655.4304,616.8455,2457.9691,22.4253,0.00,0.02
2892,1282.1985,1030.6990,2455.9074,87.4146,0.00,0.02
4257,2106.6065,757.5798,2470.2162,107.4025,0.00,0.02
2893,1076.0713,911.7000,2454.7381,97.2557,0.00,0.01
4258,2439.9641,6.4730,2452.4144,2429.8362,0.00,0.03
2894,2439.0857,4.9899,2446.9907,2430.8997,0.00,0.03
4259,599.2343,754.5537,2465.2312,88.8553,0.00,0.03
2895,1702.6759,964.5431,2453.7249,87.2908,0.00,0.02
4260,2321.8792,455.1530,2455.1993,559.2849,0.00,0.03
2896,2434.1814,7.0740,2442.7077,2416.4235,0.00,0.03
4261,2436.3395,8.9467,2464.7022,2427.6229,0.00,0.03
4262,658.4517,443.3969,1761.4309,142.0854,0.00,0.03
2897,2430.8371,3.4919,2439.0650,2427.2195,0.00,0.03
4263,966.8970,582.7751,2456.9341,161.1297,0.00,0.02
2898,1058.0075,896.9774,2453.7622,87.2316,0.00,0.01
4264,1536.4922,964.9452,2465.1172,82.3859,0.00,0.01
2899,1454.4025,980.9312,2454.6577,87.1990,0.00,0.01
4265,2300.7665,554.3003,2458.9897,154.4636,0.00,0.02
2900,2435.7625,5.0708,2445.0649,2427.6412,0.00,0.03
2901,1693.2497,1001.4285,2455.7959,41.6362,0.16,0.03
4266,2431.5920,3.3133,2436.4565,2426.8434,0.00,0.03
4267,1125.1211,917.0385,2470.7204,167.6502,0.00,0.02
2902,1659.7863,1139.9578,2433.6478,-32.0663,0.00,0.04
4268,1906.8390,855.6541,2465.3346,127.1920,0.00,0.02
2903,2427.7118,1.8027,2431.2522,2425.7336,0.00,0.04
4269,2329.7179,397.5906,2443.0103,789.9414,0.00,0.03
2904,1441.3992,942.1979,2454.1170,65.4209,0.00,0.02
2905,2283.4496,581.6976,2444.1241,30.6060,0.00,0.03
4270,2427.4664,1.4318,2431.7983,2425.8328,0.00,0.04
2906,2428.1428,1.9452,2433.9842,2425.7358,0.00,0.04
4271,2447.3096,9.3088,2464.7265,2435.6490,0.00,0.02
4272,553.5890,284.9846,1179.1698,195.0577,0.00,0.03
4273,554.9021,221.4327,1089.7919,222.7501,0.00,0.04
2907,1795.2369,907.9451,2453.4995,60.4699,0.00,0.02
4274,989.6185,565.7593,2184.3590,318.9075,0.00,0.04
4275,1589.5150,655.8123,2407.9335,680.3406,0.00,0.04
2908,2428.5654,2.4435,2433.9046,2425.4647,0.00,0.04
2909,1616.6243,933.4053,2460.1455,81.0883,0.00,0.01
4276,1993.8612,552.3477,2409.3588,831.7365,0.00,0.04
4277,1926.6528,389.0715,2410.2378,971.7979,0.00,0.03
2910,2434.6498,5.8093,2445.7741,2428.1651,0.00,0.03
2911,1739.4906,879.6058,2456.4758,87.2109,0.00,0.02
4278,1865.0996,515.4491,2408.0354,418.9767,0.00,0.04
4279,2196.2338,449.2489,2411.0580,709.0204,0.00,0.04
2912,2428.2702,1.5113,2431.6538,2426.1407,0.00,0.04
2913,1723.5314,909.0683,2457.3130,87.3069,0.04,0.02
4280,1984.9217,732.5040,2409.5881,677.9151,0.00,0.04
2914,2430.0153,2.0996,2435.1778,2427.0269,0.00,0.04
4281,2362.2795,84.5213,2409.9000,2121.1951,0.00,0.04
2915,1468.0278,1029.0036,2456.1605,87.2297,0.00,0.02
4282,2309.3964,236.7146,2408.3576,1450.2931,0.00,0.04
2916,2436.3111,7.3478,2448.8537,2427.6251,0.00,0.03
4283,2281.9017,360.8489,2408.5635,908.6676,0.00,0.04
2917,2434.5682,4.4445,2444.2646,2428.1973,0.03,0.03
4284,2260.3488,126.4928,2403.7418,1993.3007,0.00,0.04
2918,1523.9788,1027.8351,2456.9555,87.2257,0.00,0.02
4285,2376.4283,78.2812,2406.9400,2097.8410,0.01,0.04
2919,2431.1530,3.2413,2439.5063,2427.1476,0.00,0.03
4286,1849.9089,717.7954,2463.5320,305.2157,0.00,0.02
2920,1575.2842,830.0233,2455.7672,87.2673,0.00,0.01
4287,1783.3262,781.1743,2469.4315,310.3171,0.00,0.02
2921,2367.7039,288.2717,2453.5646,1251.4798,0.00,0.03
4288,1885.7880,577.0787,2444.9416,330.2225,0.00,0.03
2922,2434.7000,4.4110,2442.9772,2429.0122,0.00,0.03
4289,1969.6089,372.6390,2417.4798,1132.8871,0.00,0.03
2923,1833.8784,920.2917,2456.0213,87.1965,0.00,0.01
4290,2219.1385,223.6039,2409.9835,1828.3880,0.01,0.04
2924,1673.5584,903.4753,2454.6546,87.3073,0.00,0.01
4291,2357.6285,89.7366,2406.8488,2148.3579,0.01,0.04
2925,2438.4813,5.4523,2447.5369,2429.0463,0.00,0.03
4292,2374.0417,55.1890,2406.6939,2257.9680,0.00,0.04
2926,1798.9775,807.6113,2458.2394,87.3404,0.00,0.02
4293,2225.1952,476.4482,2406.7532,918.1675,0.01,0.04
2927,2433.1072,6.0368,2448.7447,2426.8695,0.00,0.03
4294,2268.2935,348.1756,2406.0158,956.1294,0.00,0.04
2928,2027.2248,728.0059,2447.5381,535.1255,0.00,0.02
4295,2245.2872,361.4649,2404.5075,913.1862,0.01,0.04
2929,2425.7472,2.5982,2431.2717,2421.6527,0.01,0.04
2930,1783.7169,860.4757,2457.2698,107.3078,0.00,0.01
4296,2352.2538,100.6688,2405.7952,2073.7782,0.00,0.04
2931,2416.8595,73.5908,2443.1309,2132.2952,0.01,0.03
4297,2301.0420,405.8388,2406.9787,729.2402,0.00,0.04
2932,2425.5585,1.2882,2428.4657,2423.8995,0.00,0.04
4298,2209.5773,516.2928,2407.3358,826.9326,0.00,0.04
2933,1835.6566,911.0794,2456.3470,239.7876,0.01,0.02
4299,2372.0113,90.5098,2407.2728,2090.8163,0.00,0.04
2934,2435.8522,6.0230,2446.2594,2427.5780,0.00,0.03
4300,1988.6444,632.3060,2403.9150,822.1886,0.00,0.04
2935,1875.3751,813.6338,2452.8807,87.3505,0.00,0.02
4301,2108.9339,458.9565,2398.2093,919.6340,0.03,0.04
4302,1621.9318,703.8211,2397.6860,803.1869,0.15,0.04
2936,2428.5607,1.6786,2433.7779,2426.7081,0.00,0.04
4303,1833.7640,692.1779,2401.7517,821.0431,0.00,0.04
2937,2295.4448,391.1656,2448.7264,1040.4413,0.00,0.03
4304,2082.1461,380.0337,2406.6076,963.3860,0.00,0.04
2938,2428.1424,1.4226,2432.3958,2426.5814,0.00,0.04
4305,2274.0959,168.4369,2406.5909,1869.8204,0.00,0.04
2939,2230.1262,549.4753,2451.7348,611.5406,0.00,0.03
4306,2002.0746,620.5317,2402.6969,708.0005,0.04,0.04
2940,2427.3485,1.5926,2431.9930,2425.8939,0.00,0.04
4307,2286.8523,169.1832,2403.0525,1776.6955,0.00,0.04
2941,2289.3909,569.0270,2454.2606,87.3062,0.00,0.02
4308,2134.0241,508.4768,2404.1972,812.5565,0.00,0.04
2942,2432.5268,3.1069,2438.3698,2428.0440,0.00,0.03
4309,2097.5885,525.2474,2400.5333,956.1345,0.03,0.04
2943,1748.9822,778.4514,2447.7320,435.8727,0.06,0.02
4310,2338.6201,93.4643,2404.2182,2168.8112,0.00,0.04
2944,1900.3294,947.9252,2456.9895,87.2636,0.00,0.02
4311,2024.2486,655.6482,2405.1583,822.1649,0.01,0.04
2945,2439.5075,5.1473,2450.2629,2431.9441,0.00,0.03
4312,1746.9584,682.4535,2401.7754,826.3544,0.00,0.04
2946,1309.8433,812.7807,2451.2539,315.1325,0.03,0.01
2947,1001.1017,872.8552,2449.3255,87.2898,0.46,0.02
4313,1972.9794,591.9939,2404.1981,872.1710,0.02,0.04
2948,1725.3170,885.0714,2443.9733,132.0517,0.04,0.02
4314,2124.6229,301.4299,2392.3066,1194.7130,0.00,0.04
2949,2252.6236,573.7997,2443.6535,45.8991,0.00,0.03
4315,2095.3993,408.8908,2400.2800,822.1453,0.00,0.04
2950,2422.5435,30.1031,2443.5087,2324.9264,0.00,0.03
4316,1928.6930,666.9213,2451.8193,100.9179,0.04,0.03
2951,2425.1394,3.8711,2431.3518,2417.7709,0.00,0.04
4317,2087.4231,451.7698,2438.4914,943.5245,0.03,0.03
2952,2172.7232,703.3573,2459.6276,36.0440,0.04,0.02
4318,1996.8997,436.0567,2350.5473,913.7016,0.21,0.04
2953,1919.5419,730.0955,2445.0425,560.1348,0.00,0.02
4319,2225.3782,282.1834,2389.4555,1469.1297,0.01,0.04
2954,2433.5272,3.0701,2439.2535,2429.0613,0.00,0.03
4320,2301.0144,198.4116,2393.9498,1663.4577,0.00,0.04
2955,1939.5985,730.4061,2445.6998,141.9376,0.01,0.02
4321,2084.4219,512.5694,2396.6078,951.7230,0.00,0.04
2956,2423.4943,3.0084,2426.9476,2415.2396,0.03,0.04
4322,2374.9054,84.5238,2403.0831,2048.0439,0.00,0.04
2957,2279.8802,583.1799,2439.7818,21.2836,0.00,0.03
4323,2358.2741,93.5672,2405.4358,2069.3103,0.00,0.04
2958,2297.3446,514.3015,2436.4999,305.4964,0.00,0.03
4324,2326.0185,213.4618,2410.9460,1759.9550,0.00,0.04
2959,2424.5355,1.2358,2426.8844,2422.8998,0.00,0.04
4325,2369.6792,146.7057,2412.1567,1801.5292,0.00,0.04
2960,2425.8912,2.4112,2433.2778,2422.7707,0.00,0.04
4326,2399.2558,30.3128,2422.8231,2283.0258,0.00,0.04
2961,2123.0170,614.7695,2448.9852,300.3496,0.00,0.02
4327,2327.4124,154.0983,2411.8722,1934.4799,0.00,0.04
2962,2427.2480,1.5878,2430.2233,2425.2687,0.00,0.04
4328,2408.3306,1.9207,2411.5705,2405.0251,0.00,0.04
2963,2326.4284,456.0318,2457.7254,560.4103,0.00,0.02
4329,2231.6448,386.5026,2439.0149,1361.2743,0.00,0.03
2964,2434.0930,3.8654,2444.2179,2428.1512,0.00,0.03
4330,2245.5209,256.4986,2411.1346,1688.1945,0.00,0.04
2965,1461.6330,951.5926,2462.1496,102.2423,0.00,0.01
4331,2378.6439,65.3282,2405.1920,2146.2751,0.00,0.04
2966,1915.7704,829.3433,2449.7402,112.2509,0.00,0.02
4332,2229.4261,337.3942,2405.8601,991.6629,0.00,0.04
2967,2430.7975,5.5218,2445.7295,2423.6569,0.00,0.03
2968,1743.7507,906.6125,2449.2597,310.1748,0.00,0.02
4333,2376.1752,82.4626,2407.2426,2094.8515,0.00,0.04
2969,2430.2594,2.6291,2435.8284,2425.9635,0.00,0.04
4334,2395.2102,42.6662,2408.7313,2230.0204,0.00,0.04
2970,1604.9807,971.3100,2459.6903,87.1862,0.00,0.02
4335,2309.6399,258.4214,2406.2290,1372.7472,0.00,0.04
2971,2166.1690,595.0090,2449.1303,647.1146,0.00,0.02
4336,2358.2645,136.2248,2406.6096,1872.5858,0.00,0.04
2972,2425.9852,1.8822,2431.9826,2423.8344,0.00,0.04
4337,2391.1620,59.5666,2411.6888,2160.6355,0.00,0.04
2973,1928.9938,904.3146,2450.9982,67.1230,0.00,0.02
4338,2280.7823,259.1926,2410.5433,1722.0313,0.00,0.04
2974,2427.9290,2.4786,2435.5126,2425.1844,0.00,0.04
4339,2295.4317,352.2881,2410.9188,961.6126,0.00,0.04
2975,2318.1732,313.8453,2451.2099,1325.4604,0.00,0.02
4340,2388.0224,64.4673,2406.9864,2138.5312,0.00,0.04
2976,2435.5766,4.7642,2447.1839,2426.5841,0.00,0.03
4341,2303.4764,167.4358,2407.4058,1799.1874,0.00,0.04
2977,1672.0148,913.2279,2455.9399,132.0524,0.00,0.01
4342,2347.6494,107.3179,2405.4926,2074.2114,0.00,0.04
2978,2441.6105,6.3742,2454.3947,2434.0368,0.00,0.03
2979,2014.1026,699.3950,2452.4954,409.2797,0.00,0.02
4343,2357.0345,96.3285,2409.2318,2060.1361,0.00,0.04
2980,2431.1967,4.2258,2438.9299,2426.1072,0.00,0.03
4344,2394.2554,52.1835,2411.9860,2192.2543,0.00,0.04
2981,1691.8948,857.7273,2455.3583,87.3038,0.00,0.01
4345,2400.9449,25.7466,2419.6473,2302.8346,0.00,0.04
2982,2245.2524,513.7821,2454.7753,834.2177,0.00,0.03
4346,2334.9613,212.9548,2433.4324,1707.0930,0.00,0.03
2983,2428.4894,2.0489,2434.7422,2426.2792,0.00,0.04
4347,2413.2904,5.8801,2426.5572,2406.9098,0.00,0.03
2984,2349.4219,368.0282,2455.0901,924.2399,0.00,0.02
4348,2226.6869,592.7477,2453.4081,310.2800,0.00,0.02
2985,2435.5425,5.0585,2445.2310,2427.2923,0.00,0.03
4349,2429.4142,2.8197,2436.5129,2425.8003,0.00,0.04
2986,1768.3585,943.4216,2454.0887,97.2907,0.00,0.02
4350,2130.2376,722.6564,2470.3552,111.5958,0.00,0.02
2987,2285.0078,567.1683,2439.9498,88.4433,0.00,0.03
4351,2338.4502,193.7576,2436.0426,1675.8397,0.00,0.03
2988,2427.7867,2.2389,2435.0601,2425.1783,0.00,0.04
4352,2390.9425,180.6751,2469.2375,1693.7860,0.00,0.02
2989,1913.0896,913.6952,2459.2234,227.6672,0.00,0.02
4353,1989.0525,836.4542,2470.6330,82.3684,0.00,0.01
2990,2434.0652,5.3196,2446.8319,2427.9744,0.00,0.03
4354,2393.9280,135.5612,2460.1501,1872.2982,0.00,0.03
2991,1505.6440,1046.2757,2453.9437,87.2664,0.00,0.02
4355,1760.3294,876.2791,2466.3345,106.5614,0.00,0.01
2992,2252.4027,582.3913,2450.1777,102.3444,0.00,0.02
4356,2410.8728,143.1861,2468.8936,1857.1051,0.00,0.02
2993,2431.1347,2.9697,2437.3821,2427.5988,0.00,0.03
2994,1210.4676,743.8610,2458.9944,87.2960,0.00,0.01
4357,2435.4639,4.6069,2446.8711,2427.7802,0.00,0.03
2995,1752.9846,843.8196,2449.2839,87.4016,0.00,0.02
4358,2158.5232,735.2378,2458.3513,117.3033,0.00,0.02
2996,2428.6512,1.7685,2431.9122,2426.2760,0.00,0.04
4359,2412.5217,2.4346,2417.8105,2408.0017,0.00,0.04
2997,885.8545,824.3615,2445.6385,87.2694,0.00,0.01
4360,2297.2733,462.0830,2470.3401,552.5649,0.00,0.02
2998,2432.2151,14.9634,2449.7925,2378.5112,0.00,0.03
4361,2285.3063,240.9330,2450.6488,1700.5555,0.00,0.03
2999,2431.2892,3.4390,2440.9459,2427.1186,0.00,0.03
3000,972.1410,811.8005,2458.3079,87.2716,0.00,0.01
4362,2291.8953,347.0197,2418.7340,1057.0171,0.00,0.04
3001,1700.4930,927.7120,2455.8509,87.1843,0.00,0.02
4363,2407.3059,1.0423,2409.1365,2405.6811,0.00,0.04
3002,2429.7772,2.1470,2435.0081,2426.6733,0.00,0.04
4364,2143.1207,729.1338,2458.9419,107.4026,0.00,0.02
3003,1918.7455,668.9661,2454.4199,92.3256,0.00,0.02
4365,2372.4445,128.3154,2412.3195,1875.7524,0.00,0.04
3004,2432.5291,2.0503,2435.8716,2429.3842,0.00,0.03
4366,2326.2907,193.4544,2408.5423,1609.3142,0.03,0.04
3005,2072.7539,657.9673,2461.7437,97.0810,0.00,0.02
4367,2280.4341,129.4511,2402.7005,1973.7314,0.04,0.04
3006,2432.9798,3.1354,2439.1747,2427.9080,0.00,0.03
4368,2376.5909,65.5350,2405.7583,2198.5591,0.00,0.04
3007,1856.1624,891.9869,2451.8444,87.4262,0.00,0.02
3008,2177.1824,670.1110,2450.0523,92.1687,0.00,0.02
4369,2391.7254,42.4898,2411.2800,2228.6109,0.00,0.04
3009,2287.8718,569.4916,2451.3025,82.3784,0.00,0.03
4370,2391.7458,16.6767,2411.5328,2357.2418,0.00,0.04
3010,2426.3648,0.8815,2428.9799,2425.3552,0.00,0.04
4371,2409.0255,1.8476,2412.0939,2406.2510,0.00,0.04
3011,2439.4518,8.8818,2451.2124,2415.4316,0.00,0.03
4372,2392.5855,70.4993,2412.1145,2119.5902,0.00,0.04
3012,1720.2991,963.6284,2453.8224,87.2195,0.00,0.02
4373,2313.2033,197.3025,2412.0701,1669.1506,0.00,0.04
3013,2415.4097,51.1544,2451.0223,2285.2068,0.00,0.03
4374,2382.0651,98.6686,2411.9009,1999.9955,0.00,0.04
3014,2428.7938,2.1376,2434.0045,2426.0503,0.00,0.04
4375,2353.0159,106.3985,2411.0021,2072.1802,0.00,0.04
3015,1533.5609,987.5780,2449.9396,87.2659,0.00,0.02
4376,2392.2999,52.8256,2414.3009,2188.8386,0.00,0.04
3016,2431.2652,25.2018,2452.2076,2361.0618,0.00,0.03
4377,2235.1854,153.7741,2410.5802,1856.4997,0.00,0.04
3017,2431.1587,2.1326,2434.6517,2427.7519,0.00,0.03
4378,2305.5427,159.5438,2413.5800,1960.3619,0.00,0.04
3018,2137.2568,664.9472,2448.6077,-42.5527,0.00,0.03
3019,1358.6311,1116.6027,2445.3641,-40.2699,0.03,0.03
4379,2382.9351,107.4448,2413.6766,1966.8674,0.00,0.04
3020,2107.9457,815.3381,2445.3086,-52.2795,0.00,0.03
4380,2390.0758,79.5361,2413.4374,2082.1089,0.00,0.04
3021,2433.7445,4.2702,2440.8954,2427.3052,0.00,0.03
4381,2358.3923,118.2658,2412.4676,1986.4411,0.00,0.04
3022,2058.4626,618.8653,2382.5615,195.8179,0.00,0.03
4382,2362.7989,81.8400,2412.7951,2173.6092,0.00,0.04
3023,1994.9106,786.2139,2384.1752,97.4302,0.00,0.03
4383,2358.4597,137.3433,2410.4010,1913.8680,0.00,0.04
3024,1275.2570,1106.0574,2404.5852,82.3440,0.00,0.02
3025,1046.6185,1169.6486,2376.9355,-27.1893,0.00,0.04
4384,2362.9638,125.3768,2412.0408,2010.1415,0.00,0.04
3026,1955.3681,888.7370,2406.0706,87.2703,0.00,0.03
4385,2394.1179,59.4520,2411.7717,2163.9041,0.00,0.04
3027,2374.2522,1.3139,2377.1068,2372.0376,0.00,0.04
4386,2271.3383,396.4379,2411.4273,764.3303,0.00,0.04
3028,2254.4423,499.4660,2392.0071,320.1081,0.00,0.03
4387,2409.3444,1.8783,2412.1866,2405.2186,0.00,0.04
3029,2088.1237,778.1573,2395.9448,-22.3670,0.00,0.03
4388,2323.3801,234.0266,2411.6112,1530.7883,0.00,0.04
3030,2009.1178,778.5254,2386.0742,81.8499,0.00,0.03
4389,2290.8354,424.9763,2413.9457,651.7345,0.00,0.04
3031,2376.1203,0.8091,2377.4732,2374.2813,0.00,0.04
4390,2242.2473,408.3835,2414.1255,763.9286,0.00,0.04
3032,2243.4470,521.3084,2380.8275,224.4339,0.00,0.04
4391,2273.8087,161.9025,2413.6459,1994.0119,0.00,0.04
3033,2378.4301,4.5499,2387.5352,2369.1645,0.00,0.04
3034,933.0951,995.2886,2400.3889,72.9102,0.00,0.02
4392,2356.7024,150.6861,2412.7364,1848.8738,0.00,0.04
3035,1397.4967,1019.9669,2404.0868,116.4790,0.00,0.02
4393,2278.6579,397.9166,2414.2854,764.3595,0.00,0.04
3036,2089.7582,764.6509,2406.1556,56.6167,0.00,0.04
3037,578.1772,1035.0443,2371.5145,-50.5418,0.01,0.03
4394,2341.5215,177.6208,2413.4329,1688.2573,0.00,0.04
3038,1661.8588,1060.3988,2387.1615,-38.1961,0.00,0.03
4395,2405.7119,0.6855,2406.9899,2404.5455,0.00,0.04
3039,2374.8258,6.2975,2381.9040,2355.8811,0.00,0.04
4396,2324.4066,321.4595,2408.5622,1079.4027,0.00,0.04
3040,2380.3757,4.1528,2390.8410,2374.6297,0.00,0.04
4397,2386.0025,58.3000,2410.1267,2197.6635,0.00,0.04
3041,1354.8662,1037.5890,2388.8021,81.6288,0.00,0.03
4398,2405.9490,0.9610,2407.6601,2404.7694,0.00,0.04
3042,2250.4012,514.4569,2405.9012,258.0708,0.08,0.04
4399,2311.6387,383.3660,2415.2104,826.9118,0.00,0.04
3043,2380.4397,3.1191,2388.5464,2378.2742,0.00,0.04
4400,2331.5038,206.0881,2413.7168,1690.4192,0.00,0.04
3044,2408.2585,23.2306,2432.0734,2378.6599,0.00,0.04
4401,2126.8503,491.3029,2408.5838,747.1610,0.00,0.04
3045,2427.0440,1.1509,2429.5218,2425.4886,0.00,0.04
4402,2234.5261,224.5533,2408.8416,1889.4944,0.00,0.04
3046,2148.6215,771.8628,2455.0960,87.2483,0.00,0.02
4403,2359.9703,122.9211,2408.1770,1913.3959,0.00,0.04
3047,2435.3513,5.0024,2445.6321,2428.0177,0.00,0.03
4404,2391.3659,71.7812,2413.1531,2113.4310,0.00,0.04
3048,1948.6568,779.3362,2416.4554,87.1383,0.00,0.03
4405,2332.3346,163.2679,2413.9633,1870.2906,0.00,0.04
3049,2242.9092,536.8621,2407.2983,163.8327,0.00,0.04
3050,2099.4710,774.5722,2429.4859,48.4801,0.00,0.04
4406,2365.3849,129.7008,2412.0658,1884.0980,0.00,0.04
3051,2394.0104,23.7254,2438.0483,2376.8473,0.00,0.03
4407,2405.4765,6.0576,2414.4625,2384.7500,0.00,0.04
3052,1905.3024,924.0780,2453.8629,180.9056,0.00,0.03
4408,2400.8421,25.3704,2410.8955,2302.7816,0.00,0.04
3053,2420.2558,14.0555,2427.6843,2382.0470,0.00,0.04
4409,2377.6487,115.3190,2413.8897,1931.1314,0.00,0.04
3054,2425.3343,1.1132,2428.6363,2423.7977,0.00,0.04
4410,2398.6732,30.9293,2408.0951,2278.9530,0.00,0.04
3055,2299.9360,529.3879,2443.5328,249.6782,0.00,0.03
4411,2399.9659,30.0098,2410.9661,2283.9415,0.00,0.04
3056,2428.0147,1.7508,2431.6871,2425.8054,0.00,0.04
4412,2406.3094,2.0460,2410.4389,2402.9676,0.01,0.04
3057,984.6963,988.4751,2445.6874,181.3697,0.00,0.02
4413,2405.2014,4.8791,2410.6092,2391.9491,0.00,0.04
3058,2426.1098,1.2756,2429.2952,2424.2696,0.00,0.04
3059,1922.2626,917.9289,2447.0428,57.1589,0.00,0.02
4414,2407.5917,2.0134,2410.6399,2404.8631,0.00,0.04
3060,2426.1176,2.0889,2431.2858,2423.9623,0.00,0.04
4415,2377.2440,125.6519,2412.7764,1890.6522,0.00,0.04
3061,2434.4799,5.6035,2450.9981,2427.3168,0.00,0.03
4416,2410.8448,1.8198,2415.1571,2406.8412,0.00,0.04
3062,1284.9015,1060.8202,2458.6982,96.9717,0.00,0.01
4417,2372.3882,137.4118,2442.8206,1891.4431,0.00,0.03
3063,1952.7236,806.9314,2456.5076,106.7025,0.00,0.02
4418,2098.0230,777.9804,2456.1418,82.2105,0.00,0.02
3064,2427.7229,1.3065,2429.9158,2426.0338,0.00,0.04
4419,2314.7666,318.9215,2440.5721,1138.7973,0.00,0.03
3065,2021.2168,884.5049,2456.1662,101.8687,0.00,0.02
4420,2138.1768,730.2963,2422.9724,189.4057,0.00,0.04
3066,2321.7783,411.2387,2436.8911,729.0911,0.00,0.04
4421,2420.3675,9.8652,2446.1991,2411.1062,0.00,0.03
3067,2425.8443,0.4838,2427.2678,2425.2810,0.00,0.04
4422,2444.4881,6.0191,2453.9216,2433.7286,0.00,0.02
3068,2434.2342,4.4530,2446.1778,2427.9952,0.00,0.03
4423,2440.4446,12.7126,2462.4169,2415.2081,0.00,0.02
3069,1699.7409,780.8999,2462.8497,568.9562,0.00,0.01
3070,1695.5763,999.9610,2462.6752,196.2395,0.00,0.02
4424,2222.7854,569.7180,2449.6146,547.9049,0.00,0.03
3071,2427.2735,3.4317,2439.1765,2424.8092,0.00,0.04
4425,2422.7440,5.7651,2427.3118,2401.9169,0.00,0.04
3072,1762.2550,1006.8371,2449.4384,186.7429,0.00,0.02
4426,2434.9386,4.9595,2447.9392,2426.8933,0.00,0.03
3073,2278.3607,575.7642,2432.3333,48.4537,0.00,0.04
4427,2236.3367,552.7936,2464.0769,516.7519,0.00,0.02
3074,2429.2030,2.8321,2436.7199,2425.7271,0.00,0.03
4428,2317.8773,298.6197,2428.9130,1210.3760,0.00,0.03
3075,916.2769,886.4261,2458.4704,306.2676,0.00,0.02
4429,2352.1450,188.7151,2434.7445,1641.6753,0.00,0.04
3076,2099.1231,690.1547,2464.5936,201.3922,0.00,0.02
3077,1832.6026,1027.4682,2442.4551,48.4556,0.00,0.03
4430,2391.6972,76.0950,2417.6245,2097.4318,0.00,0.04
3078,2056.4655,796.7263,2447.3879,216.1442,0.00,0.03
4431,2293.3680,258.5241,2417.0644,1653.4557,0.00,0.04
3079,2425.5083,1.9642,2430.1648,2421.8283,0.00,0.04
4432,2305.3317,203.1696,2413.5798,1714.6836,0.00,0.04
3080,1901.5142,932.7084,2460.4848,196.8157,0.00,0.03
4433,2184.4591,436.4622,2414.5424,907.7580,0.00,0.04
3081,2406.9811,23.6875,2426.3540,2375.5974,0.00,0.04
4434,2228.9570,200.3615,2415.6918,1847.1583,0.00,0.04
3082,2426.0874,1.0304,2428.4068,2424.8324,0.00,0.04
4435,2218.2410,414.9126,2412.5826,706.9307,0.10,0.04
3083,2236.3541,562.3215,2440.3393,244.5315,0.00,0.03
4436,2238.1437,440.2721,2415.8875,608.2796,0.00,0.04
3084,2425.3658,1.0315,2427.7555,2424.0528,0.00,0.04
4437,2133.4028,459.2918,2425.5873,960.1263,0.00,0.03
3085,2210.9069,586.7377,2442.2004,550.0507,0.00,0.03
4438,2391.4861,70.9609,2414.3171,2116.9069,0.03,0.04
3086,2428.7964,4.4479,2444.0906,2424.9301,0.00,0.03
4439,2182.8367,538.1673,2413.7893,767.5358,0.00,0.04
3087,1305.9178,1038.5260,2468.0300,101.8187,0.00,0.01
3088,1169.9505,1028.8755,2465.7839,101.7551,0.00,0.01
4440,2367.8356,167.2051,2415.7179,1720.3021,0.00,0.04
4441,1488.5543,1029.4143,2412.5754,184.2581,0.00,0.04
3089,2300.5778,567.6616,2454.1238,102.1246,0.00,0.02
4442,2362.7676,102.9438,2418.0561,2093.9675,0.01,0.04
3090,2435.6600,6.8933,2451.9419,2427.5212,0.00,0.03
4443,2376.1482,72.6973,2413.6069,2167.7007,0.03,0.04
3091,2302.7485,490.5782,2445.9974,404.0364,0.00,0.03
4444,2365.4438,98.4211,2413.8142,2076.4898,0.00,0.04
3092,2108.4399,771.8015,2434.7853,67.4019,0.00,0.04
4445,2366.9075,98.6961,2416.0431,2089.3159,0.00,0.04
3093,2424.4019,18.8642,2444.2812,2376.2577,0.00,0.03
4446,2410.7331,3.5290,2419.1929,2405.3909,0.00,0.04
3094,2429.7317,3.5895,2439.7629,2426.4743,0.00,0.03
3095,987.4205,779.0093,2472.3702,106.7172,0.00,0.01
4447,2377.7385,125.0132,2434.4360,1945.6284,0.00,0.03
3096,1355.0638,974.5132,2463.4144,240.3293,0.00,0.02
3097,1108.4443,839.6570,2464.1016,111.7555,0.00,0.01
4448,2324.6871,348.7725,2417.7912,973.9106,0.00,0.03
3098,1192.5606,978.6226,2471.3238,87.1307,0.00,0.02
4449,2329.2467,325.3595,2426.3374,1069.5477,0.04,0.03
3099,2436.3874,4.8335,2448.1082,2431.0695,0.00,0.03
3100,1055.9714,955.5173,2471.2838,87.2030,0.00,0.01
4450,2366.9956,236.1986,2454.5052,1454.4094,0.00,0.03
3101,1980.1986,826.2491,2451.7145,87.1306,0.00,0.02
4451,2239.3364,539.3328,2470.3486,494.7338,0.00,0.02
3102,2426.6750,2.3958,2430.5310,2419.1788,0.00,0.04
4452,2415.7529,3.7521,2424.2482,2412.1555,0.00,0.03
3103,2431.5374,3.0712,2438.4685,2426.6293,0.00,0.03
4453,1833.9145,926.6426,2471.4891,106.7570,0.00,0.02
3104,918.1828,791.0782,2457.0124,184.0680,0.00,0.02
4454,1749.5776,939.8179,2472.2389,92.0949,0.00,0.01
3105,1982.6166,694.5418,2451.0689,655.2641,0.00,0.03
4455,1912.9639,812.9108,2471.5360,101.8739,0.00,0.02
3106,2437.9182,5.1256,2450.9184,2432.0355,0.00,0.03
3107,1002.4346,732.7145,2471.1391,132.0518,0.00,0.01
4456,2322.5850,238.2722,2415.1648,1613.1300,0.00,0.04
3108,1478.8326,991.3780,2471.7376,87.2767,0.00,0.02
4457,2258.7911,362.0550,2413.5491,1205.7857,0.00,0.04
3109,2438.7780,6.6100,2458.2537,2429.2019,0.00,0.03
4458,2259.9731,303.2947,2416.2171,1342.0233,0.03,0.04
3110,1277.2410,911.1140,2406.6896,266.4281,0.00,0.03
3111,1630.2212,949.8899,2455.2824,87.1798,0.00,0.02
4459,2345.7167,138.8625,2417.3567,1869.4096,0.00,0.04
4460,2313.0158,184.0579,2415.3738,1799.1801,0.00,0.04
3112,2434.0233,5.9783,2449.1467,2427.8635,0.00,0.03
3113,1469.5906,874.1318,2416.3736,314.7467,0.00,0.03
4461,2383.6209,100.6638,2414.4276,1993.8761,0.00,0.04
3114,1466.6430,980.7592,2457.2451,87.2280,0.00,0.02
4462,2328.0512,254.7628,2414.2644,1355.6023,0.00,0.04
3115,2039.3518,849.2742,2457.4631,97.0809,0.00,0.02
4463,2271.4323,400.2329,2415.8164,768.3304,0.00,0.04
3116,2431.5884,4.1358,2445.8751,2426.9010,0.00,0.03
3117,1227.1184,964.5973,2471.7879,92.1584,0.00,0.01
4464,2103.8529,436.3597,2416.5543,742.4585,0.00,0.04
3118,2441.8039,6.2957,2455.9027,2429.3719,0.00,0.03
4465,2264.4444,284.2961,2415.4265,1419.9485,0.01,0.04
3119,1048.4678,811.9672,2444.6064,144.3046,0.00,0.03
4466,2247.3956,412.1767,2446.7673,916.8190,0.00,0.03
3120,1219.4413,851.1242,2437.9077,87.2568,0.00,0.03
4467,2252.2370,314.8294,2470.8971,1434.9132,0.00,0.03
3121,2285.5856,507.3455,2442.3774,323.2818,0.00,0.03
3122,1289.2963,1128.1470,2426.9804,86.4705,0.00,0.04
4468,2178.8051,518.8650,2448.3485,947.9725,0.00,0.03
3123,2274.2465,599.4857,2435.6075,-47.5172,0.00,0.03
4469,1837.0149,629.7633,2449.3864,208.1071,0.00,0.03
3124,2186.9849,649.6114,2439.6827,301.4679,0.00,0.03
4470,2200.4700,258.6109,2417.0003,1793.0422,0.00,0.04
3125,2426.2308,1.5632,2430.1347,2424.2798,0.00,0.04
4471,2155.1031,406.4727,2414.4294,750.2130,0.00,0.04
3126,1336.8991,960.7406,2442.5922,190.7147,0.00,0.02
4472,2326.2060,193.2334,2410.1032,1700.3366,0.00,0.04
3127,1489.1827,1072.4491,2438.9551,170.3761,0.00,0.03
4473,2236.9573,213.4694,2411.2470,1812.9146,0.00,0.04
3128,2294.8996,439.9102,2433.9746,616.4266,0.00,0.03
4474,2211.3650,318.0542,2461.4636,1486.8881,0.00,0.03
3129,2422.9245,1.9684,2426.3993,2418.7098,0.00,0.04
4475,2233.8216,280.5497,2471.1957,1758.5130,0.00,0.03
3130,2085.3027,679.6853,2458.9169,254.8262,0.01,0.03
4476,2055.8895,613.5265,2471.8308,340.0256,0.00,0.02
3131,2426.0541,2.7748,2433.3980,2420.3712,0.00,0.04
4477,1692.8839,832.9999,2470.7092,92.1611,0.00,0.02
3132,938.6928,784.6066,2464.1550,87.2009,0.00,0.01
3133,1383.0133,863.9594,2461.2877,82.3289,0.00,0.01
4478,2159.0143,616.3518,2471.0808,92.1189,0.00,0.02
3134,1710.2155,905.7304,2459.1441,251.0546,0.08,0.02
4479,2093.4661,640.3107,2455.4118,132.0541,0.00,0.03
3135,2259.4260,562.9075,2441.7809,81.7541,0.00,0.03
3136,2290.8408,471.5042,2446.7207,468.0356,0.00,0.03
4480,2326.5047,179.3248,2410.6181,1764.3519,0.00,0.04
3137,2409.8563,25.5572,2435.8528,2376.2913,0.00,0.04
4481,2296.3290,280.9517,2442.6028,1364.5862,0.01,0.03
4482,2114.4527,667.8536,2456.4009,106.1479,0.00,0.02
3138,2428.5181,2.9479,2435.9838,2424.1579,0.00,0.04
3139,1819.9588,893.6443,2461.0359,102.1557,0.00,0.02
4483,2337.4911,114.7159,2407.9628,2051.9825,0.00,0.04
3140,2436.6351,6.0014,2447.3607,2427.8975,0.00,0.03
4484,2387.4096,95.3769,2430.2567,2019.9707,0.00,0.03
3141,1458.8622,997.0869,2464.9342,231.2316,0.00,0.02
4485,2375.9693,142.2751,2438.0361,1825.7022,0.00,0.03
3142,2431.3118,4.2785,2444.4638,2426.0331,0.00,0.03
4486,2398.9212,39.8485,2419.1682,2245.6032,0.00,0.04
3143,1419.4274,1051.3744,2466.6272,82.3184,0.00,0.01
4487,2418.0036,17.3518,2458.2144,2404.1895,0.00,0.03
3144,2241.3528,536.6897,2453.1422,649.6290,0.00,0.02
4488,2444.4020,6.9597,2456.8510,2432.8586,0.00,0.02
3145,2428.1806,1.1743,2430.8990,2426.5817,0.00,0.04
4489,2405.0730,59.9545,2455.3486,2181.1362,0.00,0.03
3146,2441.6511,7.9412,2456.3682,2430.6814,0.00,0.03
3147,1950.2673,817.8420,2446.8666,205.7413,0.00,0.02
4490,2196.4458,625.2560,2459.4607,106.2955,0.00,0.02
4491,2329.6359,358.2767,2437.3733,942.4530,0.00,0.03
3148,2428.0213,2.5098,2433.2621,2424.5492,0.00,0.04
3149,1675.6244,1019.7106,2467.8803,205.9209,0.00,0.02
4492,2408.6711,8.7859,2426.8699,2400.2916,0.00,0.04
3150,1327.4114,926.4712,2459.0636,200.7916,0.00,0.02
4493,2419.9174,7.1151,2428.6979,2402.3712,0.00,0.04
3151,2429.7412,1.8554,2433.2287,2426.3975,0.00,0.03
3152,1460.1154,895.5940,2466.8360,322.0855,0.00,0.02
4494,2278.4539,524.6525,2429.7604,246.9094,0.00,0.04
3153,1662.3284,944.4660,2439.0421,87.1576,0.00,0.03
4495,2283.4495,496.5744,2420.7558,360.3279,0.00,0.04
3154,2143.7934,736.6897,2433.3957,86.4444,0.00,0.03
4496,2396.7685,41.6317,2420.2645,2240.2914,0.00,0.04
3155,1163.6396,962.5839,2445.1227,220.4605,0.00,0.02
4497,2331.3219,354.0945,2441.1121,960.3177,0.00,0.04
3156,2426.4660,5.1350,2433.3291,2409.0927,0.00,0.04
3157,1358.5131,899.6055,2459.4542,253.4821,0.00,0.02
4498,2391.5768,109.1008,2425.1919,1969.2933,0.00,0.04
3158,2331.5731,399.8643,2443.7804,782.9647,0.00,0.03
4499,2423.3373,3.5195,2427.3943,2414.9657,0.00,0.04
3159,2272.4725,559.9754,2426.1214,104.8331,0.00,0.04
4500,2355.3734,284.6109,2441.8274,1253.3015,0.00,0.03
3160,2425.5474,1.8811,2428.5690,2421.2900,0.00,0.04
4501,2422.3668,4.5807,2427.6560,2409.5559,0.00,0.04
3161,1951.8459,843.2509,2447.8532,312.5016,0.00,0.03
4502,2425.6358,9.7319,2443.5647,2396.9868,0.00,0.03
3162,2422.8800,1.4664,2427.1596,2421.1017,0.00,0.04
4503,2193.3021,609.9987,2457.5967,122.1578,0.00,0.02
3163,1539.0955,881.0752,2465.4411,336.8595,0.00,0.02
4504,2261.3929,486.0861,2455.3334,923.1299,0.00,0.02
3164,2215.5213,472.5883,2462.0918,666.3851,0.00,0.03
4505,2205.6299,646.4297,2469.5608,435.0979,0.00,0.01
3165,2418.4331,5.4396,2425.5080,2404.9827,0.00,0.04
4506,2225.7373,489.3499,2453.2919,900.8945,0.00,0.03
3166,2427.6323,2.1433,2433.8781,2424.8021,0.00,0.04
4507,2220.6255,410.4960,2441.3188,932.9947,0.00,0.03
3167,1497.9569,1041.9126,2464.8839,82.3519,0.00,0.02
3168,2230.7977,584.5656,2452.0371,230.9179,0.00,0.02
4508,2421.3487,6.3058,2429.1658,2408.1335,0.00,0.04
3169,2427.1811,2.5682,2433.8871,2423.4096,0.00,0.04
4509,2425.4815,25.2904,2442.3492,2331.5511,0.00,0.03
3170,1191.0659,943.3943,2458.2892,87.2833,0.00,0.01
4510,2431.4102,5.1575,2439.3096,2422.8183,0.00,0.03
3171,2321.1417,474.0862,2458.0795,485.2151,0.00,0.02
4511,2119.7740,722.9318,2470.2686,97.0794,0.00,0.02
3172,2432.4472,6.0877,2454.8392,2428.8693,0.00,0.03
4512,2347.3698,336.3830,2456.0285,1045.3087,0.00,0.02
3173,961.1489,820.2339,2457.2564,87.2897,0.00,0.01
3174,2055.6284,769.5794,2456.4206,87.2787,0.00,0.02
4513,2295.5691,196.2172,2429.0635,1784.8167,0.00,0.03
3175,2432.3101,4.2836,2443.0578,2427.3726,0.00,0.03
4514,2386.7153,92.7046,2439.1514,2133.2360,0.00,0.03
3176,1458.2762,911.4201,2462.0668,97.2120,0.00,0.01
3177,1340.3708,1002.5504,2459.4884,87.1388,0.00,0.01
4515,2426.1206,3.4442,2430.8146,2416.8961,0.00,0.03
3178,2321.5450,476.7687,2455.9580,475.2273,0.00,0.02
4516,2077.0009,624.6367,2470.2571,101.7425,0.00,0.03
3179,2313.3656,473.3840,2447.6587,480.1581,0.00,0.03
4517,2320.1816,190.9166,2429.4518,1797.9281,0.00,0.04
3180,2426.6697,1.0520,2428.5619,2425.3692,0.00,0.04
4518,2425.3402,5.3453,2437.1013,2412.0401,0.00,0.03
3181,1512.4405,988.2491,2457.6604,82.3065,0.00,0.01
3182,2435.5813,5.2927,2446.6411,2428.6433,0.00,0.03
4519,2210.4766,641.7999,2458.4469,112.2499,0.00,0.02
3183,1719.2762,950.7433,2470.9603,262.3946,0.00,0.01
4520,2390.6653,189.4210,2458.6471,1658.2217,0.00,0.02
3184,1946.2656,880.9593,2461.9785,92.1616,0.00,0.02
4521,2433.9986,9.4477,2448.4491,2408.4416,0.00,0.03
3185,2435.5709,6.8681,2452.1180,2427.5519,0.00,0.03
3186,1108.1038,1041.5025,2460.0983,193.7556,0.00,0.02
4522,2435.8759,5.9440,2450.3015,2429.4756,0.00,0.03
3187,2083.0230,747.9779,2451.5643,421.5271,0.00,0.02
4523,2128.6806,513.4750,2455.1215,978.6738,0.00,0.03
3188,2430.1225,3.4269,2435.9993,2424.5731,0.00,0.03
4524,1802.9240,796.9910,2469.4854,136.9976,0.00,0.02
3189,1522.1736,1035.4148,2458.2392,87.2165,0.00,0.01
4525,2163.9984,508.5824,2466.8742,989.9458,0.00,0.01
3190,2438.5913,7.1217,2452.4550,2429.5087,0.00,0.03
4526,2313.5422,509.7721,2457.6333,339.3694,0.00,0.02
3191,2196.5804,646.6417,2457.5421,328.7042,0.00,0.02
4527,2431.4606,8.5452,2442.6093,2405.5701,0.00,0.03
3192,2425.6309,1.9263,2428.5396,2422.0623,0.00,0.04
4528,2306.8591,566.7025,2469.4132,112.2504,0.00,0.02
3193,2185.9014,691.6668,2460.2660,328.8945,0.00,0.02
4529,2396.4567,171.5892,2458.5211,1733.3158,0.00,0.03
3194,2309.3132,492.1578,2448.8701,403.3379,0.00,0.03
4530,2435.0319,5.6794,2447.6971,2428.5526,0.00,0.03
3195,2425.6943,2.4503,2431.1229,2421.6671,0.00,0.04
4531,1781.3503,762.6473,2465.7057,112.2595,0.00,0.02
3196,1491.5265,1020.3231,2456.3587,61.8513,0.00,0.02
4532,1962.2278,490.8070,2452.6102,960.4215,0.00,0.03
3197,1776.1966,910.4952,2448.6504,393.1332,0.00,0.02
4533,2407.7856,0.6007,2408.9919,2406.7029,0.00,0.04
3198,2429.4136,3.2397,2438.0341,2425.6570,0.00,0.03
4534,2091.8049,374.2545,2464.0489,1145.7878,0.00,0.03
3199,1710.6119,868.4066,2460.4499,92.1380,0.00,0.01
3200,980.7733,911.4304,2459.6923,77.3398,0.00,0.01
4535,2267.8851,276.0557,2459.4566,1589.7605,0.00,0.03
3201,2190.2532,659.7378,2454.7038,427.5011,0.00,0.02
4536,2108.1367,414.5950,2470.4397,1142.0553,0.00,0.03
3202,2424.5757,4.7049,2440.0270,2419.6281,0.00,0.03
4537,2289.2823,264.3273,2446.9000,1557.7072,0.00,0.03
3203,1835.3053,844.0959,2460.0347,77.3962,0.00,0.02
4538,2209.2840,607.9628,2435.0218,107.3073,0.00,0.03
3204,2431.9226,3.6244,2436.2751,2424.0949,0.00,0.03
4539,2187.6375,635.3346,2425.4452,108.5204,0.00,0.04
3205,1472.2661,875.2450,2459.8547,72.4800,0.00,0.02
3206,1180.2910,931.5495,2461.8988,92.1603,0.00,0.01
4540,2154.2984,674.4016,2423.0565,370.0043,0.00,0.04
3207,2228.3053,609.9852,2456.9845,132.1051,0.00,0.02
4541,2272.9288,525.0896,2418.0322,239.3224,0.00,0.04
3208,2427.2319,5.5828,2436.4327,2413.5242,0.00,0.03
4542,2269.3340,526.6578,2420.1674,229.6713,0.00,0.04
3209,1702.1752,989.1594,2463.5832,82.2117,0.00,0.01
4543,2405.8329,5.1672,2418.4306,2400.9437,0.00,0.04
3210,1266.7093,1000.6731,2449.0111,82.0737,0.06,0.01
4544,2414.4173,10.7651,2424.9983,2400.7989,0.00,0.04
3211,2426.9132,4.4104,2436.4408,2418.4344,0.01,0.03
3212,1314.2276,844.0351,2457.3020,82.1809,0.00,0.01
4545,2424.9782,0.0389,2424.9990,2424.8969,0.00,0.04
3213,2088.8666,723.3280,2449.8232,438.0264,0.09,0.02
4546,2421.7695,8.0768,2424.9982,2398.9262,0.00,0.04
3214,2419.9654,3.3895,2426.2704,2413.5319,0.06,0.04
4547,2424.9868,0.0098,2424.9952,2424.9584,0.00,0.04
3215,2107.4891,615.5799,2448.9546,423.8548,0.04,0.02
4548,2424.9986,0.0007,2424.9996,2424.9970,0.00,0.04
3216,2423.9396,3.6589,2429.7713,2414.5545,0.06,0.04
4549,2424.9687,0.0463,2425.0000,2424.8998,0.00,0.04
3217,1521.1757,937.3508,2452.5635,310.1119,0.00,0.02
4550,2424.9999,0.0001,2425.0000,2424.9994,0.00,0.04
3218,2425.0340,2.5637,2431.2655,2421.4286,0.00,0.04
4551,2425.0000,0.0000,2425.0000,2425.0000,0.00,0.04
3219,2323.6100,456.4550,2456.8318,556.0191,0.00,0.02
4552,2425.0000,0.0000,2425.0000,2425.0000,0.00,0.04
3220,2432.3135,4.1729,2440.1216,2425.5229,0.00,0.03
3221,1967.2455,838.6219,2457.1875,305.2828,0.00,0.02
4553,2425.0000,0.0000,2425.0000,2425.0000,0.00,0.04
3222,2431.5776,3.8273,2443.3411,2426.9133,0.00,0.03
4554,2425.0000,0.0000,2425.0000,2425.0000,0.00,0.04
3223,1191.7043,996.6015,2462.7112,87.2328,0.00,0.01
3224,1530.5550,1053.6072,2457.2676,82.2535,0.00,0.02
4555,2425.0000,0.0000,2425.0000,2425.0000,0.00,0.04
3225,2431.7012,1.6769,2434.6053,2429.1358,0.00,0.03
4556,2425.0000,0.0000,2425.0000,2425.0000,0.00,0.04
3226,2175.9880,716.2726,2457.8667,82.3120,0.00,0.02
4557,2425.0000,0.0000,2425.0000,2425.0000,0.00,0.04
3227,2083.1234,688.4717,2436.9742,349.2131,0.00,0.05
4558,2425.0000,0.0000,2425.0000,2425.0000,0.00,0.04
3228,2432.8091,3.7676,2439.6204,2428.1131,0.00,0.03
4559,2425.0000,0.0000,2425.0000,2425.0000,0.00,0.04
3229,1336.5704,924.1307,2463.1782,87.1689,0.00,0.01
4560,2425.0000,0.0000,2425.0000,2425.0000,0.00,0.04
3230,2028.5912,796.5019,2453.0806,97.1356,0.00,0.02
4561,2425.0000,0.0000,2425.0000,2425.0000,0.00,0.04
3231,2426.9699,2.5850,2433.3204,2422.6999,0.00,0.04
4562,2425.0000,0.0000,2425.0000,2425.0000,0.00,0.04
3232,2142.9823,652.5330,2455.8133,472.3381,0.00,0.02
4563,2425.0000,0.0000,2425.0000,2425.0000,0.00,0.04
3233,2430.6552,3.8536,2437.9467,2426.2396,0.00,0.03
3234,1454.3305,934.9865,2457.6527,91.5419,0.00,0.01
4564,2425.0000,0.0000,2425.0000,2425.0000,0.00,0.04
3235,1367.6934,963.2219,2457.4665,87.0888,0.00,0.01
4565,2425.0000,0.0000,2425.0000,2425.0000,0.00,0.04
3236,2431.4204,3.0918,2437.6208,2427.2932,0.00,0.03
3237,1409.3053,975.2732,2471.6981,97.1867,0.00,0.01
4566,2425.0000,0.0000,2425.0000,2425.0000,0.00,0.04
3238,1726.1887,902.0943,2471.3468,87.2100,0.00,0.01
4567,2425.0000,0.0000,2425.0000,2425.0000,0.00,0.04
3239,2319.9142,478.9478,2454.6023,465.1339,0.00,0.02
4568,2425.0000,0.0000,2425.0000,2425.0000,0.00,0.04
3240,2433.7822,4.6464,2445.1357,2429.3419,0.00,0.03
4569,2425.0000,0.0000,2425.0000,2425.0000,0.00,0.04
3241,1185.1307,895.4195,2463.2690,87.1382,0.00,0.01
3242,1466.8362,1018.8976,2456.7227,87.1686,0.00,0.01
4570,2425.0000,0.0000,2425.0000,2425.0000,0.00,0.04
3243,1642.5435,1045.7124,2457.3327,92.1637,0.00,0.02
4571,2425.0000,0.0000,2425.0000,2425.0000,0.00,0.04
3244,2430.4839,2.5563,2434.9010,2426.4167,0.00,0.03
4572,2425.0000,0.0000,2425.0000,2425.0000,0.00,0.04
3245,1716.2301,979.4976,2458.0540,87.2321,0.00,0.01
4573,2425.0000,0.0000,2425.0000,2425.0000,0.00,0.04
3246,2323.1688,461.8340,2449.2020,534.5680,0.00,0.02
3247,2430.0654,2.4524,2437.2042,2427.0838,0.00,0.04
4574,2425.0000,0.0000,2425.0000,2425.0000,0.00,0.04
3248,1895.0148,897.8025,2471.7427,87.1859,0.00,0.01
4575,2425.0000,0.0000,2425.0000,2425.0000,0.00,0.04
3249,2438.0365,6.7752,2450.1875,2428.9391,0.00,0.03
4576,2425.0000,0.0000,2425.0000,2425.0000,0.00,0.04
3250,1999.9868,794.3282,2457.9374,393.2795,0.00,0.02
4577,2425.0000,0.0000,2425.0000,2425.0000,0.00,0.04
3251,2429.2543,2.8349,2436.6109,2425.4885,0.00,0.03
3252,875.6822,929.2580,2471.3754,87.1650,0.00,0.01
4578,2425.0000,0.0000,2425.0000,2425.0000,0.00,0.04
3253,1686.5360,991.4010,2445.9353,27.7176,0.22,0.03
4579,2425.0000,0.0000,2425.0000,2425.0000,0.00,0.04
3254,2425.9081,3.7366,2437.6686,2421.6532,0.01,0.04
4580,2425.0000,0.0000,2425.0000,2425.0000,0.00,0.04
3255,1781.6687,893.8786,2457.8683,87.2816,0.00,0.02
4581,2425.0000,0.0000,2425.0000,2425.0000,0.00,0.04
3256,2280.2843,584.5044,2438.5579,16.5506,0.00,0.03
4582,2425.0000,0.0000,2425.0000,2425.0000,0.00,0.04
3257,2432.3240,4.3717,2446.8533,2426.7881,0.00,0.03
3258,1744.1978,866.2382,2461.7993,146.7482,0.00,0.01
4583,2425.0000,0.0000,2425.0000,2425.0000,0.00,0.04
3259,2097.9016,734.1212,2464.4994,378.1306,0.00,0.02
4584,2425.0000,0.0000,2425.0000,2425.0000,0.00,0.04
3260,2129.2638,797.6272,2441.6233,6.8385,0.00,0.03
4585,2425.0000,0.0000,2425.0000,2425.0000,0.00,0.04
3261,2009.5536,888.9887,2444.7478,-31.9521,0.00,0.03
4586,2425.0000,0.0000,2425.0000,2425.0000,0.00,0.04
3262,2428.5630,2.8440,2434.2429,2424.8509,0.00,0.04
4587,2425.0000,0.0000,2425.0000,2425.0000,0.00,0.04
3263,1723.3807,946.3831,2471.6778,92.0286,0.00,0.01
4588,2425.0000,0.0000,2425.0000,2425.0000,0.00,0.04
3264,1882.9438,848.2560,2459.1265,367.5713,0.00,0.02
4589,2425.0000,0.0000,2425.0000,2425.0000,0.00,0.04
3265,2437.5064,5.9162,2450.8244,2427.2014,0.00,0.03
3266,1188.4909,899.9624,2464.6275,72.5073,0.16,0.02
4590,2425.0000,0.0000,2425.0000,2425.0000,0.00,0.04
3267,2292.2101,560.7501,2446.3363,120.5062,0.00,0.03
4591,2425.0000,0.0000,2425.0000,2425.0000,0.00,0.04
3268,2427.6475,1.5368,2431.8231,2425.7766,0.00,0.04
4592,2425.0000,0.0000,2425.0000,2425.0000,0.00,0.04
3269,1662.1786,948.8832,2455.7426,87.2733,0.00,0.02
4593,2425.0000,0.0000,2425.0000,2425.0000,0.00,0.04
3270,2428.8740,1.1360,2430.8481,2426.9977,0.00,0.04
4594,2425.0000,0.0000,2425.0000,2425.0000,0.00,0.04
3271,2294.9448,570.0477,2453.4964,87.2558,0.00,0.02
4595,2425.0000,0.0000,2425.0000,2425.0000,0.00,0.04
3272,2429.5876,1.9227,2434.9517,2427.2845,0.00,0.04
3273,1914.5707,932.4503,2463.9499,87.1959,0.00,0.02
4596,2425.0000,0.0000,2425.0000,2425.0000,0.00,0.04
3274,2436.8641,5.6839,2448.5125,2429.1136,0.00,0.03
4597,2425.0000,0.0000,2425.0000,2425.0000,0.00,0.04
3275,1455.9879,978.4798,2471.0391,-21.8449,0.00,0.01
4598,2425.0000,0.0000,2425.0000,2425.0000,0.00,0.04
3276,1425.1539,874.0505,2452.1863,112.2524,0.18,0.02
4599,2425.0000,0.0000,2425.0000,2425.0000,0.00,0.04
3277,2428.4536,2.0855,2433.9041,2425.8609,0.00,0.04
3278,995.8911,859.5891,2457.6096,97.1764,0.00,0.01
4600,2425.0000,0.0000,2425.0000,2425.0000,0.00,0.04
3279,1700.3373,932.1842,2470.4719,87.2703,0.00,0.02
4601,2425.0000,0.0000,2425.0000,2425.0000,0.00,0.04
3280,2431.6091,2.2115,2436.5238,2427.9185,0.00,0.03
4602,2425.0000,0.0000,2425.0000,2425.0000,0.00,0.04
3281,1835.3776,743.7177,2471.8201,421.0481,0.00,0.02
3282,1833.5815,938.8121,2455.7828,112.2608,0.00,0.02
4603,2425.0000,0.0000,2425.0000,2425.0000,0.00,0.04
3283,2266.0270,559.5358,2442.5237,125.3822,0.00,0.03
4604,2425.0000,0.0000,2425.0000,2425.0000,0.00,0.04
3284,2426.1919,0.7492,2428.4783,2425.4935,0.00,0.04
4605,2425.0000,0.0000,2425.0000,2425.0000,0.00,0.04
3285,2437.0783,5.1857,2448.9975,2427.3769,0.00,0.03
3286,135.6435,184.1541,615.6032,-22.1538,0.00,0.02
4606,2425.0000,0.0000,2425.0000,2425.0000,0.00,0.04
3287,914.6555,1044.3382,2450.5156,72.5348,0.00,0.02
4607,2425.0000,0.0000,2425.0000,2425.0000,0.00,0.04
3288,2431.7299,2.2614,2435.7901,2428.6831,0.00,0.03
3289,1692.5984,874.3271,2471.7641,107.1895,0.00,0.01
4608,2425.0000,0.0000,2425.0000,2425.0000,0.00,0.04
3290,1477.5011,881.6425,2444.2027,92.0971,0.00,0.02
4609,2425.0000,0.0000,2425.0000,2425.0000,0.00,0.04
3291,2429.0249,4.2549,2442.7496,2425.4090,0.00,0.04
3292,439.3001,609.7938,2471.9792,-16.9660,0.00,0.01
4610,2425.0000,0.0000,2425.0000,2425.0000,0.00,0.04
3293,1816.8029,907.2044,2470.7151,96.9950,0.00,0.02
4611,2425.0000,0.0000,2425.0000,2425.0000,0.00,0.04
3294,2429.9783,3.1917,2437.9224,2426.1023,0.00,0.04
3295,746.6991,855.1635,2457.8355,27.2802,0.00,0.01
4612,2425.0000,0.0000,2425.0000,2425.0000,0.00,0.04
3296,2440.3306,6.4639,2453.4782,2431.4306,0.00,0.03
4613,2425.0000,0.0000,2425.0000,2425.0000,0.00,0.04
3297,321.6183,336.9890,1056.6237,-11.9405,0.00,0.02
3298,2027.3587,865.2200,2451.6246,87.1333,0.00,0.02
4614,2425.0000,0.0000,2425.0000,2425.0000,0.00,0.04
3299,2427.6539,1.7998,2432.6394,2425.8718,0.00,0.04
4615,2425.0000,0.0000,2425.0000,2425.0000,0.00,0.04
3300,1931.7304,903.7186,2456.7749,82.2704,0.00,0.02
4616,2425.0000,0.0000,2425.0000,2425.0000,0.00,0.04
3301,2429.0152,1.7821,2433.5695,2426.4221,0.00,0.04
4617,2425.0000,0.0000,2425.0000,2425.0000,0.00,0.04
3302,2134.6815,764.1629,2450.1734,91.5126,0.00,0.02
4618,2425.0000,0.0000,2425.0000,2425.0000,0.00,0.04
3303,2429.4000,1.6620,2432.1656,2426.9004,0.00,0.04
4619,2425.0000,0.0000,2425.0000,2425.0000,0.00,0.04
3304,1219.0203,1002.3382,2453.3224,82.0516,0.00,0.02
4620,2425.0000,0.0000,2425.0000,2425.0000,0.00,0.04
3305,2433.9316,2.8175,2438.1858,2428.7672,0.00,0.03
3306,908.7772,813.3858,2471.7464,87.2513,0.00,0.01
4621,2425.0000,0.0000,2425.0000,2425.0000,0.00,0.04
3307,1750.0658,1034.1880,2448.1447,87.1746,0.00,0.02
4622,2425.0000,0.0000,2425.0000,2425.0000,0.00,0.04
3308,2427.9727,2.2432,2434.1028,2425.6073,0.00,0.04
3309,1376.6066,1037.5368,2455.4102,92.2593,0.00,0.01
4623,2425.0000,0.0000,2425.0000,2425.0000,0.00,0.04
3310,2431.4558,3.5057,2438.6108,2426.9464,0.00,0.03
3311,361.3477,590.2879,2457.2982,-21.8210,0.00,0.02
4624,2425.0000,0.0000,2425.0000,2425.0000,0.00,0.04
3312,1956.5620,852.4606,2456.8256,87.1784,0.00,0.02
4625,2425.0000,0.0000,2425.0000,2425.0000,0.00,0.04
3313,2426.7125,0.8882,2428.3337,2425.5675,0.00,0.04
4626,2425.0000,0.0000,2425.0000,2425.0000,0.00,0.04
3314,2178.3745,711.1157,2455.7533,87.1634,0.00,0.02
4627,2425.0000,0.0000,2425.0000,2425.0000,0.00,0.04
3315,2431.7154,2.9469,2436.0998,2427.3902,0.00,0.03
3316,727.2190,856.8480,2471.8890,76.6154,0.00,0.01
4628,2425.0000,0.0000,2425.0000,2425.0000,0.00,0.04
3317,2340.3974,386.6401,2453.8370,843.1102,0.00,0.03
4629,2425.0000,0.0000,2425.0000,2425.0000,0.00,0.04
3318,2433.6365,5.4632,2444.6994,2427.6950,0.00,0.03
4630,2425.0000,0.0000,2425.0000,2425.0000,0.00,0.04
3319,480.0852,632.8526,2470.0732,7.0490,0.00,0.02
3320,2105.3278,709.3341,2455.5595,574.2198,0.00,0.02
4631,2425.0000,0.0000,2425.0000,2425.0000,0.00,0.04
4632,2425.0000,0.0000,2425.0000,2425.0000,0.00,0.04
3321,2428.3237,2.5218,2433.6877,2425.7004,0.00,0.04
3322,618.1437,603.0905,2454.0224,82.3176,0.00,0.01
3323,1448.1194,1036.1362,2452.1459,92.1340,0.00,0.02
4633,2425.0000,0.0000,2425.0000,2425.0000,0.00,0.04
3324,2427.8850,1.7687,2433.5590,2426.0020,0.00,0.04
4634,2425.0000,0.0000,2425.0000,2425.0000,0.00,0.04
3325,1796.3059,997.0258,2451.3395,66.6970,0.00,0.02
4635,2425.0000,0.0000,2425.0000,2425.0000,0.00,0.04
3326,2427.9096,2.0935,2433.8418,2425.9440,0.00,0.04
4636,2425.0000,0.0000,2425.0000,2425.0000,0.00,0.04
3327,1515.6092,938.0884,2454.3169,87.2237,0.00,0.01
4637,2425.0000,0.0000,2425.0000,2425.0000,0.00,0.04
3328,2430.3011,2.7049,2436.9459,2426.5125,0.00,0.04
3329,825.2334,836.9943,2456.9244,65.8454,0.00,0.01
4638,2425.0000,0.0000,2425.0000,2425.0000,0.00,0.04
3330,2434.1108,6.8787,2458.2570,2428.1497,0.00,0.03
4639,2425.0000,0.0000,2425.0000,2425.0000,0.00,0.04
3331,866.4030,851.5602,2471.7473,31.7990,0.00,0.01
3332,1942.3677,875.0411,2455.8748,87.2396,0.00,0.02
4640,2425.0000,0.0000,2425.0000,2425.0000,0.00,0.04
3333,2429.1823,2.8965,2437.2181,2426.0435,0.00,0.04
4641,2425.0000,0.0000,2425.0000,2425.0000,0.00,0.04
3334,1448.3347,1014.2984,2452.8504,87.2362,0.00,0.01
4642,2425.0000,0.0000,2425.0000,2425.0000,0.00,0.04
3335,2430.0509,2.7624,2437.6559,2426.7926,0.00,0.04
3336,750.7408,690.6212,2447.9463,87.1446,0.00,0.01
4643,2425.0000,0.0000,2425.0000,2425.0000,0.00,0.04
3337,1585.2633,999.1719,2458.3092,97.2171,0.00,0.02
4644,2425.0000,0.0000,2425.0000,2425.0000,0.00,0.04
3338,2434.5135,6.3822,2454.3866,2428.5972,0.00,0.03
3339,359.8929,316.9810,1214.8568,27.1365,0.00,0.01
4645,2425.0000,0.0000,2425.0000,2425.0000,0.00,0.04
3340,1324.5096,1023.2849,2453.4717,87.1232,0.00,0.01
4646,2425.0000,0.0000,2425.0000,2425.0000,0.00,0.04
3341,2427.9674,1.3982,2430.4466,2425.8416,0.00,0.04
3342,1675.3851,1011.6099,2457.1569,87.1752,0.00,0.01
4647,2425.0000,0.0000,2425.0000,2425.0000,0.00,0.04
3343,2438.4140,6.7729,2452.0027,2429.0169,0.00,0.03
3344,112.3367,210.7308,657.0910,-31.9174,0.00,0.03
4648,2425.0000,0.0000,2425.0000,2425.0000,0.00,0.04
3345,2084.0232,783.9531,2457.2197,87.1994,0.00,0.02
4649,2425.0000,0.0000,2425.0000,2425.0000,0.00,0.04
3346,2426.9140,0.9387,2428.6677,2425.4758,0.00,0.04
4650,2425.0000,0.0000,2425.0000,2425.0000,0.00,0.04
3347,2043.7847,852.2108,2457.5904,87.2501,0.00,0.02
4651,2425.0000,0.0000,2425.0000,2425.0000,0.00,0.04
3348,2431.3622,3.5874,2438.8277,2426.4305,0.00,0.03
3349,340.2994,591.2701,2471.7844,26.8815,0.00,0.02
4652,2425.0000,0.0000,2425.0000,2425.0000,0.00,0.04
3350,1771.6790,1011.5785,2455.2898,87.1775,0.00,0.02
4653,2425.0000,0.0000,2425.0000,2425.0000,0.00,0.04
3351,2431.4660,3.0452,2440.9632,2427.5444,0.00,0.03
4654,2425.0000,0.0000,2425.0000,2425.0000,0.00,0.04
3352,1571.6681,946.0783,2471.6574,92.1246,0.00,0.01
4655,2425.0000,0.0000,2425.0000,2425.0000,0.00,0.04
3353,2431.9206,3.0537,2437.9724,2428.0857,0.00,0.03
3354,1210.8292,976.6368,2457.1143,51.8643,0.00,0.01
4656,2425.0000,0.0000,2425.0000,2425.0000,0.00,0.04
3355,2429.7209,1.7454,2433.2297,2426.8130,0.00,0.04
4657,2425.0000,0.0000,2425.0000,2425.0000,0.00,0.04
3356,1763.3736,1027.1540,2458.2001,87.2395,0.00,0.02
4658,2425.0000,0.0000,2425.0000,2425.0000,0.00,0.04
3357,2435.8720,5.3123,2448.4997,2427.2903,0.00,0.03
3358,256.3969,300.2495,808.6422,-22.0198,0.00,0.02
4659,2425.0000,0.0000,2425.0000,2425.0000,0.00,0.04
3359,2204.4771,636.9319,2455.8312,480.1157,0.00,0.02
4660,2425.0000,0.0000,2425.0000,2425.0000,0.00,0.04
3360,2431.7736,4.3520,2443.9690,2426.5175,0.00,0.03
3361,1082.2209,980.8669,2470.7880,41.9606,0.00,0.01
4661,2425.0000,0.0000,2425.0000,2425.0000,0.00,0.04
3362,2439.9018,7.1340,2457.6793,2432.9242,0.00,0.03
4662,2425.0000,0.0000,2425.0000,2425.0000,0.00,0.04
3363,348.3000,592.2964,2456.6728,-16.9705,0.00,0.02
4663,2425.0000,0.0000,2425.0000,2425.0000,0.00,0.04
3364,2437.1442,5.0346,2449.0664,2431.0963,0.00,0.03
3365,593.8945,750.1727,2452.2890,36.3524,0.00,0.02
4664,2425.0000,0.0000,2425.0000,2425.0000,0.00,0.04
3366,2433.2933,4.7355,2446.0132,2428.1111,0.00,0.03
3367,446.9824,434.7691,1322.0490,27.0300,0.00,0.01
4665,2425.0000,0.0000,2425.0000,2425.0000,0.00,0.04
3368,2192.8094,584.8668,2456.5610,499.8589,0.00,0.02
4666,2425.0000,0.0000,2425.0000,2425.0000,0.00,0.04
3369,2433.0891,4.2834,2445.0632,2426.8655,0.00,0.03
3370,580.0757,485.7709,1999.2790,46.4875,0.00,0.01
4667,2425.0000,0.0000,2425.0000,2425.0000,0.00,0.04
3371,1107.4873,951.8696,2471.8132,41.7833,0.00,0.01
4668,2425.0000,0.0000,2425.0000,2425.0000,0.00,0.04
3372,2438.1301,4.2796,2444.8731,2431.1654,0.00,0.03
3373,1233.2047,964.8265,2471.7995,117.2010,0.00,0.01
4669,2425.0000,0.0000,2425.0000,2425.0000,0.00,0.04
3374,2028.4862,864.2547,2450.3001,87.1896,0.00,0.02
4670,2425.0000,0.0000,2425.0000,2425.0000,0.00,0.04
3375,2427.0030,1.1603,2429.7663,2425.8003,0.00,0.04
4671,2425.0000,0.0000,2425.0000,2425.0000,0.00,0.04
3376,1956.0546,859.6372,2455.7690,102.3993,0.00,0.02
4672,2425.0000,0.0000,2425.0000,2425.0000,0.00,0.04
3377,2429.5144,3.6504,2439.8422,2426.2414,0.00,0.04
3378,830.9903,614.2184,2456.1673,102.1658,0.00,0.01
4673,2425.0000,0.0000,2425.0000,2425.0000,0.00,0.04
3379,871.5605,836.9356,2457.5439,27.0479,0.00,0.01
4674,2425.0000,0.0000,2425.0000,2425.0000,0.00,0.04
3380,2324.6340,460.8696,2452.4327,539.7755,0.00,0.02
4675,2425.0000,0.0000,2425.0000,2425.0000,0.00,0.04
3381,2432.2980,3.0209,2438.0723,2428.3717,0.00,0.03
3382,1749.0593,989.8967,2471.2741,82.2417,0.00,0.02
4676,2425.0000,0.0000,2425.0000,2425.0000,0.00,0.04
3383,2436.2335,5.9514,2452.2942,2429.3279,0.00,0.03
4677,2425.0000,0.0000,2425.0000,2425.0000,0.00,0.04
3384,403.9855,545.0729,2025.7316,16.7498,0.00,0.02
4678,2425.0000,0.0000,2425.0000,2425.0000,0.00,0.04
3385,2366.1869,206.6088,2456.2293,1663.6284,0.00,0.03
4679,2425.0000,0.0000,2425.0000,2425.0000,0.00,0.04
3386,2430.1209,2.4345,2436.3091,2426.5735,0.00,0.04
3387,1454.3173,1057.2350,2471.6887,87.2378,0.00,0.01
4680,2425.0000,0.0000,2425.0000,2425.0000,0.00,0.04
3388,2067.6299,788.2329,2451.2642,97.0563,0.00,0.02
4681,2425.0000,0.0000,2425.0000,2425.0000,0.00,0.04
3389,2430.4200,2.7245,2436.5426,2426.3243,0.00,0.03
4682,2425.0000,0.0000,2425.0000,2425.0000,0.00,0.04
3390,1137.9129,1055.4203,2471.6576,61.3558,0.00,0.01
4683,2425.0000,0.0000,2425.0000,2425.0000,0.00,0.04
3391,2394.7585,151.8033,2441.2325,1807.0224,0.00,0.03
4684,2425.0000,0.0000,2425.0000,2425.0000,0.00,0.04
3392,2426.8165,1.2343,2429.7989,2425.6454,0.00,0.04
4685,2425.0000,0.0000,2425.0000,2425.0000,0.00,0.04
3393,2205.8685,629.2442,2456.9137,529.4667,0.00,0.02
4686,2425.0000,0.0000,2425.0000,2425.0000,0.00,0.04
3394,2428.0743,1.4158,2430.9833,2426.3983,0.00,0.04
4687,2425.0000,0.0000,2425.0000,2425.0000,0.00,0.04
3395,2207.8497,628.8789,2458.3331,499.8163,0.00,0.02
4688,2425.0000,0.0000,2425.0000,2425.0000,0.00,0.04
3396,2433.6576,6.9463,2457.4313,2426.5745,0.00,0.03
3397,183.2689,167.8621,562.0239,7.1809,0.00,0.02
3398,772.2847,955.7197,2456.8609,72.3907,0.00,0.01
4689,2425.0000,0.0000,2425.0000,2425.0000,0.00,0.04
3399,1476.9233,856.9836,2468.7131,97.2568,0.01,0.01
3400,1079.7568,909.0864,2460.4569,81.3420,0.25,0.02
4690,2425.0000,0.0000,2425.0000,2425.0000,0.00,0.04
3401,1108.6003,995.2700,2452.7054,82.2160,0.00,0.01
4691,2425.0000,0.0000,2425.0000,2425.0000,0.00,0.04
3402,2433.3235,4.5536,2445.2319,2427.8599,0.00,0.03
3403,1352.4092,978.6587,2471.5922,72.3121,0.00,0.01
4692,2425.0000,0.0000,2425.0000,2425.0000,0.00,0.04
3404,2299.5797,400.5792,2471.7731,1208.3001,0.00,0.02
4693,2425.0000,0.0000,2425.0000,2425.0000,0.00,0.04
3405,2434.6450,6.0120,2451.0319,2429.0482,0.00,0.03
4694,2425.0000,0.0000,2425.0000,2425.0000,0.00,0.04
3406,1697.6616,1009.4186,2467.6008,82.2143,0.17,0.01
3407,1085.0905,784.3057,2453.7971,445.4347,0.00,0.03
4695,2425.0000,0.0000,2425.0000,2425.0000,0.00,0.04
3408,728.3374,200.6190,1275.2908,570.0865,0.00,0.03
3409,1112.8298,792.8300,2461.9636,349.8816,0.00,0.02
4696,2425.0000,0.0000,2425.0000,2425.0000,0.00,0.04
3410,1170.8058,1027.0078,2455.7860,72.4570,0.00,0.02
4697,2425.0000,0.0000,2425.0000,2425.0000,0.00,0.04
3411,2433.4348,4.4891,2442.7740,2426.5394,0.00,0.03
3412,1746.5488,867.0664,2471.3130,480.0178,0.00,0.02
4698,2425.0000,0.0000,2425.0000,2425.0000,0.00,0.04
3413,1546.2344,1029.2665,2471.5900,87.2491,0.00,0.02
3414,1313.0203,1049.9618,2460.6101,92.0214,0.00,0.01
4699,2425.0000,0.0000,2425.0000,2425.0000,0.00,0.04
3415,2434.2535,4.0547,2444.0011,2427.2147,0.00,0.03
4700,2425.0000,0.0000,2425.0000,2425.0000,0.00,0.04
3416,1878.6702,874.3973,2472.4020,329.9562,0.00,0.01
4701,2425.0000,0.0000,2425.0000,2425.0000,0.00,0.04
3417,1425.6360,1066.8569,2471.7024,87.1328,0.00,0.01
3418,1591.9390,979.5584,2459.4079,87.1676,0.00,0.01
4702,2425.0000,0.0000,2425.0000,2425.0000,0.00,0.04
3419,1237.2959,856.5799,2471.4634,53.2792,0.00,0.03
4703,2425.0000,0.0000,2425.0000,2425.0000,0.00,0.04
3420,1928.1025,896.9146,2457.3384,87.2490,0.00,0.02
4704,2425.0000,0.0000,2425.0000,2425.0000,0.00,0.04
3421,2427.8320,1.6287,2433.0153,2426.1542,0.00,0.04
4705,2425.0000,0.0000,2425.0000,2425.0000,0.00,0.04
3422,2168.2842,744.6821,2471.8791,87.2728,0.00,0.02
4706,2425.0000,0.0000,2425.0000,2425.0000,0.00,0.04
3423,2433.7244,4.9688,2444.9991,2426.7520,0.00,0.03
3424,1029.9231,1121.4526,2471.5178,61.2253,0.00,0.02
4707,2425.0000,0.0000,2425.0000,2425.0000,0.00,0.04
3425,2204.6198,626.6077,2455.5967,534.4688,0.00,0.02
4708,2425.0000,0.0000,2425.0000,2425.0000,0.00,0.04
3426,2428.8998,2.1673,2433.1002,2426.0018,0.00,0.04
4709,2425.0000,0.0000,2425.0000,2425.0000,0.00,0.04
3427,1653.1388,972.6981,2472.0015,87.1372,0.14,0.01
4710,2425.0000,0.0000,2425.0000,2425.0000,0.00,0.04
3429,1530.4577,1055.4642,2471.8205,101.9919,0.00,0.01
4711,2425.0000,0.0000,2425.0000,2425.0000,0.00,0.04
3430,1833.3273,801.1908,2472.1568,533.3402,0.15,0.02
4712,2425.0000,0.0000,2425.0000,2425.0000,0.00,0.04
3431,1700.7572,981.9269,2471.7249,87.1915,0.00,0.01
4713,2425.0000,0.0000,2425.0000,2425.0000,0.00,0.04
3432,2443.4818,6.9547,2456.3166,2432.4438,0.00,0.02
3433,976.9063,943.9578,2459.5473,50.9403,0.00,0.03
4714,2425.0000,0.0000,2425.0000,2425.0000,0.00,0.04
3434,1908.4060,939.6257,2456.6278,92.1606,0.00,0.02
4715,2425.0000,0.0000,2425.0000,2425.0000,0.00,0.04
3435,2431.2954,2.9530,2436.8690,2426.5117,0.00,0.03
4716,2425.0000,0.0000,2425.0000,2425.0000,0.00,0.04
3436,1655.2043,941.6587,2471.7874,87.2330,0.00,0.01
3437,1794.8136,850.4621,2471.5604,397.1828,0.00,0.01
4717,2425.0000,0.0000,2425.0000,2425.0000,0.00,0.04
3438,2071.4508,777.3366,2463.3769,349.9298,0.00,0.02
4718,2425.0000,0.0000,2425.0000,2425.0000,0.00,0.04
3439,2430.3371,3.1954,2438.7604,2425.9896,0.00,0.04
4719,2425.0000,0.0000,2425.0000,2425.0000,0.00,0.04
3440,1996.6847,837.3726,2471.8584,87.2160,0.00,0.01
4720,2425.0000,0.0000,2425.0000,2425.0000,0.00,0.04
3441,1466.4291,930.9201,2468.7862,127.6403,0.00,0.02
4721,2425.0000,0.0000,2425.0000,2425.0000,0.00,0.04
3442,2295.7251,570.2898,2457.0469,87.1655,0.00,0.02
4722,2425.0000,0.0000,2425.0000,2425.0000,0.00,0.04
3443,2432.5684,5.0643,2445.2529,2427.4070,0.00,0.03
3444,1221.2754,962.8593,2467.5090,112.2517,0.00,0.02
4723,2425.0000,0.0000,2425.0000,2425.0000,0.00,0.04
3445,2438.8421,5.4589,2450.2828,2431.7441,0.00,0.03
4724,2425.0000,0.0000,2425.0000,2425.0000,0.00,0.04
3446,1839.2635,929.4303,2472.5891,39.5323,0.00,0.02
4725,2425.0000,0.0000,2425.0000,2425.0000,0.00,0.04
3447,2149.6439,776.7612,2455.9963,92.0461,0.00,0.02
4726,2425.0000,0.0000,2425.0000,2425.0000,0.00,0.04
3448,2428.2925,2.3357,2434.1798,2425.5588,0.00,0.04
3449,1542.8600,1043.5986,2465.3442,87.2121,0.00,0.01
4727,2425.0000,0.0000,2425.0000,2425.0000,0.00,0.04
3450,1722.8632,987.9315,2466.8358,87.1769,0.00,0.01
4728,2425.0000,0.0000,2425.0000,2425.0000,0.00,0.04
3451,2019.1951,770.9731,2456.9014,494.8519,0.00,0.02
4729,2425.0000,0.0000,2425.0000,2425.0000,0.00,0.04
3452,2429.6150,1.9895,2433.3656,2427.0659,0.00,0.04
3453,1443.9574,986.5398,2466.8025,87.1417,0.00,0.01
4730,2425.0000,0.0000,2425.0000,2425.0000,0.00,0.04
3454,1641.1717,1055.5159,2465.9662,87.0843,0.00,0.02
4731,2425.0000,0.0000,2425.0000,2425.0000,0.00,0.04
3455,2439.8018,6.3695,2453.8858,2431.2300,0.00,0.03
4732,2425.0000,0.0000,2425.0000,2425.0000,0.00,0.04
3456,1365.5404,1099.0104,2468.5181,41.4460,0.00,0.02
4733,2425.0000,0.0000,2425.0000,2425.0000,0.00,0.04
3457,2032.9768,863.4758,2468.0096,112.2567,0.00,0.02
4734,2425.0000,0.0000,2425.0000,2425.0000,0.00,0.04
3458,2430.4880,2.6950,2435.4371,2426.3047,0.00,0.03
3459,1579.9685,1046.5460,2471.8268,87.1858,0.00,0.01
4735,2425.0000,0.0000,2425.0000,2425.0000,0.00,0.04
3460,1737.8872,1059.5771,2471.9001,87.1268,0.00,0.02
4736,2425.0000,0.0000,2425.0000,2425.0000,0.00,0.04
3461,2434.4532,3.8767,2441.4432,2428.5720,0.00,0.03
4737,2425.0000,0.0000,2425.0000,2425.0000,0.00,0.04
3462,1752.8868,902.9274,2472.6331,122.1519,0.00,0.01
4738,2425.0000,0.0000,2425.0000,2425.0000,0.00,0.04
3463,2441.2044,6.9006,2454.0835,2433.0855,0.00,0.03
3464,1423.8467,935.8426,2467.5551,167.7570,0.00,0.02
4739,2425.0000,0.0000,2425.0000,2425.0000,0.00,0.04
3465,2010.4359,790.5254,2455.2214,92.1614,0.00,0.02
4740,2425.0000,0.0000,2425.0000,2425.0000,0.00,0.04
3466,2430.6336,3.9099,2442.5358,2426.8864,0.00,0.03
4741,2425.0000,0.0000,2425.0000,2425.0000,0.00,0.04
3467,1819.6576,984.0717,2472.0772,55.8737,0.00,0.01
4742,2425.0000,0.0000,2425.0000,2425.0000,0.00,0.04
3468,2096.4064,751.3725,2457.8730,96.8709,0.00,0.02
4743,2425.0000,0.0000,2425.0000,2425.0000,0.00,0.04
3469,2431.5394,3.6182,2440.5340,2426.8552,0.00,0.03
3470,1721.2622,990.6283,2465.3216,96.9406,0.00,0.01
4744,2425.0000,0.0000,2425.0000,2425.0000,0.00,0.04
3471,1399.9572,956.2638,2469.8066,104.1681,0.00,0.02
4745,2425.0000,0.0000,2425.0000,2425.0000,0.00,0.04
3472,1862.5082,877.6734,2470.9221,529.4411,0.00,0.02
4746,2425.0000,0.0000,2425.0000,2425.0000,0.00,0.04
3473,2436.8752,3.4277,2442.6028,2431.6520,0.00,0.03
3474,1250.2885,1049.3339,2471.1737,92.0319,0.00,0.02
4747,2425.0000,0.0000,2425.0000,2425.0000,0.00,0.04
3475,1490.6454,982.2814,2468.8992,96.9822,0.00,0.01
4748,2425.0000,0.0000,2425.0000,2425.0000,0.00,0.04
3476,1910.7770,814.5804,2471.7634,342.2230,0.00,0.02
4749,2425.0000,0.0000,2425.0000,2425.0000,0.00,0.04
3477,2439.9502,6.0772,2450.6105,2429.3582,0.00,0.03
3478,1498.0285,890.0111,2453.4782,188.6666,0.00,0.02
4750,2425.0000,0.0000,2425.0000,2425.0000,0.00,0.04
3479,2269.1763,522.0767,2472.1794,599.0704,0.00,0.01
4751,2425.0000,0.0000,2425.0000,2425.0000,0.00,0.04
3480,1494.4672,1093.5703,2466.4269,96.9223,0.00,0.01
4752,2425.0000,0.0000,2425.0000,2425.0000,0.00,0.04
3481,2098.7941,751.5853,2471.9509,509.6721,0.00,0.01
4753,2425.0000,0.0000,2425.0000,2425.0000,0.00,0.04
3482,2018.2902,779.2886,2472.2207,509.6472,0.00,0.01
3483,1878.4653,879.4554,2466.2283,101.8938,0.00,0.01
4754,2425.0000,0.0000,2425.0000,2425.0000,0.00,0.04
3484,2014.1210,765.7314,2463.9892,319.9853,0.00,0.02
4755,2425.0000,0.0000,2425.0000,2425.0000,0.00,0.04
3485,2290.5998,564.1751,2447.1420,105.6791,0.00,0.03
4756,2425.0000,0.0000,2425.0000,2425.0000,0.00,0.04
3486,2432.6873,3.9674,2441.7701,2428.0589,0.00,0.03
4757,2425.0000,0.0000,2425.0000,2425.0000,0.00,0.04
3487,1786.6517,885.0116,2471.3284,87.2822,0.00,0.01
4758,2425.0000,0.0000,2425.0000,2425.0000,0.00,0.04
3488,2249.9020,529.7451,2451.3939,489.9737,0.00,0.02
4759,2425.0000,0.0000,2425.0000,2425.0000,0.00,0.04
3489,2428.4478,2.0444,2433.7299,2426.2556,0.00,0.04
4760,2425.0000,0.0000,2425.0000,2425.0000,0.00,0.04
3490,1828.5960,945.7539,2472.5203,97.0638,0.00,0.02
4761,2425.0000,0.0000,2425.0000,2425.0000,0.00,0.04
3491,2301.8104,570.5874,2471.4346,92.1707,0.00,0.02
4762,2425.0000,0.0000,2425.0000,2425.0000,0.00,0.04
3492,2434.6558,3.7774,2442.9392,2428.9112,0.00,0.03
3493,2025.1459,761.0653,2469.5251,450.3166,0.00,0.01
4763,2425.0000,0.0000,2425.0000,2425.0000,0.00,0.04
3494,1843.2527,932.1626,2471.8392,87.2172,0.00,0.01
4764,2425.0000,0.0000,2425.0000,2425.0000,0.00,0.04
3495,1047.5703,980.1057,2458.8082,60.6267,0.00,0.02
3496,2203.1993,654.2205,2458.1011,117.2107,0.00,0.02
4765,2425.0000,0.0000,2425.0000,2425.0000,0.00,0.04
3497,2430.7715,3.2180,2437.7755,2426.9943,0.00,0.03
4766,2425.0000,0.0000,2425.0000,2425.0000,0.00,0.04
3498,1878.3105,886.4486,2469.0439,188.4528,0.00,0.01
4767,2425.0000,0.0000,2425.0000,2425.0000,0.00,0.04
3499,1826.2584,938.8190,2468.2240,260.0871,0.00,0.01
4768,2425.0000,0.0000,2425.0000,2425.0000,0.00,0.04
3500,2124.7118,644.7834,2471.6974,354.8919,0.00,0.01
3501,1005.5535,1097.6516,2463.0075,36.5903,0.00,0.02
4769,2425.0000,0.0000,2425.0000,2425.0000,0.00,0.04
3502,1454.4648,849.5529,2470.7902,112.2808,0.00,0.02
4770,2425.0000,0.0000,2425.0000,2425.0000,0.00,0.04
3503,2357.5220,198.6054,2436.9895,1741.9201,0.00,0.03
4771,2425.0000,0.0000,2425.0000,2425.0000,0.00,0.04
3504,2429.7684,2.9115,2436.1247,2426.1111,0.00,0.04
3505,1023.2803,965.1211,2462.3421,66.2376,0.00,0.01
4772,2425.0000,0.0000,2425.0000,2425.0000,0.00,0.04
3506,1807.9940,956.7930,2457.3821,82.2661,0.00,0.02
4773,2425.0000,0.0000,2425.0000,2425.0000,0.00,0.04
3507,2427.5364,1.1356,2430.1878,2425.9350,0.00,0.04
4774,2425.0000,0.0000,2425.0000,2425.0000,0.00,0.04
3508,2317.3359,475.6688,2451.3584,475.1696,0.00,0.03
4775,2425.0000,0.0000,2425.0000,2425.0000,0.00,0.04
3509,2430.2075,2.4826,2434.7359,2426.4989,0.00,0.04
3510,944.5739,1092.3739,2469.8564,16.9635,0.00,0.02
4776,2425.0000,0.0000,2425.0000,2425.0000,0.00,0.04
3511,1657.6961,1040.8430,2471.3630,80.8154,0.00,0.01
4777,2425.0000,0.0000,2425.0000,2425.0000,0.00,0.04
3512,2438.9628,5.8626,2449.0472,2430.0669,0.00,0.03
4778,2425.0000,0.0000,2425.0000,2425.0000,0.00,0.04
3513,1661.5059,1050.9952,2470.4565,77.4746,0.00,0.01
3514,1832.2794,975.9078,2468.2657,92.0865,0.00,0.01
4779,2425.0000,0.0000,2425.0000,2425.0000,0.00,0.04
3515,1768.2220,1024.1620,2465.3056,144.6987,0.00,0.02
4780,2425.0000,0.0000,2425.0000,2425.0000,0.00,0.04
3516,2327.2407,483.4064,2470.8296,455.4669,0.00,0.02
4781,2425.0000,0.0000,2425.0000,2425.0000,0.00,0.04
3517,1677.7111,1048.9447,2471.3689,87.0714,0.00,0.02
4782,2425.0000,0.0000,2425.0000,2425.0000,0.00,0.04
3518,2437.2547,5.1837,2447.4182,2428.3655,0.00,0.03
4783,2425.0000,0.0000,2425.0000,2425.0000,0.00,0.04
3519,1860.5110,924.4653,2471.5265,246.9914,0.00,0.02
3520,2152.7245,778.8756,2471.2716,87.2724,0.00,0.02
4784,2425.0000,0.0000,2425.0000,2425.0000,0.00,0.04
3521,2271.4312,567.9151,2440.1317,87.2367,0.00,0.03
4785,2425.0000,0.0000,2425.0000,2425.0000,0.00,0.04
3522,2427.3204,1.1027,2429.6707,2425.6431,0.00,0.04
4786,2425.0000,0.0000,2425.0000,2425.0000,0.00,0.04
3523,1329.1845,1046.9683,2446.8909,56.0534,0.00,0.02
4787,2425.0000,0.0000,2425.0000,2425.0000,0.00,0.04
3524,2434.5966,5.3232,2449.0075,2427.8529,0.00,0.03
4788,2425.0000,0.0000,2425.0000,2425.0000,0.00,0.04
3525,1874.5528,958.1351,2471.8487,92.0885,0.00,0.01
4789,2425.0000,0.0000,2425.0000,2425.0000,0.00,0.04
3526,2176.8747,711.9747,2449.7335,117.2025,0.00,0.02
4790,2425.0000,0.0000,2425.0000,2425.0000,0.00,0.04
3527,2432.5730,3.3295,2440.9099,2427.9230,0.00,0.03
4791,2425.0000,0.0000,2425.0000,2425.0000,0.00,0.04
3528,2182.8052,727.0622,2470.7502,92.0576,0.00,0.01
4792,2425.0000,0.0000,2425.0000,2425.0000,0.00,0.04
3529,2207.3788,603.1639,2471.8726,112.2554,0.00,0.01
3530,1635.8603,1058.2310,2470.7131,102.1198,0.00,0.02
4793,2425.0000,0.0000,2425.0000,2425.0000,0.00,0.04
3531,1102.3598,1040.1833,2463.5922,221.0699,0.00,0.03
3532,1664.3873,1077.5191,2471.3816,87.1300,0.00,0.01
4794,2425.0000,0.0000,2425.0000,2425.0000,0.00,0.04
3533,472.5107,752.3707,2450.3725,46.0489,0.00,0.03
3534,1686.7226,1008.0965,2471.1920,92.0664,0.00,0.02
4795,2425.0000,0.0000,2425.0000,2425.0000,0.00,0.04
3535,1386.4864,1093.6382,2468.7390,85.9383,0.00,0.02
4796,2425.0000,0.0000,2425.0000,2425.0000,0.00,0.04
3536,1789.3337,936.6691,2449.8257,92.0514,0.00,0.02
4797,2425.0000,0.0000,2425.0000,2425.0000,0.00,0.04
3537,2429.4241,1.7218,2433.5766,2427.0998,0.00,0.04
3538,2157.1512,575.5658,2469.1128,455.3450,0.00,0.02
4798,2425.0000,0.0000,2425.0000,2425.0000,0.00,0.04
3539,2291.5568,416.6693,2471.8817,887.8464,0.00,0.02
4799,2425.0000,0.0000,2425.0000,2425.0000,0.00,0.04
3540,2431.6839,2.7263,2436.1388,2427.7982,0.00,0.03
4800,2425.0000,0.0000,2425.0000,2425.0000,0.00,0.04
3541,1668.4313,1027.4253,2469.9436,107.1206,0.00,0.01
4801,2425.0000,0.0000,2425.0000,2425.0000,0.00,0.04
3542,1813.2138,836.6279,2469.0073,91.9787,0.00,0.01
4802,2425.0000,0.0000,2425.0000,2425.0000,0.00,0.04
3543,1781.9435,1002.0144,2459.1302,100.0285,0.00,0.02
3544,2049.7320,837.4208,2471.4382,107.1242,0.00,0.02
4803,2425.0000,0.0000,2425.0000,2425.0000,0.00,0.04
3545,2235.6788,438.5402,2458.5198,1247.8361,0.00,0.02
4804,2425.0000,0.0000,2425.0000,2425.0000,0.00,0.04
3546,2363.1411,289.2457,2449.2264,1243.0560,0.00,0.03
4805,2425.0000,0.0000,2425.0000,2425.0000,0.00,0.04
3547,2429.1690,2.1333,2434.9898,2426.6205,0.00,0.04
4806,2425.0000,0.0000,2425.0000,2425.0000,0.00,0.04
3548,1895.4123,897.1139,2471.8704,92.1197,0.00,0.02
4807,2425.0000,0.0000,2425.0000,2425.0000,0.00,0.04
3549,2338.7573,406.6618,2470.7082,764.3479,0.00,0.02
4808,2425.0000,0.0000,2425.0000,2425.0000,0.00,0.04
3550,2432.5856,3.0589,2438.8172,2428.6966,0.00,0.03
4809,2425.0000,0.0000,2425.0000,2425.0000,0.00,0.04
3551,2016.8562,884.5265,2471.7206,92.1195,0.00,0.01
3552,1531.4332,1034.2569,2451.4468,279.8774,0.00,0.03
4810,2425.0000,0.0000,2425.0000,2425.0000,0.00,0.04
3553,1841.7622,817.1484,2462.1340,326.9532,0.00,0.02
4811,2425.0000,0.0000,2425.0000,2425.0000,0.00,0.04
3554,1870.7987,817.3647,2461.1070,102.1832,0.00,0.02
4812,2425.0000,0.0000,2425.0000,2425.0000,0.00,0.04
3555,2431.0382,2.3237,2437.0597,2428.1480,0.00,0.03
4813,2425.0000,0.0000,2425.0000,2425.0000,0.00,0.04
3556,2132.8977,511.9563,2471.7801,739.3696,0.00,0.02
4814,2425.0000,0.0000,2425.0000,2425.0000,0.00,0.04
3557,2369.2104,264.0225,2450.8949,1346.8459,0.00,0.03
4815,2425.0000,0.0000,2425.0000,2425.0000,0.00,0.04
3558,2428.4539,1.2816,2431.6636,2426.2344,0.00,0.04
4816,2425.0000,0.0000,2425.0000,2425.0000,0.00,0.04
3559,1674.5631,889.2723,2455.6690,92.0941,0.00,0.02
4817,2425.0000,0.0000,2425.0000,2425.0000,0.00,0.04
3560,2426.9913,0.8475,2428.7316,2425.5318,0.00,0.04
4818,2425.0000,0.0000,2425.0000,2425.0000,0.00,0.04
3561,2266.2473,376.1211,2471.2642,1336.7911,0.00,0.02
4819,2425.0000,0.0000,2425.0000,2425.0000,0.00,0.04
3562,2430.3523,3.4432,2441.3611,2426.8010,0.00,0.04
3563,2085.4360,793.8679,2471.2158,92.0104,0.00,0.01
4820,2425.0000,0.0000,2425.0000,2425.0000,0.00,0.04
3564,1393.9069,1083.4346,2467.9972,50.7987,0.00,0.02
4821,2425.0000,0.0000,2425.0000,2425.0000,0.00,0.04
3565,2239.9937,592.0997,2448.9866,92.1416,0.00,0.03
4822,2425.0000,0.0000,2425.0000,2425.0000,0.00,0.04
3566,2429.5452,2.5873,2435.9353,2426.6365,0.00,0.04
3567,1342.7504,930.4583,2471.4891,91.9766,0.00,0.01
4823,2425.0000,0.0000,2425.0000,2425.0000,0.00,0.04
3568,1585.1086,927.9266,2471.9098,91.9792,0.00,0.01
4824,2425.0000,0.0000,2425.0000,2425.0000,0.00,0.04
3569,2169.0500,725.9783,2452.3172,97.0401,0.00,0.02
4825,2425.0000,0.0000,2425.0000,2425.0000,0.00,0.04
3570,2429.5551,2.5835,2435.3709,2426.8613,0.00,0.04
4826,2425.0000,0.0000,2425.0000,2425.0000,0.00,0.04
3571,1741.6234,893.6558,2470.2752,87.1530,0.00,0.01
4827,2425.0000,0.0000,2425.0000,2425.0000,0.00,0.04
3572,1815.9937,955.9602,2472.0927,104.9847,0.00,0.02
3573,2166.9179,630.9291,2454.3311,514.5833,0.00,0.02
4828,2425.0000,0.0000,2425.0000,2425.0000,0.00,0.04
4829,2425.0000,0.0000,2425.0000,2425.0000,0.00,0.04
3574,2429.9131,1.6910,2432.6489,2427.3471,0.00,0.04
3575,2001.2598,830.0674,2468.3104,87.0954,0.00,0.02
4830,2425.0000,0.0000,2425.0000,2425.0000,0.00,0.04
3576,2435.3556,5.1374,2446.5220,2429.0746,0.00,0.03
4831,2425.0000,0.0000,2425.0000,2425.0000,0.00,0.04
3577,1457.4826,1035.8967,2467.5412,92.0863,0.00,0.02
4832,2425.0000,0.0000,2425.0000,2425.0000,0.00,0.04
3578,1406.5035,1080.6874,2462.0738,75.4283,0.00,0.02
3579,1496.7318,982.2778,2470.9969,87.1466,0.00,0.01
4833,2425.0000,0.0000,2425.0000,2425.0000,0.00,0.04
3580,1338.1211,1126.6444,2470.1434,90.1072,0.00,0.02
4834,2425.0000,0.0000,2425.0000,2425.0000,0.00,0.04
3581,2101.0658,645.2577,2446.7069,744.7406,0.00,0.03
4835,2425.0000,0.0000,2425.0000,2425.0000,0.00,0.04
3582,2431.6585,3.7772,2442.9585,2427.0471,0.00,0.03
3583,2001.5052,816.5777,2471.7959,164.5922,0.00,0.01
4836,2425.0000,0.0000,2425.0000,2425.0000,0.00,0.04
3584,1991.1798,836.4297,2470.6896,92.0300,0.00,0.01
4837,2425.0000,0.0000,2425.0000,2425.0000,0.00,0.04
3585,1635.0126,1066.1301,2469.8965,87.1904,0.00,0.01
3586,1295.8722,1158.2403,2463.1568,81.6889,0.00,0.02
4838,2425.0000,0.0000,2425.0000,2425.0000,0.00,0.04
3587,2436.8057,6.6439,2451.6488,2429.2180,0.00,0.03
4839,2425.0000,0.0000,2425.0000,2425.0000,0.00,0.04
3588,1010.0822,1130.0007,2470.7704,21.6116,0.00,0.02
4840,2425.0000,0.0000,2425.0000,2425.0000,0.00,0.04
3589,2200.7781,643.0733,2456.1660,460.3032,0.00,0.02
4841,2425.0000,0.0000,2425.0000,2425.0000,0.00,0.04
3590,2431.2630,3.3824,2439.1901,2426.5509,0.00,0.03
3591,1583.0325,1051.7166,2472.1501,80.7742,0.00,0.01
4842,2425.0000,0.0000,2425.0000,2425.0000,0.00,0.04
3592,2025.2972,873.6699,2456.7647,87.2508,0.00,0.02
4843,2425.0000,0.0000,2425.0000,2425.0000,0.00,0.04
3593,2428.4951,1.1329,2430.3540,2426.7450,0.00,0.04
4844,2425.0000,0.0000,2425.0000,2425.0000,0.00,0.04
3594,2438.5747,5.9272,2451.9276,2429.5348,0.00,0.03
4845,2425.0000,0.0000,2425.0000,2425.0000,0.00,0.04
3595,1444.6202,1075.0137,2471.8261,65.7092,0.00,0.02
3596,1917.9790,940.0005,2471.8546,87.2547,0.00,0.01
4846,2425.0000,0.0000,2425.0000,2425.0000,0.00,0.04
3597,1803.5689,957.8754,2456.6238,102.0784,0.00,0.02
4847,2425.0000,0.0000,2425.0000,2425.0000,0.00,0.04
3598,2429.3917,3.1377,2439.6318,2426.6308,0.00,0.04
4848,2425.0000,0.0000,2425.0000,2425.0000,0.00,0.04
3599,1754.6635,917.3396,2467.5210,324.6836,0.00,0.01
4849,2425.0000,0.0000,2425.0000,2425.0000,0.00,0.04
3600,1845.6382,825.8219,2471.8588,344.9754,0.00,0.01
3601,1862.6869,888.2908,2471.7362,335.0606,0.00,0.01
4850,2425.0000,0.0000,2425.0000,2425.0000,0.00,0.04
3602,1837.5371,916.7221,2466.3016,92.1615,0.00,0.02
4851,2425.0000,0.0000,2425.0000,2425.0000,0.00,0.04
3603,2434.8552,5.5318,2449.0840,2428.7112,0.00,0.03
4852,2425.0000,0.0000,2425.0000,2425.0000,0.00,0.04
3604,2100.7791,759.1998,2467.3962,60.4961,0.00,0.02
4853,2425.0000,0.0000,2425.0000,2425.0000,0.00,0.04
3605,1863.3843,907.8404,2467.3251,92.1706,0.00,0.02
4854,2425.0000,0.0000,2425.0000,2425.0000,0.00,0.04
3606,2436.2705,4.4550,2445.3747,2429.9702,0.00,0.03
3607,1606.5679,1029.3355,2471.7357,97.0516,0.00,0.01
4855,2425.0000,0.0000,2425.0000,2425.0000,0.00,0.04
3608,2323.2448,464.4329,2458.2084,524.6951,0.00,0.02
4856,2425.0000,0.0000,2425.0000,2425.0000,0.00,0.04
3609,2433.4069,3.9922,2442.5574,2427.2146,0.00,0.03
4857,2425.0000,0.0000,2425.0000,2425.0000,0.00,0.04
3610,1650.8090,1049.0715,2467.3239,101.9996,0.00,0.01
4858,2425.0000,0.0000,2425.0000,2425.0000,0.00,0.04
3611,1947.0788,881.5033,2468.7180,128.5683,0.00,0.02
3612,1814.1260,951.4713,2456.5391,96.9826,0.00,0.02
4859,2425.0000,0.0000,2425.0000,2425.0000,0.00,0.04
3613,2427.9710,1.5540,2430.8981,2425.5279,0.00,0.04
4860,2425.0000,0.0000,2425.0000,2425.0000,0.00,0.04
3614,1914.0257,812.7424,2471.7874,494.7612,0.00,0.01
4861,2425.0000,0.0000,2425.0000,2425.0000,0.00,0.04
3615,1882.9689,976.4646,2453.1157,91.9834,0.00,0.02
4862,2425.0000,0.0000,2425.0000,2425.0000,0.00,0.04
3616,2427.0782,1.2932,2430.8707,2425.9222,0.00,0.04
4863,2425.0000,0.0000,2425.0000,2425.0000,0.00,0.04
3617,2151.3670,777.4118,2457.3894,92.1607,0.00,0.02
4864,2425.0000,0.0000,2425.0000,2425.0000,0.00,0.04
3618,2318.6791,435.0738,2437.7984,633.6851,0.00,0.03
4865,2425.0000,0.0000,2425.0000,2425.0000,0.00,0.04
3619,2425.3008,0.2068,2425.8919,2425.1170,0.00,0.04
4866,2425.0000,0.0000,2425.0000,2425.0000,0.00,0.04
3620,2429.9958,1.9654,2434.1193,2427.2811,0.00,0.04
3621,1632.6704,1061.9495,2457.4424,96.9936,0.00,0.02
4867,2425.0000,0.0000,2425.0000,2425.0000,0.00,0.04
3622,2431.1943,3.6827,2441.2030,2426.3792,0.00,0.03
4868,2425.0000,0.0000,2425.0000,2425.0000,0.00,0.04
3623,1272.4499,1075.7649,2466.2891,76.4149,0.00,0.02
4869,2425.0000,0.0000,2425.0000,2425.0000,0.00,0.04
3624,1812.2688,964.9100,2471.8568,96.9419,0.00,0.01
3625,1442.8493,1019.9373,2461.2752,101.9101,0.00,0.01
4870,2425.0000,0.0000,2425.0000,2425.0000,0.00,0.04
3626,2028.0576,896.7263,2472.1071,86.4234,0.00,0.01
4871,2425.0000,0.0000,2425.0000,2425.0000,0.00,0.04
3627,2444.2662,7.1110,2454.5466,2431.5095,0.00,0.02
3628,602.5579,739.7697,2438.3523,99.3003,0.00,0.03
4872,2425.0000,0.0000,2425.0000,2425.0000,0.00,0.04
3629,1833.4761,942.5060,2470.5391,96.9310,0.00,0.01
4873,2425.0000,0.0000,2425.0000,2425.0000,0.00,0.04
3630,1843.0289,910.4688,2459.8922,91.7338,0.00,0.02
3631,1373.4678,1092.3638,2471.6301,91.9721,0.00,0.01
4874,2425.0000,0.0000,2425.0000,2425.0000,0.00,0.04
3632,2071.2350,685.4514,2471.8098,529.3463,0.00,0.01
4875,2425.0000,0.0000,2425.0000,2425.0000,0.00,0.04
3633,1817.7998,929.3241,2471.7389,96.9328,0.00,0.01
4876,2425.0000,0.0000,2425.0000,2425.0000,0.00,0.04
3634,2323.1707,518.5877,2470.7851,314.9640,0.00,0.01
4877,2425.0000,0.0000,2425.0000,2425.0000,0.00,0.04
3635,2286.2342,440.5178,2464.1956,1079.1379,0.00,0.02
4878,2425.0000,0.0000,2425.0000,2425.0000,0.00,0.04
3636,2310.7787,570.3623,2469.5328,101.9133,0.00,0.01
4879,2425.0000,0.0000,2425.0000,2425.0000,0.00,0.04
3637,1914.5407,782.2206,2465.9858,298.7904,0.00,0.03
4880,2425.0000,0.0000,2425.0000,2425.0000,0.00,0.04
3638,2007.8066,784.6006,2471.8405,539.1970,0.00,0.01
3639,1977.7567,853.2131,2471.9543,97.0173,0.00,0.01
4881,2425.0000,0.0000,2425.0000,2425.0000,0.00,0.04
3640,2439.7149,7.1739,2459.1647,2430.8817,0.00,0.03
4882,2425.0000,0.0000,2425.0000,2425.0000,0.00,0.04
3641,2013.0708,768.8328,2471.6684,543.4656,0.00,0.02
4883,2425.0000,0.0000,2425.0000,2425.0000,0.00,0.04
3642,1830.4209,953.3751,2471.9639,97.0651,0.00,0.01
4884,2425.0000,0.0000,2425.0000,2425.0000,0.00,0.04
3643,2442.4222,6.1294,2454.8507,2434.0944,0.00,0.03
4885,2425.0000,0.0000,2425.0000,2425.0000,0.00,0.04
3644,2035.4747,747.3944,2471.3639,320.0118,0.00,0.01
4886,2425.0000,0.0000,2425.0000,2425.0000,0.00,0.04
3645,2071.0384,819.3641,2470.9446,96.9938,0.00,0.02
3646,854.6094,866.5506,2440.7533,99.3163,0.00,0.03
4887,2425.0000,0.0000,2425.0000,2425.0000,0.00,0.04
3647,2032.1930,890.5392,2466.1477,97.0371,0.00,0.01
4888,2425.0000,0.0000,2425.0000,2425.0000,0.00,0.04
3648,1519.4804,962.9458,2463.7837,65.1468,0.00,0.03
4889,2425.0000,0.0000,2425.0000,2425.0000,0.00,0.04
3649,2312.4105,515.7875,2458.3764,314.9520,0.00,0.02
4890,2425.0000,0.0000,2425.0000,2425.0000,0.00,0.04
3650,2431.0581,2.4891,2435.8095,2427.3590,0.00,0.03
4891,2425.0000,0.0000,2425.0000,2425.0000,0.00,0.04
3651,1646.9534,925.6067,2471.8711,339.9960,0.00,0.01
4892,2425.0000,0.0000,2425.0000,2425.0000,0.00,0.04
3652,2323.8042,460.7989,2452.2651,539.2499,0.00,0.02
4893,2425.0000,0.0000,2425.0000,2425.0000,0.00,0.04
3653,2432.9310,2.8593,2439.1749,2427.2837,0.00,0.03
3654,1866.3301,906.4273,2471.9297,96.9921,0.00,0.01
4894,2425.0000,0.0000,2425.0000,2425.0000,0.00,0.04
3655,1773.6986,914.8670,2458.2249,101.9455,0.00,0.02
4895,2425.0000,0.0000,2425.0000,2425.0000,0.00,0.04
3656,2432.1172,5.1306,2446.8149,2427.9578,0.00,0.03
4896,2425.0000,0.0000,2425.0000,2425.0000,0.00,0.04
3657,2162.7494,777.0363,2471.8046,101.9146,0.00,0.01
4897,2425.0000,0.0000,2425.0000,2425.0000,0.00,0.04
3658,2229.9203,623.5804,2469.5324,117.2084,0.00,0.01
3659,1401.9240,874.8677,2444.1555,206.3882,0.00,0.03
4898,2425.0000,0.0000,2425.0000,2425.0000,0.00,0.04
3660,2311.9088,528.6591,2472.1938,264.7942,0.00,0.02
4899,2425.0000,0.0000,2425.0000,2425.0000,0.00,0.04
3661,1847.9714,937.4483,2472.0104,96.9406,0.00,0.01
4900,2425.0000,0.0000,2425.0000,2425.0000,0.00,0.04
3662,2140.5160,651.3151,2469.2023,524.6327,0.00,0.02
4901,2425.0000,0.0000,2425.0000,2425.0000,0.00,0.04
3663,2436.4854,5.0647,2447.3185,2429.4299,0.00,0.03
4902,2425.0000,0.0000,2425.0000,2425.0000,0.00,0.04
3664,2211.7816,563.2497,2471.3159,484.7843,0.00,0.02
4903,2425.0000,0.0000,2425.0000,2425.0000,0.00,0.04
3665,1751.9935,944.4765,2457.5104,109.1876,0.00,0.02
4904,2425.0000,0.0000,2425.0000,2425.0000,0.00,0.04
3666,2115.6381,692.2106,2457.7588,554.1435,0.00,0.02
4905,2425.0000,0.0000,2425.0000,2425.0000,0.00,0.04
3667,2430.7003,3.9028,2439.9197,2426.5851,0.00,0.03
3668,2068.9109,791.8644,2471.8158,96.9306,0.00,0.01
4906,2425.0000,0.0000,2425.0000,2425.0000,0.00,0.04
3669,1237.1294,1019.8740,2471.3106,94.6900,0.00,0.02
4907,2425.0000,0.0000,2425.0000,2425.0000,0.00,0.04
3670,1803.8828,973.2534,2471.1284,101.9140,0.00,0.01
4908,2425.0000,0.0000,2425.0000,2425.0000,0.00,0.04
3671,2305.8624,570.3972,2471.5995,97.0201,0.00,0.02
4909,2425.0000,0.0000,2425.0000,2425.0000,0.00,0.04
3672,2296.3620,562.7068,2454.0817,117.2035,0.00,0.02
4910,2425.0000,0.0000,2425.0000,2425.0000,0.00,0.04
3673,2429.2450,2.8226,2438.0021,2426.3929,0.00,0.04
3674,2243.2751,578.7835,2471.5602,319.8212,0.00,0.02
4911,2425.0000,0.0000,2425.0000,2425.0000,0.00,0.04
3675,2438.3852,6.3496,2453.7601,2431.1280,0.00,0.03
4912,2425.0000,0.0000,2425.0000,2425.0000,0.00,0.04
3676,2045.6296,848.4290,2471.8146,197.2572,0.00,0.02
4913,2425.0000,0.0000,2425.0000,2425.0000,0.00,0.04
3677,2204.3466,679.9774,2472.0140,319.8914,0.00,0.01
4914,2425.0000,0.0000,2425.0000,2425.0000,0.00,0.04
3678,2062.4495,831.4371,2471.8557,97.0005,0.00,0.01
4915,2425.0000,0.0000,2425.0000,2425.0000,0.00,0.04
3679,1872.6607,890.4934,2457.2866,128.6984,0.00,0.02
3680,2193.7365,696.1693,2471.8559,146.8770,0.00,0.01
4916,2425.0000,0.0000,2425.0000,2425.0000,0.00,0.04
3681,2179.9456,710.7971,2457.7860,112.2546,0.00,0.02
4917,2425.0000,0.0000,2425.0000,2425.0000,0.00,0.04
3682,2431.0203,2.4440,2434.9641,2427.4699,0.00,0.03
4918,2425.0000,0.0000,2425.0000,2425.0000,0.00,0.04
3683,1941.9621,890.3841,2463.4708,107.1248,0.00,0.02
4919,2425.0000,0.0000,2425.0000,2425.0000,0.00,0.04
3684,2327.9892,450.3160,2457.3329,584.2581,0.00,0.02
4920,2425.0000,0.0000,2425.0000,2425.0000,0.00,0.04
3685,2431.8988,2.8620,2438.2973,2428.0944,0.00,0.03
4921,2425.0000,0.0000,2425.0000,2425.0000,0.00,0.04
3686,1564.5505,1032.0640,2469.7259,101.9123,0.00,0.01
3687,1463.7671,1014.5265,2470.7686,101.9690,0.00,0.01
4922,2425.0000,0.0000,2425.0000,2425.0000,0.00,0.04
3688,2105.5487,751.9367,2471.8546,117.2121,0.00,0.01
4923,2425.0000,0.0000,2425.0000,2425.0000,0.00,0.04
3689,2016.9372,795.7237,2468.3353,97.0265,0.00,0.02
4924,2425.0000,0.0000,2425.0000,2425.0000,0.00,0.04
3690,2010.6387,829.5499,2471.3177,182.4155,0.00,0.02
4925,2425.0000,0.0000,2425.0000,2425.0000,0.00,0.04
3691,2328.0030,445.2142,2456.6318,603.9024,0.00,0.02
4926,2425.0000,0.0000,2425.0000,2425.0000,0.00,0.04
3692,2434.1210,4.0572,2443.0361,2428.4868,0.00,0.03
3693,1796.6519,985.5106,2471.8053,132.0482,0.00,0.01
4927,2425.0000,0.0000,2425.0000,2425.0000,0.00,0.04
3694,2435.6800,6.8481,2455.9493,2428.5186,0.00,0.03
4928,2425.0000,0.0000,2425.0000,2425.0000,0.00,0.04
3695,2312.2642,552.6299,2471.9101,172.3550,0.00,0.02
4929,2425.0000,0.0000,2425.0000,2425.0000,0.00,0.04
3696,2332.7994,454.1655,2471.3032,574.1619,0.00,0.02
4930,2425.0000,0.0000,2425.0000,2425.0000,0.00,0.04
3697,2268.7517,451.4343,2452.6590,986.0194,0.00,0.03
4931,2425.0000,0.0000,2425.0000,2425.0000,0.00,0.04
3698,2426.0123,0.6622,2427.1350,2425.1729,0.00,0.04
4932,2425.0000,0.0000,2425.0000,2425.0000,0.00,0.04
3699,2323.7578,481.2424,2464.7097,460.1667,0.00,0.02
4933,2425.0000,0.0000,2425.0000,2425.0000,0.00,0.04
3700,2328.5348,447.9564,2471.3703,593.9966,0.00,0.02
4934,2425.0000,0.0000,2425.0000,2425.0000,0.00,0.04
3701,2428.8487,2.4364,2437.0083,2426.2049,0.00,0.04
4935,2425.0000,0.0000,2425.0000,2425.0000,0.00,0.04
3702,2155.3730,777.1210,2464.9344,96.8682,0.00,0.02
4936,2425.0000,0.0000,2425.0000,2425.0000,0.00,0.04
3703,2308.5029,483.6992,2438.6142,435.1942,0.00,0.03
4937,2425.0000,0.0000,2425.0000,2425.0000,0.00,0.04
3704,2426.2895,1.1705,2430.5416,2425.3855,0.00,0.04
4938,2425.0000,0.0000,2425.0000,2425.0000,0.00,0.04
3705,2438.9550,6.1223,2455.8166,2430.7430,0.00,0.03
4939,2425.0000,0.0000,2425.0000,2425.0000,0.00,0.04
3706,1598.7063,1107.8069,2471.7727,96.8706,0.00,0.02
4940,2425.0000,0.0000,2425.0000,2425.0000,0.00,0.04
3707,2197.1209,651.9674,2456.3800,455.0768,0.00,0.02
4941,2425.0000,0.0000,2425.0000,2425.0000,0.00,0.04
3708,2431.8925,3.4724,2439.7187,2427.1316,0.00,0.03
4942,2425.0000,0.0000,2425.0000,2425.0000,0.00,0.04
3709,2193.9679,721.7444,2472.0013,96.9933,0.00,0.01
3710,1495.4855,1096.6886,2471.7162,96.9471,0.00,0.02
4943,2425.0000,0.0000,2425.0000,2425.0000,0.00,0.04
3711,1845.5466,922.0298,2471.2268,136.9966,0.00,0.01
4944,2425.0000,0.0000,2425.0000,2425.0000,0.00,0.04
3712,1878.6590,904.4055,2471.8887,127.1104,0.00,0.01
3713,1675.4143,1011.0543,2467.5877,136.9934,0.00,0.01
4945,2425.0000,0.0000,2425.0000,2425.0000,0.00,0.04
3714,2441.9358,6.9008,2452.5965,2430.0659,0.00,0.03
4946,2425.0000,0.0000,2425.0000,2425.0000,0.00,0.04
3715,899.6558,1050.4755,2470.9250,133.2164,0.00,0.03
4947,2425.0000,0.0000,2425.0000,2425.0000,0.00,0.04
3716,2205.3560,649.4587,2468.9103,469.9835,0.00,0.02
4948,2425.0000,0.0000,2425.0000,2425.0000,0.00,0.04
3717,2438.5792,7.2307,2456.1928,2429.7653,0.00,0.03
4949,2425.0000,0.0000,2425.0000,2425.0000,0.00,0.04
3718,1420.4473,1080.5121,2471.5677,94.6730,0.00,0.02
3719,1893.8623,967.6529,2469.5121,122.1621,0.00,0.01
4950,2425.0000,0.0000,2425.0000,2425.0000,0.00,0.04
3720,2432.9841,4.3765,2443.6515,2426.2501,0.00,0.03
4951,2425.0000,0.0000,2425.0000,2425.0000,0.00,0.04
3721,1479.2337,1111.0464,2470.4209,70.3614,0.00,0.02
4952,2425.0000,0.0000,2425.0000,2425.0000,0.00,0.04
3722,2444.7553,7.9695,2458.7275,2430.0326,0.00,0.02
3723,187.2030,121.5090,461.3256,50.5569,0.00,0.03
4953,2425.0000,0.0000,2425.0000,2425.0000,0.00,0.04
3724,1802.8653,980.0552,2471.8284,106.8549,0.00,0.01
3725,1962.4581,866.5336,2471.7441,117.2143,0.00,0.01
4954,2425.0000,0.0000,2425.0000,2425.0000,0.00,0.04
3726,1852.1487,923.7822,2471.2769,113.9216,0.00,0.02
4955,2425.0000,0.0000,2425.0000,2425.0000,0.00,0.04
3727,2093.3449,743.9031,2468.6781,479.9377,0.00,0.02
4956,2425.0000,0.0000,2425.0000,2425.0000,0.00,0.04
3728,2438.3917,7.2776,2455.9221,2429.0247,0.00,0.03
4957,2425.0000,0.0000,2425.0000,2425.0000,0.00,0.04
3729,1735.2777,1065.5084,2471.2777,118.7654,0.00,0.02
4958,2425.0000,0.0000,2425.0000,2425.0000,0.00,0.04
3730,2441.0917,8.1641,2453.9324,2430.1274,0.00,0.03
3731,1077.1080,1064.8816,2465.8622,103.8727,0.00,0.03
4959,2425.0000,0.0000,2425.0000,2425.0000,0.00,0.04
3732,2045.9654,848.7138,2465.0306,112.2475,0.00,0.02
4960,2425.0000,0.0000,2425.0000,2425.0000,0.00,0.04
3733,2440.2087,7.1397,2456.0326,2429.1464,0.00,0.03
4961,2425.0000,0.0000,2425.0000,2425.0000,0.00,0.04
3734,2192.4389,680.5753,2463.1601,225.6794,0.00,0.02
4962,2425.0000,0.0000,2425.0000,2425.0000,0.00,0.04
3735,2331.0694,457.5269,2470.9320,559.4263,0.00,0.02
3736,2054.6137,811.9161,2451.2588,96.8780,0.00,0.02
4963,2425.0000,0.0000,2425.0000,2425.0000,0.00,0.04
3737,2427.5060,1.4981,2430.6925,2425.5728,0.00,0.04
4964,2425.0000,0.0000,2425.0000,2425.0000,0.00,0.04
3738,2134.4823,679.2972,2471.3981,504.8483,0.00,0.01
4965,2425.0000,0.0000,2425.0000,2425.0000,0.00,0.04
3739,2444.0888,6.1865,2454.3621,2431.1738,0.00,0.02
4966,2425.0000,0.0000,2425.0000,2425.0000,0.00,0.04
3740,1792.4243,986.9489,2470.7440,122.1550,0.00,0.02
4967,2425.0000,0.0000,2425.0000,2425.0000,0.00,0.04
3741,1778.0405,909.4854,2472.2149,172.7571,0.00,0.01
3742,1236.9438,993.7586,2465.3782,96.9247,0.00,0.01
4968,2425.0000,0.0000,2425.0000,2425.0000,0.00,0.04
3743,2075.2262,792.3046,2471.5963,251.1698,0.00,0.02
4969,2425.0000,0.0000,2425.0000,2425.0000,0.00,0.04
3744,1920.7786,929.9982,2471.9166,96.9998,0.00,0.01
3745,142.7508,84.3839,362.6018,40.8510,0.00,0.03
4970,2425.0000,0.0000,2425.0000,2425.0000,0.00,0.04
3746,1840.5697,829.3382,2471.9152,99.4894,0.00,0.01
4971,2425.0000,0.0000,2425.0000,2425.0000,0.00,0.04
3747,2309.2141,556.6819,2470.3590,153.3649,0.00,0.02
4972,2425.0000,0.0000,2425.0000,2425.0000,0.00,0.04
3748,2180.7375,704.1329,2465.1590,117.2024,0.00,0.02
4973,2425.0000,0.0000,2425.0000,2425.0000,0.00,0.04
3749,2432.1496,5.7014,2449.8815,2426.8396,0.00,0.03
3750,1210.4649,986.7895,2468.7444,128.5769,0.00,0.02
4974,2425.0000,0.0000,2425.0000,2425.0000,0.00,0.04
3751,1595.6698,1040.1390,2471.2412,96.9836,0.00,0.01
3752,1262.7381,1085.7442,2471.6009,133.7511,0.00,0.02
4975,2425.0000,0.0000,2425.0000,2425.0000,0.00,0.04
3753,2437.1260,5.8228,2449.9032,2429.1647,0.00,0.03
4976,2425.0000,0.0000,2425.0000,2425.0000,0.00,0.04
3754,1869.3397,894.4349,2468.9503,167.5847,0.00,0.02
4977,2425.0000,0.0000,2425.0000,2425.0000,0.00,0.04
3755,2334.9096,440.6427,2468.7681,628.6556,0.00,0.02
4978,2425.0000,0.0000,2425.0000,2425.0000,0.00,0.04
3756,2438.3060,7.6993,2452.7237,2427.6674,0.00,0.03
4979,2425.0000,0.0000,2425.0000,2425.0000,0.00,0.04
3757,621.8577,878.7966,2458.3157,128.4799,0.00,0.03
3758,2069.4694,811.8876,2471.7635,112.2505,0.00,0.01
4980,2425.0000,0.0000,2425.0000,2425.0000,0.00,0.04
3759,2254.9335,545.9954,2471.6737,549.6014,0.00,0.01
4981,2425.0000,0.0000,2425.0000,2425.0000,0.00,0.04
3760,2232.4785,626.9442,2471.7906,106.8511,0.00,0.01
4982,2425.0000,0.0000,2425.0000,2425.0000,0.00,0.04
3761,1804.2713,865.5524,2467.7442,117.2116,0.00,0.01
4983,2425.0000,0.0000,2425.0000,2425.0000,0.00,0.04
3762,2456.9009,8.9761,2471.3032,2441.0236,0.00,0.01
4984,2425.0000,0.0000,2425.0000,2425.0000,0.00,0.04
3763,2333.1241,455.5181,2471.8250,569.3778,0.00,0.02
4985,2425.0000,0.0000,2425.0000,2425.0000,0.00,0.04
3764,2203.6028,642.4501,2465.0641,450.0717,0.00,0.02
4986,2425.0000,0.0000,2425.0000,2425.0000,0.00,0.04
3765,2433.8394,4.5454,2443.5287,2426.6813,0.00,0.03
4987,2425.0000,0.0000,2425.0000,2425.0000,0.00,0.04
3766,1796.6585,972.9006,2467.7437,250.1412,0.00,0.02
4988,2425.0000,0.0000,2425.0000,2425.0000,0.00,0.04
3767,2192.3763,703.0841,2471.7954,107.3085,0.00,0.01
4989,2425.0000,0.0000,2425.0000,2425.0000,0.00,0.04
3768,2321.5030,474.3461,2467.7616,484.7624,0.00,0.02
4990,2425.0000,0.0000,2425.0000,2425.0000,0.00,0.04
3769,2432.8196,5.1028,2444.3587,2426.7225,0.00,0.03
3770,1523.0919,1057.2571,2469.9642,143.3482,0.00,0.02
4991,2425.0000,0.0000,2425.0000,2425.0000,0.00,0.04
3771,2318.8450,472.3394,2460.7624,489.6925,0.00,0.03
4992,2425.0000,0.0000,2425.0000,2425.0000,0.00,0.04
3772,2432.8838,4.0800,2441.3768,2427.6338,0.00,0.03
4993,2425.0000,0.0000,2425.0000,2425.0000,0.00,0.04
3773,1962.5005,876.2440,2471.7513,96.9380,0.00,0.01
4994,2425.0000,0.0000,2425.0000,2425.0000,0.00,0.04
3774,1742.8091,967.6898,2471.9432,147.8734,0.00,0.02
3775,2298.8476,567.3064,2471.3171,102.0054,0.00,0.02
4995,2425.0000,0.0000,2425.0000,2425.0000,0.00,0.04
3776,2432.3465,4.9980,2446.4315,2427.6571,0.00,0.03
4996,2425.0000,0.0000,2425.0000,2425.0000,0.00,0.04
3777,2102.7478,753.3188,2468.3663,102.0038,0.00,0.01
4997,2425.0000,0.0000,2425.0000,2425.0000,0.00,0.04
3778,1913.6400,932.8714,2471.8345,187.4045,0.00,0.02
4998,2425.0000,0.0000,2425.0000,2425.0000,0.00,0.04
3779,2174.8959,703.0856,2469.3139,260.4560,0.00,0.02
4999,2425.0000,0.0000,2425.0000,2425.0000,0.00,0.04
3780,2206.6583,649.0206,2471.5763,479.8335,0.00,0.02
3781,2443.2286,6.6221,2456.3151,2434.5076,0.00,0.02
3782,2025.9740,868.6545,2464.6799,117.2076,0.00,0.02
3783,2330.5408,470.1859,2471.2996,509.8456,0.00,0.02
3784,2178.3217,714.0154,2464.0766,101.8638,0.00,0.02
3785,2433.6482,4.7729,2442.4102,2427.6615,0.00,0.03
3786,1946.1822,889.5228,2471.8971,255.2904,0.00,0.01
3787,2146.0768,772.5069,2471.7136,101.9128,0.00,0.01
3788,2080.5519,788.8921,2471.8505,324.0134,0.00,0.01
3789,2181.1002,711.0015,2465.1638,96.9508,0.00,0.02
3790,2441.3023,8.4023,2464.0970,2429.8652,0.00,0.03
3791,1632.2345,966.9763,2467.6876,187.1992,0.00,0.02
3792,1984.1363,843.3670,2471.8308,96.8704,0.00,0.01
3793,569.5560,738.5138,2445.5622,79.6497,0.00,0.03
3794,1854.7105,928.6204,2471.9521,96.8687,0.00,0.01
3795,1984.1720,842.7395,2471.8243,96.8791,0.00,0.01
3796,1928.1479,906.1966,2461.1469,112.2540,0.00,0.02
3797,1643.6558,1036.5778,2453.9480,191.5413,0.00,0.03
3798,2200.8653,654.2807,2456.1597,464.9196,0.00,0.02
3799,2438.7898,8.1215,2456.4651,2427.6934,0.00,0.03
3800,645.2170,766.4313,2457.9394,128.3705,0.00,0.03
3801,2069.6087,811.4172,2471.7903,132.0495,0.00,0.01
3802,1609.0006,989.9442,2471.6041,96.9672,0.00,0.01
3803,1700.3426,980.0378,2453.7520,176.8853,0.00,0.02
3804,2451.1934,12.3141,2471.8145,2434.4788,0.00,0.02
3805,1222.3541,1091.2642,2446.3142,147.7713,0.00,0.03
3806,1869.5391,862.2109,2467.0301,484.6227,0.00,0.02
3807,2434.5424,6.3179,2452.0458,2427.9782,0.00,0.03
3808,2193.0358,573.7952,2471.2196,401.1913,0.00,0.02
3809,2076.3012,793.4270,2471.2577,107.1236,0.00,0.02
3810,2322.9457,341.2302,2468.2465,1212.9814,0.00,0.02
3811,1241.7934,1042.7444,2459.7666,157.4805,0.00,0.03
3812,2307.7111,566.9520,2471.3567,112.2417,0.00,0.02
3813,2444.4231,8.7143,2469.9206,2434.7438,0.00,0.02
3814,839.4108,933.6668,2439.9843,128.2529,0.00,0.03
3815,1922.9628,931.5015,2467.9802,101.8704,0.00,0.01
3816,1940.0608,909.3421,2466.2490,96.9482,0.00,0.01
3817,2324.5555,459.6312,2453.0674,544.5472,0.00,0.02
3818,2430.3919,2.6713,2435.0133,2426.7913,0.00,0.03
3819,2324.0741,516.2669,2471.8675,324.7797,0.00,0.01
3820,1724.9698,973.1049,2471.9923,102.0009,0.00,0.01
3821,1847.0195,953.1313,2471.4980,101.8697,0.00,0.02
3822,2173.8140,738.9848,2471.1926,216.2911,0.00,0.02
3823,2443.7270,8.1255,2458.2324,2431.2527,0.00,0.02
3824,1846.3911,896.6379,2469.5785,299.0311,0.00,0.02
3825,1812.4069,956.2754,2462.5708,96.9480,0.00,0.02
3826,2433.2471,4.4019,2444.6522,2427.8210,0.00,0.03
3827,1491.6825,1012.6495,2468.2043,96.9494,0.00,0.02
3828,1733.6707,943.2775,2471.2630,172.5389,0.00,0.02
3829,2044.8422,847.3882,2471.3701,148.2906,0.00,0.02
3830,2180.4941,715.8234,2460.9986,96.9925,0.00,0.02
3831,2436.5736,5.5211,2447.3664,2427.8537,0.00,0.03
3832,2019.1054,753.8259,2454.8112,347.0856,0.00,0.02
3833,2088.4134,773.9988,2471.2995,314.9674,0.00,0.01
3834,2123.6783,688.5144,2457.6953,489.6892,0.00,0.02
3835,2433.3153,4.5373,2442.2139,2427.2709,0.00,0.03
3836,2033.0710,766.5265,2471.1924,102.1820,0.00,0.01
3837,1233.8616,954.0147,2443.5528,123.3350,0.00,0.03
3838,1845.1622,935.2700,2470.1812,97.0067,0.00,0.01
3839,2229.6874,633.9275,2471.9127,116.4795,0.00,0.01
3840,1085.2122,959.5185,2448.7591,94.2240,0.00,0.03
3841,2192.4731,676.0215,2459.1524,151.5227,0.00,0.02
3842,2285.5641,560.0841,2434.1668,116.3791,0.00,0.03
3843,2425.1804,0.1096,2425.5242,2425.0631,0.00,0.04
3844,2426.7858,1.7121,2432.3501,2425.4943,0.00,0.04
3845,2102.0329,735.9511,2471.1918,538.9979,0.00,0.01
3846,2333.0845,435.2119,2456.6846,647.7018,0.00,0.02
3847,2434.7529,7.1228,2450.8271,2427.6975,0.00,0.03
3848,1646.2384,1035.6823,2455.6161,123.5322,0.00,0.03
3849,2365.9501,288.9610,2457.1734,1247.0420,0.00,0.03
3850,2428.4555,1.9463,2432.9390,2425.8885,0.00,0.04
3851,1698.0576,984.2130,2466.2215,116.4528,0.00,0.02
3852,2443.2198,7.3959,2456.0928,2430.9132,0.00,0.02
3853,1467.4362,1041.2928,2442.5003,133.3378,0.00,0.03
3854,1910.1017,819.1196,2471.8036,538.8540,0.00,0.01
3855,2203.6335,648.8129,2471.0124,484.7327,0.00,0.02
3856,2436.4669,4.1768,2444.4993,2428.8129,0.00,0.03
3857,2115.9637,738.3309,2471.6896,102.4391,0.00,0.01
3858,1986.2455,847.2366,2471.5125,92.1110,0.00,0.02
3859,1571.6054,1060.8469,2450.3418,114.0547,0.00,0.03
3860,2092.7212,753.0025,2471.8806,470.1498,0.00,0.02
3861,2186.8902,700.2016,2463.8215,92.2584,0.00,0.02
3862,2329.5262,423.9600,2448.5878,687.6337,0.00,0.03
3863,2428.1332,1.8041,2432.5600,2426.0816,0.00,0.04
3864,1808.6264,962.9566,2458.0012,116.4787,0.00,0.02
3865,2331.7933,459.1500,2461.9648,553.7016,0.00,0.02
3866,2206.7453,631.8792,2454.9737,460.1522,0.00,0.02
3867,2429.7622,3.2269,2437.6051,2426.3927,0.00,0.04
3868,2083.5697,807.0756,2471.2628,116.4404,0.00,0.01
3869,2009.8870,764.9522,2471.7585,547.1509,0.00,0.02
3870,2063.9617,809.3450,2469.9289,136.6808,0.00,0.02
3871,2177.0663,709.1040,2465.1177,107.2157,0.00,0.02
3872,2428.1769,1.5659,2431.6894,2425.6200,0.00,0.04
3873,1933.6434,897.0875,2464.3009,116.3934,0.00,0.02
3874,2433.5470,3.3132,2439.2788,2428.2858,0.00,0.03
3875,2312.7794,567.1408,2471.7157,116.4467,0.00,0.01
3876,1978.1631,818.5930,2463.0804,514.5135,0.00,0.02
3877,2300.1376,570.1627,2471.1809,92.1148,0.00,0.02
3878,2434.9156,5.3574,2443.6787,2427.2147,0.00,0.03
3879,1598.4832,1008.9242,2466.1628,116.4915,0.00,0.02
3880,2221.9693,639.6826,2471.5970,116.3831,0.00,0.01
3881,1277.6402,1033.3689,2455.7348,157.8125,0.00,0.03
3882,2323.5341,509.9144,2471.9248,349.2293,0.00,0.01
3883,2440.0548,4.9140,2447.2336,2431.7825,0.00,0.03
3884,2017.4227,917.0245,2470.9652,92.1248,0.00,0.01
3885,919.5259,1050.1643,2464.5669,70.1257,0.00,0.03
3886,2323.5272,459.5430,2455.7506,543.9394,0.00,0.02
3887,2432.8298,4.6599,2441.3742,2426.7977,0.00,0.03
3888,1788.4540,817.0058,2470.7128,344.5923,0.00,0.02
3889,2109.2718,724.1646,2470.3831,329.6363,0.00,0.02
3890,2437.4527,4.7852,2446.9663,2431.9442,0.00,0.03
3891,2078.9827,789.2655,2471.9626,310.1382,0.00,0.01
3892,1259.6211,943.4063,2471.5876,128.7755,0.00,0.03
3893,2014.1676,777.2856,2465.7578,464.9620,0.00,0.02
3894,2438.4452,6.3430,2452.3949,2428.2201,0.00,0.03
3895,1945.5082,816.3117,2471.2713,162.8349,0.00,0.02
3896,2066.4799,815.2826,2471.7483,101.9951,0.00,0.01
3897,1971.6188,837.0295,2464.2054,489.7605,0.00,0.02
3898,2355.3996,353.7282,2468.9455,985.6886,0.00,0.02
3899,2434.6929,6.7178,2450.5664,2427.4541,0.00,0.03
3900,1991.6500,863.5368,2456.4056,197.5889,0.00,0.02
3901,2065.4083,819.3448,2472.0228,96.9918,0.00,0.01
3902,1869.3993,898.5226,2464.7062,96.9517,0.00,0.01
3903,1474.7705,1024.0583,2470.7102,214.5921,0.00,0.02
3904,1747.5205,1049.3529,2467.1209,114.2255,0.00,0.02
3905,2442.1419,6.9901,2458.2551,2432.0999,0.00,0.03
3906,823.9453,957.8473,2463.5412,80.0069,0.00,0.03
3907,2068.0021,813.9682,2471.7219,97.0225,0.00,0.01
3908,2225.0224,645.2623,2472.1539,96.9356,0.00,0.01
3909,1893.2538,858.9693,2471.7062,101.9590,0.00,0.01
3910,1926.6274,938.1892,2467.7671,96.9652,0.00,0.01
3911,588.5675,746.3707,2455.4004,89.6274,0.00,0.03
3912,2087.5070,757.0546,2464.0019,340.0255,0.00,0.02
3913,2440.0376,7.9553,2455.4139,2430.1248,0.00,0.03
3914,1879.1400,881.4982,2464.1912,157.9480,0.00,0.02
3915,2157.2216,613.5976,2457.3023,514.5094,0.00,0.02
3916,2429.8577,1.7396,2432.5708,2426.6656,0.00,0.04
3917,2187.0277,706.0074,2466.1077,132.0487,0.00,0.02
3918,2152.0842,771.0141,2457.9099,112.2461,0.00,0.02
3919,2428.8887,2.0334,2432.7750,2426.4731,0.00,0.04
3920,2192.3287,674.7669,2464.2010,305.1993,0.00,0.02
3921,2434.3386,5.1980,2450.2615,2429.6944,0.00,0.03
3922,2452.0833,27.9563,2471.9706,2350.6113,0.00,0.01
3923,2326.8669,514.3327,2471.7561,335.0679,0.00,0.01
3924,1618.8471,1085.6978,2471.9275,111.5567,0.00,0.01
3925,1778.6099,902.4958,2465.9585,184.1915,0.00,0.02
3926,2299.1529,562.2898,2455.3208,121.5964,0.00,0.02
3927,2432.0657,4.1405,2444.2188,2427.1591,0.00,0.03
3928,2093.4729,760.6376,2471.5199,251.5891,0.00,0.02
3929,2073.8237,787.6837,2468.1483,334.8969,0.00,0.02
3930,2433.1308,3.2822,2440.4525,2428.3826,0.00,0.03
3931,1580.9803,990.7919,2472.0240,97.0189,0.00,0.01
3932,1972.8753,854.6547,2470.3405,96.9386,0.00,0.02
3933,1563.0046,1024.8521,2460.3475,143.5948,0.00,0.02
3934,2213.9849,614.5932,2458.5121,548.9054,0.00,0.02
3935,2435.0021,3.3224,2440.7201,2429.4810,0.00,0.03
3936,1955.8408,874.1997,2471.6631,166.3558,0.00,0.01
3937,2061.4357,830.2762,2471.2030,116.4860,0.00,0.01
3938,1449.8891,944.2099,2471.3454,116.5198,0.00,0.01
3939,2077.8994,796.2125,2471.7827,116.4505,0.00,0.01
3940,1984.2405,845.5196,2471.3552,141.6428,0.00,0.01
3941,992.3199,1031.5229,2459.0022,133.4530,0.00,0.03
3942,1810.2926,963.9377,2471.6269,116.4874,0.00,0.01
3943,2031.1239,866.7214,2470.9840,96.1561,0.00,0.02
3944,2433.1420,4.6082,2443.2257,2426.7859,0.00,0.03
3945,1844.3751,925.7665,2471.9970,132.0985,0.00,0.01
3946,2047.2333,735.5691,2471.3594,300.2200,0.00,0.01
3947,1707.3851,870.1146,2467.2528,121.3857,0.00,0.01
3948,405.7977,566.4495,2446.6140,74.8167,0.00,0.03
3949,881.5027,933.3919,2458.7420,104.7939,0.00,0.02
3950,1698.1651,1014.7152,2471.6276,111.5012,0.00,0.01
3951,2436.5721,5.4206,2451.9118,2429.9345,0.00,0.03
3952,1446.6390,1021.9220,2471.9781,101.4251,0.00,0.01
3953,1141.0025,1040.6869,2462.9101,94.4804,0.00,0.02
3954,1837.5417,946.5398,2458.6961,126.8103,0.00,0.02
3955,2429.6041,2.4121,2434.3115,2426.2509,0.00,0.04
3956,1781.7636,790.8836,2471.6564,359.7051,0.00,0.01
3957,1737.0351,972.8551,2471.0705,101.8761,0.00,0.01
3958,1686.9756,1021.9687,2472.0640,80.3142,0.00,0.01
3959,2300.6173,562.6843,2467.2010,121.6166,0.00,0.02
3960,2431.2984,3.3568,2440.3562,2428.0009,0.00,0.03
3961,1850.0525,918.4615,2471.8935,136.7835,0.00,0.01
3962,2295.0732,566.2711,2456.4209,102.0849,0.00,0.03
3963,2429.1215,2.4506,2436.3406,2426.2817,0.00,0.04
3964,1648.5742,1018.8435,2471.0599,106.7184,0.00,0.01
3965,1779.2980,999.6142,2458.2164,106.6664,0.00,0.02
3966,2430.3552,4.0050,2440.0980,2426.3390,0.00,0.04
3967,1743.8193,937.5288,2471.8366,125.5536,0.00,0.01
3968,2339.5152,399.1980,2455.5589,793.6815,0.00,0.03
3969,2442.0174,6.7897,2457.8514,2432.9463,0.00,0.03
3970,888.5229,1081.0095,2472.0794,36.2634,0.00,0.02
3971,2296.3939,565.3734,2452.9590,106.8361,0.00,0.02
3972,2430.8895,2.8686,2437.7898,2427.2580,0.00,0.03
3973,1521.1140,1077.8893,2471.7782,22.3606,0.00,0.01
3974,2436.3252,6.4160,2451.6624,2426.8068,0.00,0.03
3975,94.4129,412.4191,1688.8815,-27.1480,0.00,0.03
3976,1666.4967,1033.1889,2470.3171,96.9829,0.00,0.01
3977,1801.6486,971.7731,2471.4864,111.5714,0.00,0.02
3978,2435.9074,4.2629,2443.6718,2430.5784,0.00,0.03
3979,1557.9719,1043.2398,2470.9593,71.1166,0.00,0.01
3980,1637.7823,1049.2194,2469.4348,101.8425,0.00,0.01
3981,1748.2258,1057.2393,2472.1300,91.9358,0.00,0.01
3982,1322.5617,1135.8952,2471.2087,80.4763,0.00,0.02
3983,2216.1750,635.7328,2469.6258,87.2618,0.00,0.02
3984,2046.2626,805.8976,2439.7739,332.0396,0.00,0.03
3985,2323.6635,472.3051,2463.9927,494.7026,0.00,0.02
3986,2436.3242,5.3543,2446.4657,2427.3680,0.00,0.03
3987,1467.0014,1041.3780,2472.1387,70.0907,0.00,0.02
3988,2432.3468,3.2185,2438.2267,2427.9167,0.00,0.03
3989,1885.2608,993.0415,2471.7316,104.4278,0.00,0.01
3990,1975.4164,842.5973,2470.6268,111.8090,0.00,0.01
3991,1715.8281,976.0250,2472.0035,117.0909,0.00,0.01
3992,1568.1921,1039.4834,2471.6845,106.6680,0.00,0.01
3993,1356.9731,1107.0201,2470.8841,85.5648,0.00,0.02
3994,2429.2660,3.5609,2440.4920,2425.4670,0.00,0.04
3995,2242.4423,568.9240,2467.1136,544.7957,0.00,0.02
3996,1816.1087,857.1902,2472.2339,165.7034,0.00,0.01
3997,2181.3652,694.1199,2459.1268,340.0540,0.00,0.02
3998,2428.1534,1.0072,2429.9405,2426.8060,0.00,0.04
3999,1642.7427,939.2603,2439.4261,212.7304,0.00,0.03
4000,2431.3160,2.3959,2434.5622,2427.6550,0.00,0.03
4001,1826.3200,939.2798,2470.5282,111.6600,0.00,0.02
4002,2434.9820,5.4527,2446.5362,2427.5696,0.00,0.03
4003,1984.9801,838.8366,2471.7431,92.0652,0.00,0.01
4004,1475.9736,929.6346,2470.6415,106.6738,0.00,0.01
4005,2042.5766,861.0158,2472.4390,76.3723,0.00,0.02
4006,2441.8193,8.4192,2467.3267,2430.4253,0.00,0.03
4007,434.7155,783.8926,2459.1428,-26.6113,0.00,0.02
4008,2262.2440,579.5400,2468.5947,87.1000,0.00,0.02
4009,2432.3981,3.8456,2441.0032,2427.5268,0.00,0.03
4010,1337.8167,975.7804,2471.7143,139.6495,0.00,0.01
4011,1936.0908,913.8082,2472.3828,101.7246,0.00,0.01
4012,2445.4593,8.0658,2458.9366,2434.1630,0.00,0.02
4013,256.5662,574.3513,2454.3069,-26.7536,0.00,0.02
4014,1712.1838,991.7190,2471.6410,97.2840,0.00,0.02
4015,1786.7647,1011.6579,2471.5187,90.0092,0.00,0.01
4016,1891.3435,978.2686,2470.5679,87.0662,0.00,0.01
4017,1798.1646,1015.3883,2472.2875,101.8643,0.00,0.01
4018,1795.5875,1004.3751,2464.3229,106.6711,0.00,0.02
4019,1818.7203,933.6568,2457.3440,126.8756,0.00,0.02
4020,1221.2680,1032.1531,2465.1135,101.8650,0.00,0.03
4021,2165.0436,536.6109,2461.2884,777.6029,0.00,0.03
4022,2299.7870,494.3694,2429.1741,385.1065,0.00,0.04
4023,2269.5973,429.7511,2432.4917,656.8519,0.00,0.03
4024,2426.6960,0.9532,2429.7905,2425.5194,0.00,0.04
4025,1922.8773,872.7859,2445.0574,106.6321,0.00,0.03
4026,2428.4666,2.7672,2437.6327,2425.5947,0.00,0.04
4027,2006.3054,945.0064,2471.8563,8.0867,0.00,0.01
4028,2437.8332,7.8161,2457.8843,2430.3477,0.00,0.03
4029,478.6248,773.8366,2460.8781,-6.8896,0.00,0.02
4030,1962.1682,882.1652,2464.9919,97.0634,0.00,0.01
4031,1775.8848,1024.1401,2471.8514,87.2493,0.00,0.02
4032,2440.5098,6.4215,2455.9875,2432.3913,0.00,0.03
4033,1517.1249,1016.1339,2471.4245,113.8104,0.00,0.02
4034,2006.7313,789.1802,2471.7499,469.9868,0.00,0.02
4035,2437.5049,5.2555,2447.5203,2429.5091,0.00,0.03
4036,1995.7084,846.9925,2471.8394,87.0879,0.00,0.02
4037,1072.7885,984.6151,2454.5727,99.5235,0.00,0.03
4038,1777.2781,930.0740,2471.2265,107.3836,0.00,0.01
4039,2292.9755,570.2081,2471.0237,87.0698,0.00,0.02
4040,2433.2016,4.5584,2444.5457,2427.3123,0.00,0.03
4041,1820.7383,957.2423,2471.7342,177.6501,0.00,0.02
4042,1947.0248,881.9986,2471.7710,116.5683,0.00,0.02
4043,1716.8389,980.2310,2471.7839,92.1496,0.00,0.01
4044,2443.8156,6.8512,2457.6860,2433.6916,0.00,0.02
4045,2029.7539,884.4279,2472.1962,157.9030,0.00,0.02
4046,2446.2190,6.5826,2457.2701,2434.7129,0.00,0.02
4047,1528.1280,1062.2212,2465.8950,94.8446,0.00,0.02
4048,1850.8171,918.3080,2471.7803,97.0218,0.00,0.01
4049,1677.4496,1012.9184,2463.9271,92.1487,0.00,0.01
4050,2204.7567,623.0009,2455.1324,534.3235,0.00,0.03
4051,2426.7500,0.9766,2429.6268,2425.4584,0.00,0.04
4052,2325.7135,448.4243,2452.8734,589.2388,0.00,0.03
4053,2172.2906,681.8174,2436.7875,341.5558,0.00,0.04
4054,2427.5484,1.4680,2430.2798,2425.6815,0.00,0.04
4055,1907.8781,939.6794,2467.1206,140.4390,0.00,0.02
4056,2429.6821,2.6805,2436.4277,2426.4382,0.00,0.04
4057,2242.9475,571.3440,2471.7465,529.1633,0.00,0.01
4058,1822.5194,941.2613,2471.5002,121.9483,0.00,0.02
4059,2308.5031,512.7383,2458.3459,322.9509,0.00,0.03
4060,2324.0779,455.6204,2454.5235,559.5871,0.00,0.03
4061,2430.6419,3.6053,2442.1030,2427.2570,0.00,0.03
4062,2045.0214,865.9087,2470.2026,96.9666,0.00,0.01
4063,2087.8017,683.3345,2470.3845,534.8121,0.00,0.02
4064,2436.0773,6.0489,2450.2920,2428.4871,0.00,0.03
4065,1641.0541,1027.3389,2471.7185,182.3841,0.00,0.02
4066,1809.3332,984.8081,2471.8750,91.9551,0.00,0.01
4067,2221.5922,624.0498,2455.1945,92.0273,0.00,0.02
4068,2429.2706,3.1028,2439.1206,2426.4548,0.00,0.04
4069,2058.5133,826.1706,2471.2666,107.1236,0.00,0.02
4070,1948.4916,884.8273,2471.0818,112.2738,0.00,0.01
4071,1921.1791,937.7815,2471.6120,92.0153,0.00,0.01
4072,1418.7820,1050.4474,2462.2989,117.2985,0.00,0.02
4073,1690.2788,1014.5660,2470.0289,87.0355,0.00,0.01
4074,1899.6475,918.3417,2470.3061,97.0175,0.00,0.02
4075,2066.4244,740.2237,2460.9028,366.6174,0.00,0.03
4076,2433.6720,4.5464,2442.9716,2427.5763,0.00,0.03
4077,2154.8897,663.7005,2470.2809,94.8099,0.00,0.02
4078,2310.7934,565.3633,2471.9579,121.5073,0.00,0.01
4079,1153.0937,1035.4736,2468.6285,118.9839,0.00,0.02
4080,2145.2609,645.8329,2451.4960,385.6326,0.00,0.03
4081,2430.4780,2.9342,2436.7010,2426.8870,0.00,0.03
4082,1915.0906,945.7120,2472.0427,87.2207,0.00,0.01
4083,1670.8452,1041.5649,2471.8761,92.0175,0.00,0.01
4084,2179.5808,692.9386,2451.2382,288.8716,0.00,0.03
4085,2185.4239,700.5055,2471.0757,131.7393,0.00,0.02
4086,2432.3105,3.6229,2440.4194,2427.2512,0.00,0.03
4087,1655.7925,1041.2702,2472.3196,186.9894,0.00,0.02
4088,2049.6977,826.2264,2459.6273,111.5013,0.00,0.02
4089,2427.8099,1.3258,2430.8908,2426.0009,0.00,0.04
4090,2185.8367,697.8696,2462.1634,324.7686,0.00,0.02
4091,2434.0122,3.8719,2440.6559,2428.1239,0.00,0.03
4092,1126.5756,994.7490,2470.5630,109.6169,0.00,0.02
4093,1691.1754,893.6131,2471.8696,143.2421,0.00,0.01
4094,2031.2103,881.8414,2471.3191,55.4044,0.00,0.02
4095,2304.4920,505.5345,2448.5546,346.6929,0.00,0.03
4096,2368.3758,281.8333,2452.8004,1277.0469,0.00,0.03
4097,2434.6287,3.9950,2442.1119,2428.3208,0.00,0.03
4098,2167.1751,761.7598,2471.8323,111.5753,0.00,0.02
4099,2006.1931,840.3265,2471.9972,227.2394,0.00,0.02
4100,2144.8990,666.2408,2471.2467,576.7926,0.00,0.01
4101,1931.3301,914.9215,2472.2537,107.0335,0.00,0.01
4102,2127.8778,693.4387,2471.8322,479.7721,0.00,0.01
4103,2208.1704,647.7189,2467.1551,344.2986,0.00,0.02
4104,2443.5469,10.0754,2460.5592,2430.6024,0.00,0.02
4105,486.7288,742.6919,2438.8037,65.1041,0.00,0.03
4106,2363.5871,352.9532,2464.0076,996.9023,0.00,0.02
4107,1759.3174,951.7330,2470.5834,116.4398,0.00,0.01
4108,2436.9454,6.3023,2449.1546,2426.9740,0.00,0.03
4109,1347.0177,1110.9250,2471.7803,89.3569,0.00,0.03
4110,2430.2254,3.4259,2439.2001,2426.5896,0.00,0.04
4111,2107.3392,730.7983,2469.3758,131.7416,0.00,0.01
4112,1535.2544,1053.6945,2471.3829,162.6373,0.00,0.02
4113,1993.5695,794.2134,2469.5655,603.2479,0.00,0.02
4114,2326.8987,440.0053,2456.4122,622.9441,0.00,0.03
4115,2428.8634,2.2288,2433.0217,2426.0371,0.00,0.04
4116,1960.0107,863.1947,2471.2782,141.6297,0.00,0.01
4117,2121.4606,688.0940,2467.2032,677.4893,0.00,0.02
4118,2443.4019,8.0408,2457.5800,2432.8234,0.00,0.02
4119,2054.6218,734.8537,2467.9222,354.0961,0.00,0.02
4120,1850.7342,897.0777,2465.1295,284.5975,0.00,0.02
4121,2152.5883,770.7750,2459.6449,87.0008,0.00,0.02
4122,2436.9725,6.6576,2456.6119,2429.7724,0.00,0.03
4123,1999.1328,797.9575,2470.2906,156.4706,0.00,0.01
4124,2454.5851,9.4284,2471.5590,2439.1610,0.00,0.02
4125,1368.3130,1074.7594,2445.6267,142.8056,0.00,0.03
4126,2189.4476,689.5412,2468.2962,151.5271,0.00,0.02
4127,2028.3588,848.3816,2444.1645,215.9915,0.00,0.03
4128,2435.7246,7.9195,2458.5340,2427.1480,0.00,0.03
4129,1093.9137,1051.3279,2467.1041,123.4047,0.00,0.03
4130,1988.7540,829.6907,2467.5556,196.4837,0.00,0.02
4131,2270.4163,510.1267,2471.6474,672.8133,0.00,0.01
4132,2067.4935,813.0054,2467.6907,153.7891,0.00,0.02
4133,2151.3539,636.6140,2459.6022,479.8076,0.00,0.02
4134,2220.9068,624.8642,2458.4391,116.4492,0.00,0.02
4135,2432.5493,3.9489,2440.0645,2426.1886,0.00,0.03
4136,2168.0655,717.4319,2461.2740,240.8572,0.00,0.02
4137,2330.3633,423.3194,2471.7708,697.1562,0.00,0.02
4138,2438.3775,6.1693,2451.1453,2427.4038,0.00,0.03
4139,2071.6991,793.0050,2468.5785,152.9332,0.00,0.03
4140,1846.2810,925.8619,2471.8474,141.6324,0.00,0.01
4141,2323.0936,518.4762,2470.4329,315.3471,0.00,0.01
4142,2214.0446,615.6871,2455.6692,474.8809,0.00,0.02
4143,2431.0551,4.2844,2440.9855,2426.4828,0.00,0.03
4144,2015.9855,799.3450,2471.3453,324.4367,0.00,0.02
4145,2387.2119,262.5782,2470.9733,1371.1559,0.00,0.02
4146,1900.3226,944.6569,2457.3883,142.8444,0.00,0.03
4147,2215.7329,629.3353,2470.8758,485.9903,0.00,0.02
4148,1376.8064,987.1932,2471.4611,121.3553,0.00,0.01
4149,1386.6754,1085.0846,2470.4117,116.4546,0.00,0.01
4150,2180.2737,725.2443,2471.6534,126.7110,0.00,0.02
4151,1875.3129,874.7582,2468.7492,136.6867,0.00,0.01
4152,2036.3337,856.9915,2471.7141,87.1156,0.00,0.02
4153,2428.1199,2.2737,2435.0128,2426.0866,0.00,0.04
4154,1825.6638,962.8827,2470.2234,116.4477,0.00,0.02
4155,2439.6442,5.9407,2455.6768,2431.5326,0.00,0.03
4156,2230.3295,625.1848,2468.2086,121.5948,0.00,0.01
4157,2095.6444,754.9128,2467.6145,250.1448,0.00,0.02
4158,2132.1685,669.4157,2471.5503,484.4333,0.00,0.02
4159,2429.4616,3.4917,2440.7623,2426.2453,0.00,0.04
4160,2227.1298,603.6091,2468.5266,598.3127,0.00,0.02
4161,1986.4354,827.8135,2469.3399,121.5082,0.00,0.01
4162,2308.5053,567.1751,2467.4150,112.0874,0.00,0.02
4163,1854.8085,894.4781,2468.8830,324.5454,0.00,0.01
4164,2442.9009,8.0709,2456.8890,2426.6932,0.00,0.03
4165,1666.5316,1002.8010,2463.0657,201.4275,0.00,0.03
4166,1718.6143,990.7161,2471.2852,136.6915,0.00,0.02
4167,1785.2513,970.3358,2445.9027,269.4316,0.00,0.03
4168,2005.9416,787.8402,2471.7065,369.4225,0.00,0.01
4169,2444.0952,7.3071,2456.8092,2432.6444,0.00,0.02
4170,1903.3375,878.6201,2463.2173,157.6761,0.00,0.02
4171,1918.0496,941.3027,2469.5567,126.6216,0.00,0.01
4172,2080.7506,769.9064,2470.7083,344.3651,0.00,0.02
4173,2434.6987,5.6291,2446.3475,2426.9044,0.00,0.03
4174,2136.3439,663.9779,2468.0584,356.8961,0.00,0.02
4175,1741.1107,957.7190,2468.7280,121.4139,0.00,0.02
4176,2067.4677,681.7675,2470.8366,637.8585,0.00,0.02
4177,1213.7164,1010.8242,2452.1165,118.4736,0.00,0.03
4178,2445.9040,8.8039,2466.8104,2433.3075,0.00,0.02
4179,1447.4647,970.3439,2460.9757,186.6706,0.00,0.03
4180,2219.7858,604.0031,2455.5243,553.6580,0.00,0.02
4181,2432.7620,4.8398,2441.7692,2426.4886,0.00,0.03
4182,2047.2662,856.6484,2471.5829,116.3834,0.00,0.01
4183,2056.6103,818.4184,2467.2933,285.8423,0.00,0.02
4184,2238.1694,581.8503,2467.4542,374.3766,0.00,0.02
4185,2378.5605,308.9278,2471.0070,1182.7070,0.00,0.01
4186,1973.1214,827.8507,2453.9972,342.1737,0.00,0.03
4187,2450.5514,12.7569,2471.6864,2431.0560,0.00,0.02
4188,1524.3514,1054.4059,2471.6293,116.4796,0.00,0.01
4189,1899.6709,855.6962,2469.1536,161.4101,0.00,0.01
4190,1526.1270,925.3013,2460.1665,176.7672,0.00,0.03
4191,2194.4212,661.7067,2463.5928,395.8313,0.00,0.03
4192,1962.7140,854.4997,2471.0487,121.3643,0.00,0.02
4193,2327.4977,438.3808,2461.7342,629.9068,0.00,0.03
4194,2434.9175,5.5012,2450.9226,2427.5274,0.00,0.03
4195,2452.2711,12.1957,2471.7404,2436.0697,0.00,0.02
4196,2433.3447,5.2905,2445.9341,2426.3690,0.00,0.03
4197,2314.3602,506.7854,2464.5495,351.8960,0.00,0.02
4198,1927.7656,913.3907,2470.8969,131.7468,0.00,0.02
4199,2438.7011,7.0883,2453.9561,2429.5311,0.00,0.03
4200,1992.7474,842.1923,2471.6486,126.7135,0.00,0.03
4201,2306.8173,565.6125,2466.3310,116.4890,0.00,0.02
4202,1607.7751,990.4226,2442.9846,196.2868,0.00,0.03
4203,1930.8438,932.3553,2471.7016,131.7469,0.00,0.01
4204,2299.1192,564.8460,2471.6688,116.5687,0.00,0.01
4205,1588.1322,1005.5400,2461.7531,128.1856,0.00,0.03
4206,2171.1581,591.7787,2463.1449,553.8025,0.00,0.02
4207,2434.9720,5.2064,2446.1620,2427.4894,0.00,0.03
4208,2068.9240,810.5111,2469.2468,136.6853,0.00,0.01
4209,636.1358,750.7631,2433.5250,186.3733,0.00,0.04
4210,2447.9569,11.9082,2469.5209,2432.6741,0.00,0.02
4211,2434.2127,5.1741,2445.1871,2428.5779,0.00,0.03
4212,2286.3505,436.1890,2470.6780,1079.9352,0.00,0.02
4213,2079.8440,753.6143,2453.5670,478.7912,0.00,0.03
4214,1811.4558,977.3673,2471.7169,116.4364,0.00,0.01
4215,2388.5872,233.2878,2464.8198,1485.8114,0.00,0.02
4216,2172.6317,739.5651,2469.4168,116.4828,0.00,0.02
4217,2438.6001,6.7123,2452.3467,2427.6172,0.00,0.03
4218,2324.2186,457.1051,2466.8465,554.2859,0.00,0.02
4219,394.1754,535.2080,2435.3035,128.0454,0.00,0.04
4220,2264.4736,535.4921,2465.1869,330.2231,0.00,0.02
4221,1403.8673,1037.4306,2443.3086,162.2177,0.00,0.03
4222,2003.0931,799.4696,2471.1094,445.1685,0.00,0.01
4223,1689.6047,989.4263,2470.0778,117.2133,0.00,0.01
4224,2320.1902,510.0861,2470.5783,344.9830,0.00,0.02
4225,2440.6202,5.6371,2450.1526,2428.2689,0.00,0.03
4226,2305.5271,539.6465,2460.9220,215.6896,0.00,0.02
4227,2322.5682,461.8688,2451.5258,533.8683,0.00,0.03
4228,2435.3941,5.0220,2444.3423,2427.3353,0.00,0.03
4229,2049.5295,842.1653,2471.8969,195.4880,0.00,0.02
4230,1467.9689,1023.1210,2456.8970,254.7880,0.00,0.03
4231,2079.2964,773.2134,2471.2094,445.0935,0.00,0.02
4232,2197.9503,645.2225,2449.8644,420.3486,0.00,0.02
4233,2430.0615,2.3480,2434.1065,2426.3435,0.00,0.04
4234,2322.8288,519.8016,2471.3192,310.1721,0.00,0.01
4235,2076.1118,770.0568,2454.5071,430.2519,0.00,0.02
4236,2432.3438,3.0698,2436.4683,2427.2530,0.00,0.03
4237,2376.2054,306.7180,2471.0831,1189.0350,0.00,0.01
4238,2131.8268,686.2646,2471.7345,439.7894,0.00,0.02
4239,2458.4845,9.2493,2470.3624,2443.3629,0.00,0.01
4240,2435.7412,5.0876,2449.4127,2428.3462,0.00,0.03
4241,1472.7116,1107.9164,2455.9101,118.7036,0.00,0.02
4242,2051.5041,821.8656,2469.8026,112.2485,0.00,0.02
4243,2429.0647,2.0007,2433.7858,2426.2665,0.00,0.04
4244,1846.4997,898.8108,2466.3529,479.8325,0.00,0.02
4245,2086.0115,758.6819,2462.9722,440.1590,0.00,0.02
4246,2436.5782,3.7085,2445.4476,2431.5307,0.00,0.03
4247,2067.5148,718.3309,2468.4281,340.0156,0.00,0.01
4248,2089.7754,757.8250,2469.7659,454.9427,0.00,0.02
4249,2351.5581,343.5254,2469.7178,1030.1419,0.00,0.02
4250,2307.9084,569.6573,2471.7840,101.9351,0.00,0.02
4251,2185.6303,692.4838,2470.1271,293.9844,0.00,0.02
4252,2319.2541,468.5699,2462.8121,504.7934,0.00,0.03
4253,2429.5585,2.4180,2433.8419,2426.2527,0.00,0.04
4254,1695.1765,986.2162,2471.0605,92.1649,0.00,0.01
4255,2262.0689,531.9541,2471.8171,559.2060,0.00,0.01
4256,2171.4049,736.0639,2471.7869,107.1265,0.00,0.02
4257,2452.5510,10.9971,2471.8054,2436.0268,0.00,0.02
4258,1936.5157,897.4565,2471.8751,102.4333,0.00,0.02
4259,2318.7750,473.5539,2454.2148,484.8642,0.00,0.03
4260,2430.9015,2.1385,2434.9964,2426.7255,0.00,0.03
4261,2015.3699,786.2177,2471.9626,112.2548,0.00,0.02
4262,2439.3120,6.5853,2449.8385,2429.0765,0.00,0.03
4263,2225.0460,598.4707,2471.2975,327.7440,0.00,0.02
4264,2324.9604,470.1035,2471.1484,504.8307,0.00,0.02
4265,2438.5521,6.7039,2450.0442,2428.2641,0.00,0.03
4266,1571.5584,1002.3989,2450.1323,210.9340,0.00,0.03
4267,2074.9861,765.6346,2464.5166,455.0068,0.00,0.02
4268,2431.5241,3.4140,2440.5543,2427.0137,0.00,0.03
4269,1963.6791,794.4613,2471.7435,430.2670,0.00,0.01
4270,1753.9217,926.2081,2470.9471,112.2586,0.00,0.01
4271,2180.3378,702.2788,2459.6942,146.5853,0.00,0.02
4272,2432.1982,5.6956,2446.6614,2425.9612,0.00,0.03
4273,1937.1319,847.1373,2456.1735,118.4742,0.00,0.03
4274,2062.7084,788.8558,2454.5447,335.0587,0.00,0.02
4275,2427.9907,1.7974,2432.3287,2425.6954,0.00,0.04
4276,2197.6525,677.3002,2471.7465,329.8272,0.00,0.02
4277,2148.4881,770.6969,2453.9574,96.8742,0.00,0.03
4278,2426.8649,1.4420,2430.4382,2425.3550,0.00,0.04
4279,2061.1047,817.9387,2468.9627,122.1632,0.00,0.02
4280,2302.1546,568.1615,2471.6932,101.8720,0.00,0.02
4281,2437.3579,5.8623,2453.3566,2428.7283,0.00,0.03
4282,2457.5582,11.7338,2471.8888,2436.4188,0.00,0.01
4283,2438.6561,6.9831,2454.4302,2429.6996,0.00,0.03
4284,1934.2892,883.4409,2454.9538,322.9806,0.00,0.03
4285,2080.3860,768.2737,2464.8356,430.2149,0.00,0.02
4286,2436.0901,7.1034,2450.7522,2428.1150,0.00,0.03
4287,2024.4129,864.1863,2452.7502,205.9752,0.00,0.03
4288,2446.9890,9.7939,2464.2895,2434.8466,0.00,0.02
4289,935.6394,924.9563,2440.0109,186.7737,0.00,0.03
4290,1895.8007,961.8993,2469.8845,117.2043,0.00,0.02
4291,387.9816,533.9824,2435.1382,133.0869,0.00,0.04
4292,2192.7997,676.1231,2471.1407,230.5445,0.00,0.02
4293,2196.4396,676.9261,2470.5962,320.1396,0.00,0.02
4294,1614.9751,970.1839,2445.3322,312.8818,0.00,0.03
4295,2182.0805,724.1133,2471.1829,96.8765,0.00,0.02
4296,1941.2176,890.0389,2469.1649,92.0400,0.00,0.02
4297,2081.1486,774.8873,2471.7189,450.0601,0.00,0.02
4298,2198.8570,659.2454,2470.1589,430.2447,0.00,0.02
4299,2436.2269,5.3406,2448.6616,2428.1239,0.00,0.03
4300,2177.7153,710.9003,2470.2361,294.5066,0.00,0.02
4301,1837.1917,934.8909,2468.2808,112.2587,0.00,0.01
4302,2435.5512,6.7159,2449.7881,2427.3974,0.00,0.03
4303,1928.8511,900.7183,2471.8953,289.1397,0.00,0.02
4304,2444.8046,9.2225,2465.1742,2432.5069,0.00,0.02
4305,1675.0174,1001.3554,2454.1461,210.8273,0.00,0.03
4306,1917.7303,928.4596,2471.2870,96.9515,0.00,0.02
4307,2440.6719,9.8157,2471.2637,2429.5732,0.00,0.03
4308,2176.0962,699.1278,2456.8592,313.0190,0.00,0.03
4309,2084.8666,755.2092,2458.2824,186.5230,0.00,0.03
4310,2323.6347,476.1188,2464.7875,479.9890,0.00,0.02
4311,2437.5297,7.4091,2454.7711,2429.1766,0.00,0.03
4312,2445.8074,9.7657,2465.3137,2430.3236,0.00,0.02
4313,2204.3497,626.4326,2449.7062,544.4909,0.00,0.02
4314,2428.3175,1.9979,2434.2152,2426.3370,0.00,0.04
4315,1859.9990,890.1435,2465.8223,87.1160,0.00,0.02
4316,2430.2580,2.3612,2435.1272,2426.4660,0.00,0.04
4317,2456.9032,7.9500,2471.7577,2446.3210,0.00,0.01
4318,2399.7853,180.4020,2460.5269,1701.8188,0.00,0.02
4319,2027.3664,812.0683,2471.2353,87.1282,0.00,0.01
4320,2454.9214,10.8469,2470.4493,2439.7421,0.00,0.02
4321,2438.8658,9.2063,2467.8207,2428.7294,0.00,0.03
4322,1222.7970,1078.9393,2462.3374,94.5921,0.00,0.03
4323,2163.6974,777.3829,2471.3646,96.9730,0.00,0.01
4324,2177.6817,745.3456,2471.3709,107.3909,0.00,0.01
4325,2200.7776,672.8294,2471.8935,340.1290,0.00,0.01
4326,1693.4899,981.9667,2465.5501,92.0490,0.00,0.02
4327,2437.5862,5.7315,2448.4968,2427.7430,0.00,0.03
4328,1346.3742,898.1342,2450.9082,197.4591,0.00,0.03
4329,2195.6432,685.9230,2466.3390,378.6907,0.00,0.02
4330,2198.3346,677.7661,2470.2679,380.8358,0.00,0.02
4331,1798.4630,916.7660,2468.8058,122.2494,0.00,0.01
4332,2193.1556,705.2103,2471.8718,320.1103,0.00,0.01
4333,1847.2035,974.5260,2471.4047,92.0407,0.00,0.02
4334,2158.4792,779.1510,2471.4049,87.1165,0.00,0.02
4335,1790.0572,967.6348,2452.0448,205.9770,0.00,0.03
4336,2075.8785,800.1371,2471.4140,305.2572,0.00,0.01
4337,1640.7041,980.1594,2452.5647,97.0466,0.00,0.02
4338,2323.5861,463.5644,2452.1057,528.3115,0.00,0.03
4339,2223.0989,553.0778,2471.8314,320.0888,0.00,0.02
4340,2454.9741,8.4798,2468.5015,2437.2227,0.00,0.02
4341,1451.6421,924.1777,2471.1386,97.4915,0.00,0.02
4342,1746.2308,877.2645,2453.8916,92.0736,0.00,0.02
4343,2348.3580,314.9237,2434.8942,1128.7026,0.00,0.03
4344,2425.5297,0.3889,2426.4947,2425.1105,0.00,0.04
4345,2034.5799,655.7297,2443.7774,600.4782,0.00,0.03
4346,2428.6298,3.0118,2435.7986,2425.7125,0.00,0.04
4347,2459.1216,9.8905,2471.0346,2438.7616,0.00,0.01
4348,2329.4019,489.1614,2471.3036,435.2205,0.00,0.02
4349,2205.6204,645.1368,2465.7689,440.2079,0.00,0.02
4350,2313.6604,483.7779,2450.9311,440.1774,0.00,0.03
4351,2428.2753,3.6479,2440.6782,2425.7349,0.00,0.04
4352,2212.4371,652.3280,2471.9020,435.2197,0.00,0.01
4353,2305.9459,570.4020,2470.1580,97.0484,0.00,0.02
4354,1494.9285,976.4717,2452.9397,235.4819,0.00,0.03
4355,2204.2551,660.6671,2471.4705,315.1464,0.00,0.02
4356,2364.5523,279.5729,2454.1887,1282.1017,0.00,0.03
4357,2427.6557,1.0937,2429.6117,2425.6173,0.00,0.04
4358,2083.8616,752.2400,2459.0925,410.5911,0.00,0.02
4359,2433.8676,4.9092,2442.6194,2426.6344,0.00,0.03
4360,2326.3959,482.0728,2468.0136,459.7977,0.00,0.02
4361,1528.2779,995.8915,2467.6980,97.4811,0.00,0.02
4362,2065.5468,796.1889,2470.3428,306.7738,0.00,0.02
4363,2354.9542,341.5510,2470.7978,1032.7450,0.00,0.02
4364,2437.4148,7.4877,2450.7590,2428.5072,0.00,0.03
4365,2010.3664,816.1962,2471.8964,220.6385,0.00,0.02
4366,2435.1795,5.6320,2446.7769,2427.6560,0.00,0.03
4367,2317.4688,518.3634,2467.8582,310.1505,0.00,0.02
4368,1545.8299,912.5680,2449.7835,343.2054,0.00,0.03
4369,2444.9130,7.8617,2460.6199,2434.0861,0.00,0.02
4370,1989.9898,797.1332,2465.2455,425.3843,0.00,0.02
4371,2432.6915,5.2413,2448.2668,2426.2953,0.00,0.03
4372,2207.9041,632.7828,2463.9638,524.6974,0.00,0.02
4373,239.2209,120.0973,541.7331,103.9135,0.00,0.04
4374,2178.5646,705.6878,2457.4190,225.5705,0.00,0.02
4375,2130.4566,682.7220,2465.4343,445.2160,0.00,0.02
4376,2435.6670,6.0765,2448.6086,2428.4474,0.00,0.03
4377,2259.6414,563.7517,2461.3965,181.9279,0.00,0.02
4378,1927.3109,900.4090,2454.8358,117.1936,0.00,0.02
4379,2432.7416,4.6577,2443.1830,2426.0757,0.00,0.03
4380,2207.6257,643.7626,2471.7293,500.8285,0.00,0.02
4381,1823.9815,945.8757,2464.5747,106.7486,0.00,0.02
4382,2317.3539,473.2881,2469.3856,484.6337,0.00,0.03
4383,2428.1478,1.6864,2432.7939,2425.7204,0.00,0.04
4384,1888.6104,979.7833,2467.2703,101.7851,0.00,0.02
4385,2437.4380,6.3118,2449.9570,2428.9093,0.00,0.03
4386,2171.9338,727.8202,2464.4900,127.0785,0.00,0.02
4387,1789.2399,969.9298,2467.1136,181.6264,0.00,0.03
4388,2134.1309,668.0788,2471.7767,549.1381,0.00,0.02
4389,2431.8088,3.5242,2440.5413,2426.5163,0.00,0.03
4390,1750.5632,939.8724,2471.7877,101.8773,0.00,0.01
4391,967.0206,998.9594,2448.6991,158.2395,0.00,0.03
4392,1915.8033,942.8934,2470.8884,92.1651,0.00,0.01
4393,2367.9032,344.2147,2470.3394,1035.3224,0.00,0.01
4394,1884.2266,849.5141,2469.4209,363.5168,0.00,0.02
4395,1970.9875,844.6306,2471.8826,474.8565,0.00,0.01
4396,2086.9398,766.7285,2471.1980,445.0135,0.00,0.02
4397,1918.1396,937.6360,2471.8448,117.1447,0.00,0.01
4398,1965.9264,879.8890,2471.9331,112.2350,0.00,0.01
4399,2379.7502,310.3371,2471.8676,1178.2897,0.00,0.01
4400,2314.2123,571.2953,2471.8946,101.8163,0.00,0.01
4401,2136.8960,717.1252,2471.9063,112.2867,0.00,0.02
4402,2217.2781,604.6398,2471.3467,288.7209,0.00,0.02
4403,2081.6252,776.0113,2464.9785,405.5345,0.00,0.02
4404,2195.8772,677.7125,2471.1508,390.6680,0.00,0.02
4405,2213.7238,622.2131,2470.1773,410.8219,0.00,0.02
4406,2436.6385,6.7188,2453.3436,2426.5676,0.00,0.03
4407,2113.8052,714.8939,2444.8651,307.9237,0.00,0.03
4408,2292.1195,519.2775,2471.7306,335.1743,0.00,0.01
4409,2443.4166,8.5001,2465.7589,2426.3867,0.00,0.02
4410,1494.4932,1065.9909,2437.1777,137.8807,0.00,0.03
4411,1901.4990,837.4437,2471.0366,320.0642,0.00,0.01
4412,2083.4041,784.3698,2470.3109,371.3713,0.00,0.01
4413,2204.3855,679.2983,2471.3512,122.2471,0.00,0.01
4414,2444.1975,9.8934,2465.2176,2430.8494,0.00,0.02
4415,2057.7831,791.3672,2445.7064,395.6092,0.00,0.03
4416,2427.6916,1.4439,2430.4053,2425.3646,0.00,0.04
4417,1695.1741,991.1476,2464.9682,87.0358,0.00,0.02
4418,2088.5430,766.3641,2470.8238,97.0443,0.00,0.02
4419,2433.2148,4.5692,2444.4506,2427.0355,0.00,0.03
4420,2333.7657,471.0773,2470.2241,509.7017,0.00,0.02
4421,2447.6329,11.2136,2471.8579,2431.9793,0.00,0.02
4422,2438.2797,5.0286,2449.3467,2427.1461,0.00,0.03
4423,2074.7755,816.6097,2471.7581,74.7861,0.00,0.02
4424,2198.0946,625.8521,2443.8856,342.4347,0.00,0.03
4425,2428.9232,2.3649,2433.9185,2425.8779,0.00,0.04
4426,2176.4108,742.3278,2471.2978,92.0931,0.00,0.01
4427,1849.8226,918.7555,2471.5426,92.1062,0.00,0.01
4428,2305.3994,570.2390,2471.8201,97.2840,0.00,0.02
4429,2047.4765,832.6051,2471.2079,112.3451,0.00,0.02
4430,2430.5578,3.1569,2438.6755,2426.7107,0.00,0.03
4431,1999.6799,807.5177,2471.8270,435.3891,0.00,0.01
4432,1914.8958,941.8888,2471.0265,126.7098,0.00,0.01
4433,1981.3096,858.9029,2471.8735,97.3830,0.00,0.01
4434,2045.3220,792.5770,2466.1562,102.4314,0.00,0.02
4435,2014.6185,918.0277,2471.8272,92.1195,0.00,0.01
4436,2214.7106,628.0327,2462.2965,206.5250,0.00,0.02
4437,1843.8440,917.0733,2471.8271,97.3852,0.00,0.01
4438,1912.7789,938.7809,2469.0034,92.0892,0.00,0.02
4439,2436.8094,4.6806,2445.7888,2428.7076,0.00,0.03
4440,2144.7785,728.3994,2470.2017,197.1102,0.00,0.02
4441,2178.9987,722.6672,2469.0148,102.4337,0.00,0.02
4442,2434.9678,3.8313,2443.0070,2428.7503,0.00,0.03
4443,1950.3494,871.7748,2467.7143,385.2973,0.00,0.02
4444,1145.6022,963.8621,2436.2586,238.5813,0.00,0.03
4445,2173.9753,640.8122,2466.9172,100.3042,0.05,0.02
4446,2436.3610,9.3353,2452.8847,2417.8720,0.25,0.02
4447,2007.6247,800.6078,2469.3026,431.8031,0.00,0.01
4448,1911.2986,945.6327,2470.1055,94.3780,0.00,0.01
4449,2219.0869,643.4763,2471.6725,489.5407,0.00,0.01
4450,1864.5272,884.3742,2446.4902,201.0155,0.00,0.03
4451,2169.4484,715.1738,2471.8121,112.2674,0.00,0.01
4452,2184.0683,694.4332,2471.5386,339.5732,0.00,0.02
4453,2429.8293,5.6615,2445.2574,2424.7003,0.00,0.03
4454,2013.6276,791.2645,2462.1049,263.5601,0.00,0.03
4455,1787.6756,887.1229,2471.8443,116.5674,0.00,0.01
4456,2444.9237,10.7068,2470.1319,2429.5049,0.00,0.02
4457,132.4198,52.6936,235.6839,74.9542,0.00,0.04
4458,2001.4901,842.7290,2470.9161,167.3850,0.00,0.02
4459,2346.4493,368.2945,2454.5259,920.4023,0.00,0.03
4460,2428.4425,1.6610,2431.8371,2425.4303,0.00,0.04
4461,1838.2749,946.4108,2471.6975,116.4381,0.00,0.01
4462,2028.1100,775.7962,2470.7762,92.2508,0.00,0.01
4463,2292.1180,568.0805,2452.7691,92.0574,0.00,0.03
4464,2427.3506,1.5676,2430.1100,2425.6149,0.00,0.04
4465,1726.9198,971.1253,2471.6939,116.4901,0.00,0.01
4466,2125.6031,699.8013,2470.9602,464.8844,0.00,0.01
4467,669.3146,854.9435,2443.5122,133.1248,0.00,0.03
4468,2058.2253,798.7657,2471.6911,146.5861,0.00,0.01
4469,1649.3109,937.0831,2444.5337,351.8960,0.00,0.03
4470,2393.1277,242.4481,2471.6033,1455.1705,0.00,0.02
4471,2450.7073,9.5645,2468.3642,2433.9363,0.00,0.02
4472,1976.3045,837.9639,2468.7791,121.3595,0.00,0.02
4473,2433.9148,5.0283,2446.4339,2427.1933,0.00,0.03
4474,2449.0422,8.4695,2463.3306,2435.4908,0.00,0.02
4475,2208.4776,604.7820,2455.4707,598.6489,0.00,0.03
4476,2426.4517,1.2397,2429.4081,2425.3410,0.00,0.04
4477,2252.6293,528.3923,2470.8982,529.1057,0.00,0.02
4478,2434.1055,4.2432,2443.8075,2428.4437,0.00,0.03
4479,2064.6433,814.2758,2471.3775,116.5710,0.00,0.02
4480,2274.6009,506.1951,2470.7636,459.1937,0.00,0.02
4481,1690.4602,1005.3690,2468.6149,116.3945,0.00,0.02
4482,2329.0617,420.9093,2450.0799,699.0645,0.00,0.03
4483,2429.2507,3.4953,2438.1785,2425.8191,0.00,0.04
4484,1813.9535,954.9249,2471.0286,117.2986,0.00,0.01
4485,2442.7075,10.8519,2466.3672,2429.9892,0.00,0.03
4486,2432.0340,3.5015,2438.7719,2427.6697,0.00,0.03
4487,1933.2673,909.1980,2471.6820,116.3900,0.00,0.01
4488,2049.0179,797.6471,2438.1785,341.9906,0.00,0.03
4489,2447.4481,11.3369,2470.3781,2431.8532,0.00,0.02
4490,2433.2787,4.6873,2443.0842,2426.9258,0.00,0.03
4491,2404.9924,172.9462,2471.7476,1736.8979,0.00,0.02
4492,2307.8093,501.7981,2448.2777,364.4662,0.00,0.03
4493,348.1454,242.3047,978.3464,181.5208,0.00,0.04
4494,813.1947,683.4165,2434.7281,109.1842,0.00,0.04
4495,2304.2681,517.9960,2444.9089,298.1585,0.00,0.03
4496,2130.3492,687.9802,2471.5766,459.9312,0.00,0.01
4497,1989.6202,836.7928,2471.6132,290.6254,0.00,0.01
4498,2053.9332,836.0432,2469.9691,97.4860,0.00,0.02
4499,2087.9672,765.6287,2471.5406,430.2504,0.00,0.01
4500,2316.4369,505.3770,2470.2222,359.5089,0.00,0.02
4501,1226.1494,1068.0994,2436.4478,119.0375,0.00,0.03
4502,1946.6535,892.3786,2471.7101,106.5370,0.00,0.01
4503,2033.8580,844.9133,2451.4733,210.7251,0.00,0.03
4504,2438.8537,4.1275,2444.6527,2433.1345,0.00,0.03
4505,1988.7710,826.7756,2469.3681,121.5071,0.00,0.01
4506,676.6018,849.1319,2434.6283,128.2206,0.00,0.04
4507,2381.1387,299.2104,2469.5672,1222.5965,0.00,0.01
4508,2448.8864,11.2835,2469.3696,2434.4958,0.00,0.02
4509,2440.4958,5.1386,2447.9475,2432.0884,0.00,0.03
4510,2451.8856,12.8571,2471.7293,2432.4796,0.00,0.02
4511,2433.1746,5.1040,2448.2609,2427.0001,0.00,0.03
4512,2447.4874,8.7409,2460.0753,2432.0581,0.00,0.02
4513,2437.4204,6.1438,2447.6746,2428.0212,0.00,0.03
4514,2184.5951,599.9311,2443.3181,141.6326,0.00,0.03
4515,828.7091,827.8961,2432.6394,186.2882,0.00,0.04
4516,1942.7745,821.0226,2458.1376,269.0546,0.00,0.03
4517,1986.8244,793.6457,2460.1180,415.3682,0.00,0.02
4518,2432.9361,4.3406,2446.5181,2426.4151,0.00,0.03
4519,2165.6702,768.0176,2471.7420,111.5272,0.00,0.01
4520,2441.0742,6.2365,2452.1612,2430.5227,0.00,0.03
4521,1939.9861,876.9514,2451.2819,116.4909,0.00,0.02
4522,2311.2589,469.1509,2439.4195,494.2802,0.00,0.03
4523,2425.9052,0.6441,2427.2573,2425.2114,0.00,0.04
4524,2155.5113,765.9358,2453.1369,121.5103,0.00,0.02
4525,2432.7998,5.8983,2445.1310,2426.2020,0.00,0.03
4526,1421.6539,1024.1164,2471.6058,210.9260,0.00,0.03
4527,2200.0996,640.9954,2454.5614,499.2891,0.00,0.02
4528,2430.9018,4.3984,2442.9786,2425.9372,0.00,0.03
4529,2075.1949,814.4124,2468.0258,102.4385,0.00,0.01
4530,1482.9192,970.8357,2448.8937,162.2352,0.00,0.03
4531,1935.5960,833.1510,2470.7478,116.4354,0.00,0.01
4532,1903.5599,969.6382,2471.1466,92.0370,0.00,0.01
4533,1866.4959,872.8320,2471.6502,533.8225,0.00,0.02
4534,2288.0562,472.6194,2470.8237,643.1437,0.00,0.02
4535,1985.0271,822.4290,2471.7694,489.3888,0.00,0.01
4536,2186.9594,675.1337,2460.4433,334.1923,0.00,0.03
4537,2095.3676,745.4221,2471.4259,533.8474,0.00,0.02
4538,447.3397,617.7343,2435.7120,118.4701,0.00,0.04
4539,2177.6365,724.7200,2470.3645,156.4668,0.00,0.02
4540,1096.7334,891.3072,2435.5845,240.0415,0.00,0.03
4541,2319.4104,510.0273,2470.2996,344.3736,0.00,0.02
4542,1395.9725,1048.1938,2447.0240,147.5758,0.00,0.03
4543,2452.6995,11.0435,2471.7262,2434.9979,0.00,0.02
4544,1183.8226,1001.0432,2437.7855,108.7796,0.00,0.03
4545,2041.4600,743.0428,2471.5884,349.9253,0.00,0.01
4546,2072.3471,797.3765,2471.6810,349.2305,0.00,0.01
4547,2329.7427,456.5705,2468.1430,561.7229,0.00,0.02
4548,2223.8950,604.0869,2468.6697,618.2710,0.00,0.02
4549,2205.5401,644.4076,2471.3875,359.5176,0.00,0.02
4550,2432.4958,5.6576,2445.2530,2425.7028,0.00,0.03
4551,1796.6281,936.8745,2458.5733,118.4736,0.00,0.03
4552,2314.2691,469.9485,2449.5127,494.2693,0.00,0.03
4553,2427.0910,1.4656,2430.5725,2425.5094,0.00,0.04
4554,2020.1243,759.3020,2466.5333,523.9999,0.00,0.02
4555,2227.2170,560.5286,2450.4787,583.6229,0.00,0.03
4556,2426.8123,1.2272,2429.9543,2425.4589,0.00,0.04
4557,1952.1754,867.1885,2470.7132,136.6928,0.00,0.02
4558,2434.2859,4.6739,2446.1056,2426.8662,0.00,0.03
4559,2372.3903,289.2756,2466.9465,1252.3229,0.00,0.02
4560,1757.1967,1003.6409,2443.1577,171.8580,0.00,0.03
4561,1962.5986,858.7357,2471.6849,369.4287,0.00,0.01
4562,2009.0621,744.0964,2471.7216,534.0415,0.00,0.01
4563,2328.1766,480.0783,2471.5968,469.6361,0.00,0.02
4564,1854.6205,912.1418,2444.2901,230.0175,0.00,0.03
4565,2135.2875,681.9249,2470.4487,469.5750,0.00,0.01
4566,2001.0476,856.9913,2471.3532,116.3769,0.00,0.02
4567,2437.4670,4.6285,2444.5723,2430.2136,0.00,0.03
4568,1790.5963,984.8001,2471.6926,136.6847,0.00,0.02
4569,2295.6320,542.0883,2445.0793,196.1921,0.00,0.03
4570,2257.3744,540.3272,2467.3797,499.1953,0.00,0.01
4571,2363.1318,316.1277,2464.1094,1139.2734,0.00,0.02
4572,1768.1607,988.9343,2440.3449,181.5454,0.00,0.03
4573,2185.1692,584.6564,2471.0122,504.1417,0.00,0.01
4574,1867.4835,900.2248,2471.6166,121.5709,0.00,0.01
4575,1671.5273,938.1758,2466.8723,116.4547,0.00,0.01
4576,2300.7784,565.3169,2470.9111,111.6055,0.00,0.02
4577,2324.0584,428.9037,2441.0192,663.0159,0.00,0.03
4578,2425.8212,0.6857,2428.0349,2425.2299,0.00,0.04
4579,2440.0925,5.2449,2451.2604,2433.8388,0.00,0.03
4580,1691.9590,1000.5135,2471.7417,136.6889,0.00,0.01
4581,2045.9098,813.8394,2458.2290,158.4712,0.00,0.03
4582,2004.1297,810.1826,2471.6977,121.3599,0.00,0.01
4583,2200.9238,678.9594,2471.6999,156.4694,0.00,0.01
4584,2197.1228,635.0031,2446.9589,488.6264,0.00,0.03
4585,2200.5613,614.4399,2471.7174,558.7877,0.00,0.02
4586,1301.2273,986.9959,2435.1260,113.6320,0.00,0.04
4587,2442.6891,6.6989,2454.1799,2433.5025,0.00,0.03
4588,1894.1175,964.5327,2456.6921,116.3903,0.00,0.02
4589,2431.7041,3.2315,2438.1851,2425.8884,0.00,0.03
4590,2260.2863,520.0167,2471.2580,566.5289,0.00,0.02
4591,2080.8421,728.8466,2471.5639,121.4087,0.00,0.02
4592,2336.0578,430.7924,2461.8871,667.8524,0.00,0.02
4593,2434.4348,4.2928,2444.0230,2429.2817,0.00,0.03
4594,2455.8559,10.0941,2471.7322,2438.2871,0.00,0.02
4595,2216.2378,608.7783,2453.7374,583.3393,0.00,0.02
4596,2431.8572,2.5727,2438.0904,2428.2160,0.00,0.03
4597,2280.3167,464.2688,2471.7450,1020.4389,0.00,0.01
4598,2320.4510,460.0282,2452.4603,538.9335,0.00,0.03
4599,2431.3308,4.2998,2439.9738,2426.4101,0.00,0.03
4600,2048.8095,716.4779,2468.4031,657.9735,0.00,0.01
4601,1536.6688,925.6132,2471.7306,269.2537,0.00,0.03
4602,1842.6121,938.7990,2471.0431,116.5681,0.00,0.01
4603,1954.5156,784.2005,2451.0400,240.0607,0.00,0.03
4604,2052.0002,735.3517,2470.5917,156.4700,0.00,0.01
4605,2328.4675,436.5102,2456.7912,638.0895,0.00,0.03
4606,442.9660,616.5543,2431.1035,128.0634,0.00,0.04
4607,2382.8510,232.1801,2458.8320,1484.3372,0.00,0.03
4608,1968.3513,871.8323,2471.7711,116.4911,0.00,0.01
4609,2196.7230,698.1475,2471.7751,151.5257,0.00,0.01
4610,1755.1511,1046.3429,2470.2599,116.4516,0.00,0.01
4611,2227.8870,627.5333,2471.5933,116.3844,0.00,0.02
4612,2043.4686,821.6378,2451.2402,171.8415,0.00,0.03
4613,1517.2760,983.3976,2471.6658,116.4791,0.00,0.01
4614,2323.3749,511.1118,2471.7015,344.3575,0.00,0.01
4615,2002.8980,765.9391,2457.0956,449.1987,0.00,0.03
4616,2442.1093,9.5312,2464.9846,2433.2381,0.00,0.03
4617,2441.6112,3.5543,2451.2042,2437.1253,0.00,0.03
4618,1935.5559,860.8218,2466.5654,112.3474,0.00,0.01
4619,2251.6157,552.6789,2471.6144,579.2018,0.00,0.01
4620,2443.3522,8.3534,2469.6914,2432.1449,0.00,0.02
4621,1927.2731,792.0929,2468.0224,563.6224,0.00,0.01
4622,2442.0281,7.3764,2454.8310,2428.3108,0.00,0.03
4623,1743.4962,968.3173,2450.7990,133.0308,0.00,0.03
4624,2326.8517,456.5892,2455.6428,558.6604,0.00,0.02
4625,2434.2905,3.6163,2442.0241,2427.6560,0.00,0.03
4626,1652.9310,951.0041,2471.7591,116.4532,0.00,0.01
4627,1216.6410,1016.4159,2444.9673,176.8436,0.00,0.03
4628,2007.4181,793.8601,2471.4418,359.5115,0.00,0.01
4629,1857.8434,901.4508,2453.5618,96.9594,0.00,0.02
4630,2428.8678,2.3625,2434.8557,2425.8542,0.00,0.04
4631,2027.4878,779.2627,2469.9416,101.9513,0.00,0.01
4632,1841.4701,945.5557,2471.3178,96.8762,0.00,0.01
4633,2015.1643,772.5842,2471.7920,479.9546,0.00,0.02
4634,931.4121,834.1672,2435.3491,94.2319,0.00,0.03
4635,2140.6903,604.5064,2471.4915,576.6011,0.00,0.03
4636,2200.8885,552.6843,2456.9821,566.1741,0.00,0.03
4637,2214.6469,646.5081,2471.8177,349.2325,0.00,0.01
4638,1897.2619,970.5701,2471.6493,112.2730,0.00,0.01
4639,2302.3009,559.1473,2471.6260,137.0082,0.00,0.02
4640,2435.5471,4.4556,2447.4372,2429.7051,0.00,0.03
4641,2011.9239,790.4723,2470.9449,324.7832,0.00,0.01
4642,2104.5268,742.4224,2465.5698,132.0558,0.00,0.02
4643,1517.7534,1000.2777,2445.5584,128.0592,0.00,0.03
4644,2220.5318,615.0923,2467.0744,514.6701,0.00,0.02
4645,2215.2484,622.7978,2471.8588,504.6082,0.00,0.02
4646,2437.7041,7.7882,2452.9023,2428.2564,0.00,0.03
4647,1569.6741,947.3572,2439.4225,220.5355,0.00,0.03
4648,1958.8622,885.8276,2471.8560,116.4560,0.00,0.01
4649,2185.2757,721.6319,2471.8369,132.1350,0.00,0.01
4650,1918.7725,814.4285,2471.5146,325.0176,0.00,0.01
4651,2184.2205,703.3710,2470.9305,97.0342,0.00,0.02
4652,2149.3419,625.7681,2471.7443,424.8637,0.00,0.03
4653,1961.6651,885.7237,2471.3842,102.4335,0.00,0.01
4654,2337.2948,459.1119,2471.2728,559.4508,0.00,0.01
4655,2307.7787,565.6536,2470.5700,117.2464,0.00,0.02
4656,2348.3596,363.3450,2456.0280,941.4457,0.00,0.02
4657,2429.4362,2.4053,2434.0878,2426.1979,0.00,0.04
4658,1638.9404,1063.9316,2464.5882,97.0124,0.00,0.01
4659,2442.0264,8.5567,2456.2033,2432.2987,0.00,0.03
4660,1564.6980,1015.5422,2458.9736,181.8430,0.00,0.03
4661,2297.6971,566.9807,2456.5609,101.9467,0.00,0.02
4662,2432.8846,6.2763,2450.7443,2426.6479,0.00,0.03
4663,2198.4175,518.3582,2460.4749,1106.1647,0.00,0.02
4664,1890.9153,906.2626,2468.8528,96.9512,0.00,0.02
4665,2199.9331,685.7209,2471.9248,305.0474,0.00,0.01
4666,1952.5401,875.0733,2471.7984,113.6468,0.00,0.03
4667,2439.3230,7.9629,2453.9681,2428.3692,0.00,0.03
4668,1805.5683,867.9138,2453.6148,332.5941,0.00,0.03
4669,1821.6152,959.9498,2471.7754,87.1265,0.00,0.01
4670,2329.6884,461.0093,2471.4418,544.6049,0.00,0.02
4671,1184.6694,923.4588,2437.8826,186.5021,0.00,0.03
4672,2351.2972,344.9960,2470.3974,1020.4618,0.00,0.02
4673,1593.4750,936.7101,2438.2999,147.6778,0.00,0.03
4674,2077.1524,804.8841,2460.9692,97.4843,0.00,0.02
4675,1657.5993,1008.8850,2442.6249,103.9302,0.00,0.03
4676,2372.0785,314.7505,2471.7722,1153.7216,0.00,0.02
4677,2444.6968,7.7869,2465.6635,2434.6688,0.00,0.02
4678,2443.7527,10.0614,2471.3140,2433.2191,0.00,0.02
4679,2170.1459,718.5993,2453.5525,97.4863,0.00,0.02
4680,2427.2006,1.6571,2431.7398,2425.5504,0.00,0.04
4681,1943.9408,888.3217,2471.7701,116.3838,0.00,0.02
4682,2436.8855,6.6524,2450.8339,2428.9308,0.00,0.03
4683,2115.8108,699.5296,2470.1351,381.0991,0.00,0.02
4684,2363.9133,341.9219,2471.3988,1040.2861,0.00,0.02
4685,2129.7813,639.8966,2458.7363,468.6168,0.00,0.03
4686,1898.1671,952.2945,2455.7919,97.3716,0.00,0.02
4687,2427.6685,1.6989,2431.6423,2425.4997,0.00,0.04
4688,2033.7400,742.7844,2471.8653,568.6319,0.00,0.01
4689,2087.5496,779.1096,2471.4805,121.3632,0.00,0.01
4690,2117.7901,697.3585,2471.6552,364.4735,0.00,0.02
4691,2430.7625,3.8345,2443.8399,2427.1187,0.00,0.03
4692,1593.8779,1004.5435,2471.6223,121.5046,0.00,0.01
4693,2270.8338,474.9930,2471.7351,1005.6061,0.00,0.01
4694,2141.7539,659.8422,2471.7952,539.0016,0.00,0.02
4695,870.0443,890.2028,2463.5466,94.2408,0.00,0.03
4696,2185.8379,703.7343,2471.3994,96.9589,0.00,0.02
4697,2432.6527,3.5723,2441.5409,2428.0898,0.00,0.03
4698,1888.5171,891.1793,2471.3717,121.3459,0.00,0.01
4699,2100.5831,673.5455,2471.5118,332.4060,0.00,0.03
4700,2081.1870,772.0846,2466.1846,116.4432,0.00,0.02
4701,2434.9916,3.6450,2440.9956,2429.2084,0.00,0.03
4702,1797.9717,994.4155,2471.7940,116.4514,0.00,0.01
4703,2445.9439,9.8367,2471.5493,2432.3369,0.00,0.02
4704,920.6353,909.2105,2459.5812,94.2359,0.00,0.03
4705,2212.0103,623.0509,2471.2506,519.5799,0.00,0.02
4706,2435.3457,7.0753,2452.3334,2427.9896,0.00,0.03
4707,2253.5712,471.0603,2453.5716,586.8153,0.00,0.03
4708,2058.4556,832.3515,2471.7795,166.3456,0.00,0.01
4709,1997.0982,814.8617,2452.9528,191.4528,0.00,0.03
4710,1898.7741,962.2357,2471.7253,116.4462,0.00,0.01
4711,2438.0860,5.5692,2449.2667,2431.4663,0.00,0.03
4712,2321.5376,510.5842,2471.7317,344.3589,0.00,0.02
4713,1804.4490,895.7572,2456.4147,215.7924,0.00,0.03
4714,2274.8943,498.5793,2471.0289,692.4176,0.00,0.01
4715,1838.8668,955.2904,2471.8232,116.5687,0.00,0.01
4716,2106.1579,746.1408,2470.1959,116.3942,0.00,0.01
4717,1488.0530,1016.1823,2471.2142,152.5418,0.00,0.03
4718,1841.5570,935.5723,2471.7712,116.4870,0.00,0.01
4719,2432.5366,5.2043,2448.2219,2427.3667,0.00,0.03
4720,2126.9153,597.5259,2472.3483,647.6584,0.00,0.02
4721,1696.3284,936.7677,2471.1157,221.4529,0.00,0.03
4722,2002.2278,803.5749,2468.2990,116.5705,0.00,0.01
4723,2441.4796,7.1456,2454.5644,2431.8490,0.00,0.03
4724,2061.6573,749.8570,2469.6020,216.2987,0.00,0.02
4725,1876.4845,864.0794,2458.4961,116.3918,0.00,0.02
4726,2237.0123,536.1224,2452.0434,583.3792,0.00,0.03
4727,2425.7580,0.3689,2426.5641,2425.3016,0.00,0.04
4728,2433.5200,4.1741,2441.9058,2426.7253,0.00,0.03
4729,2323.2069,513.7333,2471.4849,333.9143,0.00,0.02
4730,2195.7921,680.7511,2470.3068,116.3919,0.00,0.02
4731,2436.4113,4.4313,2448.4103,2429.3825,0.00,0.03
4732,1835.5225,905.8822,2470.9939,131.7412,0.00,0.01
4733,2305.0863,565.1522,2471.8983,116.4913,0.00,0.02
4734,2441.4215,7.3521,2457.5479,2432.2193,0.00,0.03
4735,2073.5741,791.1832,2468.8488,279.6731,0.00,0.02
4736,2139.3242,690.9144,2471.7268,101.6657,0.00,0.01
4737,2004.4118,783.2275,2470.6892,359.5078,0.00,0.02
4738,2433.5843,5.9965,2450.9889,2426.8294,0.00,0.03
4739,2327.1469,488.3844,2471.8484,436.0518,0.00,0.02
4740,2203.0692,639.5326,2471.6893,369.4204,0.00,0.02
4741,2159.1522,776.8035,2465.7604,91.7027,0.00,0.02
4742,2435.2373,7.1994,2456.4113,2427.5416,0.00,0.03
4743,1625.9819,1060.5237,2467.7691,202.0479,0.00,0.03
4744,1895.0011,961.3009,2455.9936,116.5664,0.00,0.02
4745,2429.8936,3.1683,2438.1863,2426.3871,0.00,0.04
4746,1702.5128,958.1044,2470.3914,116.3914,0.00,0.01
4747,2136.5219,733.8000,2471.6719,126.6248,0.00,0.02
4748,2112.2897,665.6540,2471.6763,141.6398,0.00,0.01
4749,2114.3725,700.7381,2467.2020,359.0974,0.00,0.02
4750,2065.1456,812.5676,2468.9247,191.7315,0.00,0.02
4751,1718.1397,973.5822,2467.0399,211.7634,0.00,0.02
4752,2437.5409,6.3214,2446.6735,2428.0594,0.00,0.03
4753,1881.6773,891.2147,2471.6954,152.7416,0.00,0.02
4754,2367.7339,313.5869,2470.9862,1153.7282,0.00,0.02
4755,2433.3770,4.8393,2446.1878,2427.5154,0.00,0.03
4756,2029.3379,891.4726,2469.2095,101.6610,0.00,0.01
4757,1499.4840,1032.2765,2458.7969,147.7833,0.00,0.03
4758,2296.2474,561.3919,2456.4961,122.1675,0.00,0.03
4759,2428.7542,2.0302,2432.7036,2426.2573,0.00,0.04
4760,2220.2075,625.2173,2472.0744,553.9869,0.00,0.01
4761,1839.1166,929.8420,2471.2203,92.0967,0.00,0.02
4762,2320.7502,475.3914,2464.3134,479.8101,0.00,0.02
4763,2437.5266,6.1562,2454.3877,2429.8374,0.00,0.03
4764,1334.3374,888.7913,2461.3480,136.6800,0.00,0.02
4765,2144.4605,698.0254,2471.6538,151.5253,0.00,0.01
4766,2449.4715,7.4295,2458.8928,2431.9056,0.00,0.02
4767,1311.3014,933.1663,2465.4032,128.3775,0.00,0.02
4768,2175.2110,586.1436,2466.2876,642.7260,0.00,0.02
4769,2442.4053,10.7425,2467.5164,2430.6991,0.00,0.03
4770,163.3469,52.4604,274.6926,84.5137,0.00,0.04
4771,2000.8827,727.6588,2471.6709,304.9691,0.00,0.01
4772,2026.0384,727.5147,2469.6626,295.5438,0.00,0.02
4773,2054.1860,797.2480,2454.5034,216.2874,0.00,0.02
4774,2180.2113,671.4748,2470.1355,226.2014,0.00,0.02
4775,2295.6906,421.1487,2471.8153,1124.0257,0.00,0.01
4776,1511.5660,975.9327,2471.6495,116.4389,0.00,0.01
4777,2257.0428,540.0680,2471.4852,672.5565,0.00,0.01
4778,1883.8057,865.7330,2471.6150,116.4768,0.00,0.01
4779,2016.0328,817.0899,2471.8216,121.3528,0.00,0.01
4780,2115.5172,733.1848,2471.8191,161.4096,0.00,0.01
4781,1252.2412,1069.9805,2470.8272,116.4801,0.00,0.02
4782,2262.0123,504.1249,2471.5062,672.5526,0.00,0.02
4783,2431.8509,4.6053,2439.8939,2426.3563,0.00,0.03
4784,1896.4200,946.1901,2453.4857,226.2069,0.00,0.03
4785,1766.4348,913.1132,2471.6631,116.4398,0.00,0.01
4786,2345.0463,435.7840,2471.4433,657.5494,0.00,0.01
4787,2119.7553,720.5784,2470.7816,121.6825,0.00,0.02
4788,2439.9291,6.3121,2455.4004,2431.9903,0.00,0.03
4789,2025.5419,894.7893,2471.7337,131.7431,0.00,0.02
4790,1954.2055,809.3435,2467.3499,118.6713,0.00,0.02
4791,2339.3388,447.0944,2471.8087,608.1391,0.00,0.02
4792,2211.0425,627.2754,2458.4611,524.8728,0.00,0.02
4793,2437.3965,5.4260,2449.1731,2428.8015,0.00,0.03
4794,1880.2737,891.5201,2469.3175,101.5215,0.00,0.02
4795,1518.1458,1001.1314,2462.7259,86.2061,0.00,0.02
4796,1928.8971,916.0644,2471.8378,92.1654,0.00,0.01
4797,948.7510,765.3810,2466.3851,81.3243,0.00,0.01
4798,1542.8735,1057.7032,2471.1263,87.0373,0.00,0.01
4799,1620.9522,970.0256,2471.8003,147.8457,0.00,0.02
4800,2132.1985,664.0026,2463.9087,564.5064,0.00,0.02
4801,2316.5109,440.9831,2434.9393,608.6096,0.00,0.03
4802,2425.4884,0.3303,2426.5277,2425.1652,0.00,0.04
4803,2433.8323,5.9087,2451.1182,2427.3522,0.00,0.03
4804,2227.2751,626.0253,2471.7465,197.0659,0.00,0.02
4805,2333.4115,430.1692,2457.3865,667.5257,0.00,0.02
4806,2432.6290,3.1680,2439.8385,2427.5001,0.00,0.03
4807,2332.2743,453.0049,2471.5225,581.7556,0.00,0.01
4808,2256.5963,540.7676,2471.8883,603.1737,0.00,0.01
4809,1478.3470,1107.2478,2471.8119,92.0479,0.00,0.02
4810,2023.4049,889.1991,2464.7611,92.1107,0.00,0.02
4811,2434.4034,6.4378,2449.7319,2426.3654,0.00,0.03
4812,1353.1089,996.7058,2444.2119,128.1973,0.00,0.03
4813,1946.2341,898.1745,2469.3397,92.1628,0.00,0.01
4814,2325.5186,476.6245,2466.5645,479.8951,0.00,0.02
4815,2438.6975,7.4496,2453.5715,2428.9842,0.00,0.03
4816,1399.3501,1057.7864,2453.2965,191.7102,0.00,0.03
4817,2308.0419,517.2128,2455.2318,305.0476,0.00,0.02
4818,2428.7114,3.4932,2439.2725,2425.4788,0.00,0.04
4819,2326.5547,515.5899,2471.7519,329.9259,0.00,0.01
4820,2184.9755,723.4796,2471.3829,96.9786,0.00,0.01
4821,1103.2210,1051.8823,2471.6114,147.8582,0.00,0.03
4822,2439.5063,6.8701,2451.0973,2429.2427,0.00,0.03
4823,2285.3745,422.1576,2464.9725,908.6014,0.00,0.02
4824,1684.2238,1007.4756,2471.3292,96.9509,0.00,0.01
4825,2081.9630,786.0377,2464.8921,132.0846,0.00,0.02
4826,1576.6169,1025.8621,2458.4364,107.4023,0.00,0.02
4827,2373.3139,321.3560,2471.7480,1129.2128,0.00,0.01
4828,2004.2731,794.5572,2471.8210,231.3099,0.00,0.02
4829,2067.4039,820.5974,2470.6876,107.4028,0.00,0.01
4830,1975.5669,846.7183,2471.8673,270.0997,0.00,0.02
4831,1827.8386,937.5302,2470.2842,112.3303,0.00,0.01
4832,1854.7956,896.9129,2470.6449,305.3274,0.00,0.01
4833,2301.5771,567.8885,2470.5359,102.4479,0.00,0.02
4834,2432.4863,3.7182,2439.9544,2427.2625,0.00,0.03
4835,2366.8505,340.1687,2471.8681,1049.9811,0.00,0.02
4836,2458.0537,11.7848,2471.8155,2437.5263,0.00,0.01
4837,2432.6815,4.3294,2443.1012,2426.8327,0.00,0.03
4838,2040.0647,863.1892,2470.3157,101.9411,0.00,0.01
4839,995.1008,993.1331,2452.5580,147.7940,0.00,0.03
4840,1971.7073,840.1359,2471.8894,479.7707,0.00,0.01
4841,2086.2502,761.5488,2464.9756,450.1131,0.00,0.02
4842,2447.3256,6.8118,2464.7362,2438.4335,0.00,0.02
4843,2323.1283,499.9767,2466.3143,386.9480,0.00,0.02
4844,2046.5171,759.0535,2470.1016,455.0660,0.00,0.02
4845,1874.3001,843.1443,2470.2236,314.3315,0.00,0.02
4846,2437.0323,4.8959,2448.9587,2430.6308,0.00,0.03
4847,2175.6763,741.8467,2471.6648,101.9987,0.00,0.01
4848,667.0541,763.0550,2442.2177,94.0447,0.00,0.03
4849,2023.0348,767.9528,2471.6282,97.0726,0.00,0.02
4850,2209.5228,519.9591,2471.1938,847.7500,0.00,0.02
4851,2366.8728,246.7098,2436.8603,1411.4253,0.00,0.03
4852,2429.2103,3.3702,2437.7285,2425.8453,0.00,0.04
4853,2317.5278,535.0763,2471.8972,245.5943,0.00,0.02
4854,2233.7029,562.7898,2453.5314,539.6002,0.00,0.02
4855,2433.0104,3.1845,2438.2470,2427.8722,0.00,0.03
4856,1829.6513,946.9592,2471.8143,97.0696,0.00,0.01
4857,1367.4420,972.7707,2463.7682,122.2216,0.00,0.01
4858,1910.7776,945.6647,2471.7423,137.0071,0.00,0.01
4859,2329.6545,441.8585,2470.6753,618.7302,0.00,0.02
4860,2432.8841,4.2063,2443.8307,2426.8762,0.00,0.03
4861,1971.8884,838.1354,2471.3083,335.0674,0.00,0.01
4862,2448.0933,9.3106,2469.0294,2436.1727,0.00,0.02
4863,1920.4510,929.7600,2472.2781,101.9371,0.00,0.02
4864,2317.4631,479.6311,2455.4150,460.0824,0.00,0.03
4865,2432.6331,4.2433,2443.7996,2428.0197,0.00,0.03
4866,1990.3473,717.3475,2471.6104,533.9215,0.00,0.01
4867,1239.1538,1062.1063,2455.7053,191.5234,0.00,0.03
4868,1957.4065,876.0225,2470.6796,156.4647,0.10,0.01
4869,1496.3646,905.6426,2471.6261,131.6473,0.00,0.01
4870,1702.5283,978.7549,2467.8143,124.2500,0.00,0.02
4871,2051.8587,839.5643,2471.5944,289.3447,0.00,0.02
4872,1762.0017,786.8695,2469.2643,184.6818,0.00,0.02
4873,1785.7577,997.5779,2470.9023,126.5346,0.00,0.01
4874,2319.9066,470.0832,2450.0043,499.3758,0.00,0.03
4875,2434.6623,6.4355,2453.1873,2427.0908,0.00,0.03
4876,2251.6020,548.4339,2469.5577,504.1599,0.00,0.02
4877,2310.4270,570.3375,2471.9311,101.8747,0.00,0.01
4878,2327.2512,458.2273,2457.0990,552.6617,0.00,0.02
4879,1899.4096,976.2361,2471.9574,96.8817,0.00,0.01
4880,1794.3499,973.8597,2467.9615,250.7620,0.00,0.02
4881,2228.1417,620.2469,2468.2087,121.3580,0.00,0.02
4882,2326.6819,425.8060,2451.0963,677.7578,0.00,0.03
4883,2426.6870,1.3684,2431.0708,2425.4156,0.00,0.04
4884,1764.2722,907.2474,2470.3268,151.5283,0.00,0.02
4885,2429.0554,2.4457,2435.7322,2425.9214,0.00,0.04
4886,1684.1916,936.9729,2471.6949,116.3809,0.00,0.01
4887,1889.7588,985.4368,2471.4968,116.4932,0.00,0.01
4888,1010.7547,1007.0182,2446.1902,99.0619,0.00,0.03
4889,1803.6083,1003.5624,2471.1084,121.4086,0.00,0.01
4890,1595.0583,910.7233,2471.1609,116.4961,0.00,0.01
4891,1608.8905,989.9096,2470.9827,116.3826,0.00,0.01
4892,2106.3202,712.3585,2457.8950,573.5542,0.00,0.02
4893,2436.8457,5.4580,2448.7883,2428.8065,0.00,0.03
4894,2358.4993,331.5357,2471.5514,1084.6892,0.00,0.01
4895,2084.6811,775.7910,2468.2460,250.7566,0.00,0.02
4896,2204.2281,614.4961,2457.5237,539.5082,0.00,0.02
4897,2431.0169,3.1810,2439.3925,2426.2955,0.00,0.03
4898,1996.3052,801.5602,2470.1897,563.6738,0.00,0.01
4899,410.6139,579.7966,2446.0213,79.6825,0.00,0.03
4900,2137.9442,645.3915,2471.6036,658.0058,0.00,0.01
4901,2255.1457,532.5684,2465.5985,657.6658,0.00,0.02
4902,873.0495,972.0992,2442.1247,84.5038,0.00,0.03
4903,2333.6997,451.9840,2466.8990,583.4380,0.00,0.02
4904,1903.8439,827.9999,2471.2852,548.8412,0.00,0.01
4905,2314.3958,504.8100,2464.2287,359.5093,0.00,0.02
4906,2433.1548,4.4090,2445.0287,2427.4473,0.00,0.03
4907,2303.1077,561.6979,2471.7204,132.0537,0.00,0.01
4908,2111.6704,742.7753,2471.1113,116.3924,0.00,0.01
4909,2067.3319,805.7906,2471.7809,352.4923,0.00,0.02
4910,1913.0766,941.9868,2471.8225,96.9712,0.00,0.02
4911,2438.8412,5.7839,2454.3629,2430.9553,0.00,0.03
4912,1941.6398,898.3677,2471.5883,275.1108,0.00,0.02
4913,2332.1555,447.7095,2466.9479,598.4521,0.00,0.02
4914,2434.1656,5.6887,2447.3242,2426.7005,0.00,0.03
4915,1661.8895,952.4436,2463.5902,143.0219,0.00,0.03
4916,1491.3996,1097.3714,2470.3430,116.4398,0.00,0.01
4917,2367.3322,286.8053,2457.5008,1256.9578,0.00,0.03
4918,2429.6492,2.9496,2435.4140,2425.7790,0.00,0.04
4919,2097.2540,766.6769,2471.8001,319.8243,0.00,0.01
4920,2044.3584,843.9712,2471.4795,107.1193,0.00,0.02
4921,1266.0298,1052.9642,2457.6021,157.4655,0.00,0.03
4922,2111.0398,709.5259,2470.7995,569.3493,0.00,0.02
4923,2436.7864,7.8116,2456.7270,2426.4853,0.00,0.03
4924,1273.0069,1088.1139,2451.1667,79.6832,0.00,0.03
4925,2326.2499,470.4265,2471.4791,504.6208,0.00,0.02
4926,2437.2298,5.0616,2446.8973,2431.1018,0.00,0.03
4927,1932.5938,918.1807,2471.2294,112.2539,0.00,0.01
4928,1271.8873,1045.3905,2443.0904,172.3339,0.00,0.03
4929,2308.7068,566.1303,2471.7942,116.4816,0.00,0.02
4930,1815.3538,949.6870,2469.5472,221.2434,0.00,0.02
4931,1922.5205,924.7614,2464.2464,102.0962,0.00,0.02
4932,2320.4483,457.2788,2449.7158,549.5640,0.00,0.03
4933,2428.4681,2.1359,2433.6726,2426.1013,0.00,0.04
4934,1810.8001,818.1502,2471.2826,479.8442,0.00,0.01
4935,1806.9492,957.9722,2465.1704,132.0550,0.00,0.02
4936,2434.2411,4.9419,2445.7328,2427.4546,0.00,0.03
4937,2107.7028,743.6382,2471.0296,96.8678,0.00,0.02
4938,1389.7681,1033.7230,2443.9994,142.9127,0.00,0.03
4939,1668.8962,1034.5001,2465.5609,101.8713,0.00,0.01
4940,2070.5475,800.7316,2468.3961,117.2038,0.00,0.02
4941,1998.2639,833.4284,2455.8131,216.4999,0.00,0.03
4942,2129.2234,689.0557,2471.3380,494.6634,0.00,0.01
4943,1463.5795,1016.2599,2471.8814,182.6630,0.00,0.02
4944,2041.3290,865.4713,2471.3791,102.0027,0.00,0.01
4945,2295.0242,566.2537,2455.1580,102.0935,0.00,0.03
4946,2428.1955,1.5593,2430.9899,2425.7104,0.00,0.04
4947,2237.6419,567.8799,2464.3345,494.6928,0.00,0.02
4948,2322.5311,450.1295,2444.8607,579.2468,0.00,0.03
4949,2427.5266,1.3109,2430.5220,2425.6098,0.00,0.04
4950,2330.5477,458.6810,2465.1582,554.4140,0.00,0.02
4951,2442.1950,7.7879,2454.2432,2429.1065,0.00,0.03
4952,1371.7856,1089.4539,2447.0896,118.3411,0.00,0.03
4953,1988.0811,832.0734,2471.8925,319.8341,0.00,0.01
4954,1450.8022,1027.4257,2471.7890,101.8697,0.00,0.01
4955,2368.4702,335.4464,2471.7622,1069.7903,0.00,0.02
4956,2283.3607,516.2842,2469.3439,372.5120,0.00,0.02
4957,1981.7486,847.8474,2467.4029,101.8759,0.00,0.01
4958,2103.0535,755.8545,2471.9102,96.8833,0.00,0.01
4959,2067.8193,819.0117,2471.8841,102.0030,0.00,0.01
4960,1701.7315,1001.9974,2468.0127,84.5107,0.00,0.03
4961,2443.3311,5.7736,2454.2300,2432.5370,0.00,0.02
4962,1818.7655,902.3998,2461.8634,236.1112,0.00,0.03
4963,2204.9217,643.6485,2455.1010,499.5517,0.00,0.02
4964,2435.9796,6.3803,2446.9813,2428.1311,0.00,0.03
4965,1687.1382,916.9074,2462.9348,249.9200,0.00,0.03
4966,1715.5420,883.7337,2462.6186,96.9693,0.00,0.01
4967,2440.6259,8.5007,2456.8976,2428.9720,0.00,0.03
4968,1707.7428,1008.6739,2471.6502,79.6694,0.00,0.03
4969,2027.0441,744.4240,2456.0183,455.0417,0.00,0.02
4970,2430.4985,4.6776,2444.8585,2425.9889,0.00,0.03
4971,1941.8873,860.8378,2471.4472,96.9585,0.00,0.02
4972,1721.1515,972.7186,2469.0393,133.3424,0.00,0.02
4973,2199.3423,641.5430,2454.0240,479.9701,0.00,0.02
4974,2428.4322,1.9446,2434.6746,2426.0614,0.00,0.04
4975,2193.8731,671.6260,2467.6888,315.0453,0.00,0.02
4976,2431.7251,3.8265,2441.4627,2425.9800,0.00,0.03
4977,2145.5842,701.3813,2471.3936,260.2485,0.00,0.02
4978,2443.4397,6.9300,2455.5142,2430.7925,0.00,0.02
4979,2113.4740,741.4325,2466.8800,225.7797,0.00,0.02
4980,2090.3855,767.8437,2471.4857,101.9355,0.00,0.02
4981,2203.3833,623.6532,2450.5927,499.5969,0.00,0.03
4982,2426.7873,0.9393,2429.1723,2425.4937,0.00,0.04
4983,2323.0687,461.8635,2455.8418,534.4562,0.00,0.02
4984,2431.7124,2.6351,2437.2147,2428.3390,0.00,0.03
4985,2200.5429,666.2671,2464.5337,310.2160,0.00,0.02
4986,1504.2760,938.3522,2465.9710,118.2623,0.00,0.02
4987,2322.7169,465.5660,2453.2340,519.8631,0.00,0.02
4988,2297.0238,514.2818,2438.3220,305.2658,0.00,0.03
4989,2426.5129,0.9173,2428.7176,2425.3645,0.00,0.04
4990,2077.7881,758.1415,2454.4023,474.9000,0.00,0.02
4991,2428.5470,2.2993,2432.5107,2425.4599,0.00,0.04
4992,2322.8878,514.6690,2470.5952,329.9035,0.00,0.01
4993,2303.1586,563.1583,2456.8240,122.1591,0.00,0.02
4994,443.1795,597.7471,2439.8220,89.3672,0.00,0.03
4995,2194.2106,693.1419,2471.3354,196.8934,0.00,0.02
4996,2443.0905,7.9272,2455.8864,2429.6635,0.00,0.03
4997,884.1535,922.9587,2457.5617,138.1767,0.00,0.03
4998,2441.9606,9.0158,2471.7235,2433.4438,0.00,0.03
4999,1787.2408,984.6000,2467.9110,187.2270,0.00,0.02
0,174.0772,223.8116,774.8655,-51.3287,24.26,0.04
1,445.9813,516.0804,1501.8463,-14.3331,7.85,0.03
2,256.0566,477.2968,1511.2956,-40.0467,0.00,0.05
3,509.7770,485.6892,1513.7743,-54.2671,32.74,0.28
4,455.5708,451.2593,1274.0774,-37.0011,6.49,0.07
5,947.3364,519.5551,1564.3888,43.5182,6.28,0.11
6,1423.9161,554.9650,2095.9250,-34.3135,1.55,0.05
7,1444.3609,648.5342,2160.1864,-30.2099,0.35,0.04
8,1970.6341,282.4194,2279.7800,1035.3565,0.00,0.05
9,1773.8860,1035.5956,2403.0268,-25.5856,0.40,0.04
10,2364.1489,19.7038,2399.1783,2331.2280,0.06,0.04
11,2406.6540,6.6311,2416.4430,2393.8262,0.03,0.04
12,747.9043,1128.6261,2427.3818,-28.1636,0.00,0.03
13,2254.1781,587.6252,2415.6530,-21.4566,0.04,0.04
14,2383.9011,23.5279,2403.8055,2299.4727,0.00,0.04
15,1807.5466,1055.1102,2424.9241,-24.0162,0.03,0.04
16,2415.4775,3.1715,2422.2983,2408.9596,0.00,0.04
17,-18.1922,9.5789,12.6104,-24.7129,0.00,0.03
18,331.4061,608.4647,2469.5365,-18.2484,0.00,0.01
19,983.2428,1014.4012,2456.0062,-13.1120,0.00,0.01
0,228.2510,267.5344,707.9043,-53.8469,16.03,0.06
1,410.0135,356.2766,1143.8005,-61.6202,23.88,0.04
2,941.0412,357.7483,1484.2277,42.0870,10.54,0.03
3,1289.7244,361.3383,2148.4431,695.2853,4.22,0.04
4,1354.3149,660.5718,2207.7701,112.9706,2.89,0.04
5,1535.3912,243.4068,1959.6263,1053.8028,3.10,0.06
6,709.0953,676.6814,2032.9228,-51.0019,11.18,0.05
7,1355.4865,780.8251,2277.0595,30.4867,2.90,0.05
8,1384.8535,733.5589,2232.2658,120.5572,7.47,0.08
9,1826.5574,555.9088,2387.2881,506.6298,0.28,0.03
10,2053.9421,512.0700,2403.7821,350.8237,1.50,0.05
11,2096.8558,758.6950,2444.5703,95.4649,0.26,0.02
12,2377.6105,39.3064,2428.2849,2311.9139,0.00,0.03
13,2247.2699,462.4821,2436.8955,504.8535,0.07,0.03
14,2199.9083,289.1683,2423.4534,1275.9009,1.52,0.04
15,1986.0425,769.6487,2436.6197,21.4323,0.14,0.03
16,2183.7144,309.0494,2409.8497,1297.0925,0.00,0.03
17,2206.4281,559.5637,2433.0902,76.5196,0.26,0.03
18,2232.3702,317.3550,2410.5853,1286.1814,0.03,0.04
19,2296.3854,245.1667,2415.0265,1398.3010,1.65,0.04
20,1830.3258,545.6070,2233.8727,-49.4603,0.53,0.04
21,2240.0587,354.9153,2419.3945,920.4417,0.06,0.04
22,2195.4712,408.8439,2421.3650,883.8693,0.30,0.05
23,2421.2239,4.4897,2424.8740,2408.0570,0.00,0.04
24,2424.8894,0.0828,2425.0288,2424.7353,0.00,0.04
25,2425.3062,0.3109,2426.1610,2424.9166,0.00,0.04
26,2430.6826,2.5616,2434.9868,2427.9138,0.00,0.03
27,2159.2016,735.0675,2470.8492,76.7456,0.03,0.02
28,2310.6459,476.0155,2451.3799,470.1010,0.00,0.03
29,2069.9358,756.8719,2447.1449,230.6465,0.85,0.03
30,2209.1079,585.7414,2451.6083,543.3084,0.00,0.03
31,2313.9109,369.6897,2440.8279,930.0726,0.00,0.03
32,2376.3979,84.5166,2453.2767,2139.9362,0.19,0.03
33,2425.7838,10.7620,2441.9104,2398.4413,0.00,0.03
34,2300.4021,559.9159,2455.8868,131.9778,0.00,0.02
35,2283.0649,553.3878,2440.1462,139.9308,0.00,0.03
36,2427.7520,5.6248,2437.7350,2415.7675,0.00,0.03
37,2326.6935,469.4776,2455.0051,508.5189,0.00,0.02
38,2142.4745,760.4349,2468.7369,127.0378,0.05,0.02
39,731.5686,858.5192,2436.3123,-36.1806,5.36,0.05
40,515.0482,729.3866,2393.5363,28.2084,0.14,0.03
41,1203.4393,994.4611,2452.7198,89.8177,1.86,0.04
42,1902.1052,847.2001,2468.8276,116.8404,0.00,0.01
43,1959.7139,910.3412,2468.5186,96.9072,0.00,0.02
44,1895.2306,975.6171,2471.1844,92.0154,0.00,0.01
45,2008.7400,880.2545,2464.8639,93.2772,0.00,0.02
46,2430.0750,4.3682,2436.7501,2421.4976,0.00,0.03
47,2178.0066,658.6200,2471.0341,354.8638,0.34,0.02
48,2180.1017,705.3702,2463.4948,96.9757,0.00,0.02
49,2436.5927,10.1302,2458.6681,2416.9118,0.00,0.02
50,1698.9662,1012.6633,2458.8093,1.2107,0.02,0.02
51,2045.8917,821.1115,2458.7713,248.8225,0.00,0.03
52,2429.6255,10.7342,2447.7755,2409.9123,0.00,0.03
53,2036.0655,871.5459,2469.6957,92.1211,0.00,0.02
54,2367.9482,251.0583,2452.7151,1396.0711,0.00,0.03
55,2426.5698,2.9502,2436.5891,2424.8757,0.00,0.04
56,2440.5394,7.8751,2454.7757,2426.9301,0.00,0.03
57,1337.6270,1032.1136,2471.6639,86.8828,0.01,0.01
58,1345.3098,1019.5939,2459.4312,96.4392,0.17,0.01
59,2269.8417,457.4527,2457.0727,926.0279,0.00,0.02
60,2436.9076,6.5552,2450.5021,2427.7566,0.00,0.03
61,1377.4110,1045.1398,2453.2563,70.6511,0.00,0.03
62,2188.8931,712.8184,2471.8196,127.0940,0.00,0.01
63,2106.0119,754.1843,2472.0738,266.5155,0.00,0.01
64,1644.8332,1042.5918,2471.2658,96.9640,0.00,0.02
65,2448.5745,10.9198,2464.6151,2426.6976,0.00,0.02
66,2198.0171,657.3643,2471.8515,404.9983,0.00,0.02
67,2418.8559,70.0257,2451.1545,2148.9029,0.00,0.03
68,2314.4474,323.2838,2433.8271,1156.0421,0.00,0.04
69,2423.2263,2.2774,2427.0598,2418.4015,0.00,0.04
70,2432.7967,3.3344,2439.1401,2426.6429,0.00,0.03
71,1966.3553,744.8030,2467.9861,499.6686,0.00,0.01
72,2323.1910,517.4044,2471.8384,319.8560,0.00,0.01
73,2251.5298,512.2961,2467.9110,697.3739,0.00,0.02
74,2431.1265,37.6159,2466.1512,2309.5294,0.00,0.02
75,2246.4388,542.2704,2464.2148,484.7053,0.00,0.02
76,2430.3437,7.9332,2450.2235,2418.0241,0.00,0.03
77,2257.0051,580.0216,2471.6322,136.7169,0.00,0.02
78,1825.5081,962.2077,2471.8644,101.7809,0.00,0.01
79,1604.6284,983.7165,2471.7718,97.1880,0.00,0.01
80,1735.4560,1064.9362,2460.0712,96.4140,0.00,0.01
81,1819.5025,915.7824,2452.9117,141.7882,0.26,0.04
82,1592.1583,976.8094,2462.3586,101.7487,0.04,0.02
83,1973.9698,840.6553,2471.2657,112.2500,0.00,0.02
84,1959.0378,777.8378,2471.6724,405.9884,0.00,0.03
85,2445.7946,15.0493,2471.9040,2428.2927,0.00,0.02
86,2101.4872,742.3883,2444.6575,133.9368,0.48,0.04
87,2007.5861,899.6442,2453.2077,111.5302,0.00,0.03
88,2183.7294,581.7069,2462.3477,585.8619,0.00,0.03
89,2440.4486,7.5040,2456.7466,2427.6708,0.00,0.03
90,1704.2242,769.3157,2458.5491,135.8092,1.19,0.04
91,2073.9560,734.3523,2471.8112,524.4055,0.05,0.02
92,2091.5736,688.6669,2459.6282,164.5122,0.38,0.03
93,1922.8929,931.6932,2471.2555,101.9054,0.00,0.01
94,2326.0011,479.2976,2463.6538,469.8559,0.00,0.02
95,2180.5614,705.5906,2457.0109,101.9311,0.00,0.02
96,2429.5238,1.6977,2433.3637,2426.1413,0.00,0.04
97,1722.7116,955.1248,2465.3819,97.0216,0.00,0.01
98,2438.0065,7.2377,2453.2845,2428.1480,0.00,0.03
99,424.0184,771.7693,2455.7236,45.7649,0.00,0.03
100,1804.0711,862.4405,2471.7131,319.8195,0.00,0.01
101,2443.5573,6.7197,2455.7732,2428.1150,0.00,0.02
102,1735.8667,963.7177,2462.1792,227.4750,0.00,0.02
103,2063.1342,823.4710,2471.7152,96.8713,0.00,0.01
104,2443.8346,7.4378,2454.7385,2429.8719,0.00,0.02
105,542.3004,755.2657,2452.4333,40.8762,0.05,0.03
106,2223.4404,485.9615,2471.3535,1169.2469,0.00,0.01
107,1611.0552,984.6978,2453.6299,113.8534,0.00,0.03
108,2065.9548,728.9202,2471.2278,519.5140,0.00,0.02
109,2439.6842,6.5082,2451.8153,2431.8660,0.00,0.03
110,2216.3546,612.7914,2466.3364,148.4236,0.02,0.02
111,1960.3247,835.3738,2472.2748,96.9434,0.00,0.01
112,2203.7526,660.0384,2471.7440,374.4437,0.00,0.02
113,2204.3040,632.7174,2462.2209,460.1843,0.00,0.02
114,2252.0062,481.0631,2456.3388,736.0416,0.00,0.03
115,2428.4213,5.7695,2444.7063,2424.7257,0.00,0.04
116,2190.9655,649.3608,2463.8483,381.9468,0.00,0.02
117,2098.7191,730.5349,2471.7514,376.0904,0.00,0.02
118,2290.2455,565.3059,2469.9196,101.8474,0.00,0.03
119,2425.5394,1.7442,2432.2626,2425.0116,0.00,0.04
120,1875.9544,898.7490,2468.9869,279.6520,0.00,0.02
121,2426.0368,1.0256,2428.6858,2425.0960,0.00,0.04
122,2175.7727,710.9463,2457.3408,112.0998,0.00,0.02
123,1721.4101,835.7691,2462.5262,366.2140,0.00,0.03
124,2430.3867,13.8934,2466.7885,2414.9652,0.00,0.03
125,1659.8902,1024.1794,2470.8137,185.8290,0.00,0.02
126,1902.3855,866.1864,2471.7938,116.3963,0.00,0.01
127,1914.0336,768.3499,2464.7399,226.8511,0.00,0.02
128,1815.5514,965.3305,2471.8696,111.3975,0.00,0.01
129,2299.8888,572.1351,2462.2179,84.4192,0.00,0.02
130,2182.8768,714.0202,2469.4028,101.8664,0.00,0.02
131,1519.9616,1044.6041,2447.8436,172.3641,0.00,0.03
132,1454.6389,1032.9368,2471.2726,97.0062,0.00,0.01
133,2173.1218,566.2024,2459.1747,920.3086,0.00,0.03
134,2428.7636,4.2486,2438.3906,2425.2898,0.00,0.04
135,1850.7080,945.2348,2471.7844,107.1241,0.00,0.01
136,1895.2254,977.6315,2471.8191,102.0950,0.00,0.01
137,2332.7762,479.8646,2471.3259,474.8457,0.00,0.01
138,2299.1853,568.7357,2471.8633,96.9494,0.00,0.02
139,2304.3002,542.0044,2469.0566,205.4448,0.00,0.03
140,2426.1322,1.5550,2429.8709,2425.0400,0.00,0.04
141,2309.9481,380.2590,2464.4305,1082.0893,0.00,0.02
142,2075.2521,771.9836,2467.2477,96.8738,0.00,0.01
143,2174.8523,722.1878,2465.4084,157.6303,0.00,0.02
144,2059.3116,793.8728,2468.8610,281.9665,0.00,0.03
145,2429.9836,5.8161,2448.7085,2425.3403,0.00,0.04
146,2158.4556,763.2389,2464.7557,122.0594,0.00,0.02
147,1406.7858,1075.7426,2449.1419,128.2947,0.00,0.03
148,2429.9931,5.8516,2445.8812,2425.3059,0.00,0.04
149,2316.9631,513.2488,2471.6259,329.6519,0.00,0.02
150,1889.0764,953.1403,2450.3390,118.4164,0.00,0.03
151,2190.5959,700.2958,2471.8203,136.7596,0.00,0.02
152,2369.8887,299.1128,2471.7803,1212.4797,0.00,0.02
153,2030.0281,732.8520,2452.9429,269.1054,0.00,0.03
154,2189.1123,712.9071,2471.7721,106.6938,0.00,0.01
155,2305.8084,457.5097,2471.7157,598.4230,0.00,0.02
156,2338.7435,401.9493,2453.0390,782.1516,0.00,0.03
157,2392.4098,202.2404,2471.6634,1610.7840,0.00,0.02
158,2075.3238,795.7018,2471.7578,127.0082,0.00,0.02
159,2316.7400,503.4202,2465.9284,367.4615,0.00,0.02
160,1998.5791,751.6536,2461.5533,297.1874,0.00,0.02
161,2085.2898,745.1624,2471.1068,459.9867,0.00,0.02
162,1939.2078,769.4825,2468.0408,516.6531,0.00,0.03
163,2039.2236,870.7117,2470.4757,101.9377,0.00,0.01
164,2398.0914,195.2374,2456.1748,1642.1038,0.00,0.02
165,2438.2057,5.0977,2448.4325,2430.1557,0.00,0.03
166,1727.8548,1074.7725,2468.7116,75.5462,0.00,0.02
167,2343.8889,459.7077,2471.6224,563.7380,0.00,0.01
168,1431.2066,1069.2001,2471.1913,148.9696,0.00,0.02
169,2235.1232,553.2128,2463.7774,514.3818,0.00,0.02
170,1991.6878,906.8392,2471.4577,96.5962,0.00,0.02
171,2184.3684,478.2806,2448.1966,900.8245,0.00,0.02
172,2320.5779,161.6449,2446.8392,1767.2467,0.00,0.03
173,2190.2839,709.8052,2470.2582,132.0359,0.00,0.01
174,2207.4332,625.9488,2470.4407,340.8187,0.00,0.03
175,2106.6436,711.0756,2471.0652,305.9836,0.00,0.03
176,2360.2675,282.8429,2469.0295,1265.9741,0.00,0.03
177,2114.5048,739.1468,2455.2446,203.1895,0.02,0.03
178,2292.5992,565.7729,2468.7521,101.7459,0.00,0.03
179,2393.4207,140.7288,2441.7361,1848.6099,0.00,0.04
180,2429.3672,4.7242,2443.0244,2425.5060,0.00,0.04
181,714.6810,1005.9833,2468.2397,60.1238,0.00,0.03
182,2323.9978,444.3499,2455.7980,603.3151,0.00,0.03
183,2427.7853,2.6759,2436.3861,2425.6994,0.00,0.04
184,1290.7404,1063.0456,2457.8501,101.8946,0.00,0.02
185,1998.3584,805.8550,2464.0605,235.6951,0.00,0.02
186,2323.7876,446.7872,2467.2283,593.9724,0.00,0.03
187,1994.1992,815.7798,2465.7784,293.5958,0.00,0.02
188,2055.6866,809.5102,2470.0122,101.8087,0.00,0.02
189,2432.5335,5.8295,2442.3688,2416.7011,0.00,0.03
190,2163.4999,751.1466,2467.7785,91.9483,0.00,0.02
191,2434.9990,8.0044,2455.7917,2426.8221,0.00,0.03
192,471.0613,576.8045,2440.7580,86.5878,0.00,0.03
193,2085.8287,776.3456,2467.6233,236.3148,0.00,0.02
194,1822.8370,939.5069,2465.7226,101.9343,0.00,0.02
195,1686.9391,1000.3071,2471.8580,87.1104,0.00,0.02
196,1451.3946,1017.3531,2450.7208,158.0035,0.00,0.03
197,1760.9644,913.5186,2465.7444,296.7868,0.00,0.02
198,1782.8771,894.6563,2443.2660,260.4200,0.00,0.03
199,2056.7241,779.2758,2471.1942,102.4447,0.00,0.02
0,96.1628,210.9414,652.7986,-53.2697,19.32,0.05
1,291.4733,308.7943,956.8542,-10.2335,16.72,0.06
2,570.0687,425.4168,1466.9399,23.2552,18.91,0.08
3,456.6333,565.6004,1578.6328,-32.2058,7.40,0.04
4,976.1868,615.3096,2048.0104,47.3481,14.90,0.10
5,827.8027,1102.1895,2304.3254,-28.3835,0.00,0.03
6,2007.1019,180.4904,2282.7903,1616.6716,0.31,0.04
7,1721.7066,846.0807,2284.4427,-31.0353,0.20,0.04
8,2075.5073,353.3828,2377.7976,1092.6118,2.09,0.04
9,1438.3862,1134.8867,2381.4104,-27.0601,0.05,0.04
10,2251.1915,90.5035,2337.1253,2027.9667,0.38,0.04
11,1172.7470,1181.5373,2400.0386,-25.5183,0.04,0.03
12,2265.6030,123.2018,2387.3724,1979.3689,0.29,0.04
13,1779.6773,1042.7518,2409.4603,-33.0213,0.03,0.04
14,2384.6520,15.1084,2413.7682,2346.6590,0.04,0.04
15,125.5393,590.2537,2411.5553,-32.0281,0.00,0.03
16,2404.7080,7.1631,2416.8996,2391.2105,0.03,0.04
17,1043.3641,1209.1077,2420.6224,-27.3981,0.00,0.04
18,2095.6287,801.6961,2415.3953,-27.5487,0.00,0.04
19,2380.6831,15.6337,2399.8068,2336.2857,0.09,0.04
20,2407.0495,3.4191,2413.3304,2399.6238,0.11,0.04
21,2119.3016,780.4772,2419.9274,-22.9501,0.03,0.04
22,1806.6875,1056.0541,2424.5442,-22.5105,0.01,0.04
23,2404.7783,5.1644,2412.1574,2392.8431,0.00,0.04
24,2263.2033,590.2117,2420.2770,-22.6514,0.00,0.04
25,2103.3644,803.5863,2412.8596,-22.9611,0.00,0.04
26,2390.6789,15.4229,2410.6277,2347.4256,0.14,0.04
27,2406.2011,6.5077,2418.0302,2394.0571,0.06,0.04
28,2408.1580,9.6541,2420.5869,2385.2631,0.16,0.04
29,2412.9106,12.3616,2423.7525,2367.8533,0.01,0.04
30,2270.6305,592.8707,2435.1689,-25.4337,0.01,0.03
31,2415.1522,8.6728,2426.6701,2391.2443,0.01,0.04
32,2276.9545,483.7437,2441.5983,409.3337,0.19,0.03
33,2408.5742,15.8175,2426.1439,2362.6250,0.09,0.04
34,2418.0072,9.0010,2432.4747,2401.8607,0.05,0.04
35,2208.1387,595.4317,2446.5926,408.7221,0.03,0.02
36,2424.6916,2.1643,2428.1906,2419.3935,0.00,0.04
37,2114.4948,801.3547,2433.3413,-31.7474,0.05,0.03
38,2254.2253,444.4905,2425.1292,568.3329,0.21,0.03
39,2393.2922,26.5991,2420.1778,2321.1535,0.28,0.04
40,2419.3005,3.7096,2424.7354,2411.3157,0.05,0.04
41,1958.3751,953.5386,2426.1275,-29.5200,0.01,0.04
42,2423.8979,2.9963,2428.1302,2413.9394,0.00,0.04
43,2424.0568,2.1449,2428.8539,2420.9792,0.00,0.04
44,2424.1065,3.7545,2433.8075,2414.9753,0.04,0.04
45,2258.1502,590.9869,2443.6089,-26.8369,0.07,0.03
46,2419.3448,21.5135,2444.0819,2357.7040,0.04,0.03
47,2283.4565,570.1398,2438.9431,75.4544,0.00,0.03
48,2418.9649,6.4090,2426.3228,2403.5129,0.03,0.04
49,2422.2664,4.5966,2428.2775,2408.6310,0.01,0.04
50,2275.5364,587.6775,2434.4535,-0.4710,0.00,0.03
51,2403.8763,45.2112,2439.6506,2270.4828,0.00,0.03
52,2375.5297,183.5550,2429.1406,1664.7192,0.00,0.04
53,2063.0232,736.2423,2422.7451,387.8099,0.00,0.04
54,2417.4460,4.5249,2422.5433,2409.1424,0.01,0.04
55,1647.9918,1127.5648,2422.1088,-27.7831,0.47,0.04
56,2200.9383,577.5441,2425.6822,-25.3938,0.24,0.04
57,2385.8687,20.6845,2423.8010,2346.6069,0.20,0.04
58,2097.8503,805.6092,2432.9685,-32.0174,0.31,0.04
59,1768.9886,976.3437,2460.9532,-17.2044,0.30,0.03
60,2386.1856,39.2028,2434.4225,2284.1022,0.34,0.04
61,2404.6948,33.5179,2424.3476,2278.2329,0.15,0.04
62,2042.7983,777.8377,2427.4194,52.6693,0.18,0.03
63,2392.0136,28.6431,2430.6783,2308.9742,0.01,0.04
64,2419.8194,8.4174,2436.9885,2407.7523,0.01,0.04
65,1908.2282,819.3511,2463.6962,311.8675,0.06,0.02
66,2289.6262,434.6021,2447.2773,684.7556,1.21,0.03
67,2248.6544,488.4238,2437.4579,594.2841,0.01,0.04
68,2424.1453,1.2859,2426.2214,2421.1958,0.00,0.04
69,2282.3899,559.5733,2439.8745,115.3253,0.03,0.03
70,2410.9519,8.8180,2420.9306,2388.0434,0.03,0.04
71,2385.4662,39.5218,2422.8710,2269.6346,0.14,0.03
72,1754.8773,932.8334,2429.5083,143.7795,0.20,0.03
73,2393.5653,31.2358,2436.3662,2330.8630,0.03,0.03
74,1735.9099,921.9839,2458.6791,136.0282,2.67,0.05
75,1883.0397,831.6519,2462.6620,130.1840,0.08,0.02
76,1892.8292,838.3189,2436.9550,145.6140,0.64,0.02
77,2109.1941,663.5418,2462.7933,637.1600,0.04,0.02
78,1959.3566,818.2742,2447.5034,131.3366,0.00,0.02
79,2223.9754,580.1995,2438.7245,-14.0377,0.35,0.03
80,2231.1806,161.1405,2415.3701,1931.7535,0.44,0.05
81,2417.7417,5.4825,2423.1492,2405.8603,0.00,0.04
82,2417.0874,8.7163,2424.3370,2388.2307,0.03,0.04
83,2421.0365,3.3153,2424.2868,2414.9134,0.04,0.04
84,2281.8817,542.5707,2424.7390,180.5526,0.00,0.04
85,2421.7854,3.8491,2424.6267,2411.9503,0.00,0.04
86,2262.6124,591.2955,2424.7536,-27.3329,0.10,0.04
87,2423.4503,3.3847,2425.4404,2410.6641,0.00,0.04
88,2138.5018,748.4114,2424.9174,132.0623,0.20,0.04
89,2418.9638,7.4929,2427.0826,2397.7071,0.01,0.04
90,2008.9381,766.4268,2443.0759,69.0476,0.00,0.03
91,2113.2080,808.8166,2425.6741,-27.4739,0.03,0.04
92,2419.8587,5.3700,2424.7414,2403.0379,0.04,0.04
93,2422.3962,2.5418,2425.9051,2417.7986,0.01,0.04
94,2425.8950,1.8099,2428.9319,2422.9008,0.00,0.04
95,2285.3961,396.6486,2445.2016,873.4358,0.01,0.03
96,2260.9699,557.7295,2426.4810,102.6314,0.10,0.04
97,1387.8193,1151.9711,2430.0870,65.0968,0.01,0.03
98,2421.1280,6.4879,2431.5748,2405.2864,0.01,0.04
99,2418.1028,8.3854,2432.2698,2399.8348,0.08,0.04
100,2210.4605,606.2522,2435.7150,103.5182,0.00,0.03
101,2421.6977,5.7963,2430.7106,2406.5976,0.01,0.04
102,2428.3767,3.4934,2435.5771,2423.1134,0.01,0.03
103,1906.4811,854.9303,2470.0992,134.9703,0.00,0.01
104,2339.1412,313.2851,2442.5946,1128.5787,0.00,0.03
105,2409.9694,12.5655,2424.8186,2384.2484,0.12,0.04
106,2410.0276,10.9618,2423.2174,2391.1872,0.10,0.04
107,2415.7821,6.9925,2424.0924,2400.7507,0.03,0.04
108,2421.1041,3.9292,2424.9397,2409.5116,0.03,0.04
109,2414.8339,11.6117,2424.9660,2388.2259,0.09,0.04
110,2424.3897,1.4019,2425.6069,2420.8470,0.00,0.04
111,2154.7381,713.0201,2426.7432,54.1327,0.03,0.04
112,2414.1786,14.0866,2428.1491,2387.6815,0.16,0.04
113,2431.0410,3.9931,2436.7372,2422.7673,0.01,0.03
114,1604.7984,1107.5090,2471.5455,91.9951,0.00,0.01
115,2047.0736,769.5791,2457.5226,415.3461,0.00,0.02
116,2428.5220,4.6439,2438.8155,2419.7607,0.01,0.04
117,1172.9664,1137.5093,2469.4187,-17.1024,0.00,0.02
118,1181.4620,1125.6725,2467.4787,86.1925,0.00,0.01
119,2430.6772,3.7302,2440.0635,2426.1042,0.01,0.03
120,2028.0495,882.8134,2470.9631,106.9040,0.00,0.01
121,1647.4611,990.2632,2470.9375,106.7280,0.00,0.01
122,2093.0240,747.4581,2463.2926,105.5494,0.04,0.02
123,2385.7034,95.2406,2439.7536,2059.7207,0.11,0.03
124,1852.6360,1008.5220,2464.2164,96.5103,0.00,0.02
125,1685.8355,1045.9521,2471.3292,106.6576,0.03,0.01
126,1447.8043,1035.3933,2469.9250,102.2762,0.03,0.01
127,2062.1015,773.5281,2451.8132,340.2981,0.03,0.02
128,2422.5690,8.3031,2438.2956,2398.3633,0.00,0.04
129,2242.8101,548.0912,2463.9110,682.3254,0.00,0.02
130,2177.2824,576.1392,2453.3664,665.4335,0.04,0.02
131,2424.4893,3.2614,2432.8220,2418.6693,0.01,0.04
132,2054.4417,748.1645,2463.2705,111.4938,0.04,0.02
133,2426.3001,7.5115,2443.1833,2414.6041,0.03,0.03
134,1744.3916,950.7116,2462.4774,161.4261,0.01,0.01
135,1716.9919,1085.0899,2468.8269,76.9430,0.00,0.02
136,2318.5350,432.2318,2438.0266,644.6492,0.03,0.03
137,2318.8355,388.6770,2454.0142,823.1330,0.09,0.03
138,2370.5152,49.5092,2414.2055,2243.1564,0.52,0.04
139,2413.2601,21.5886,2427.7333,2339.6093,0.00,0.04
140,2408.4751,25.9811,2431.1962,2318.0104,0.12,0.04
141,2420.1019,11.2157,2429.8972,2386.6869,0.04,0.04
142,2423.7751,3.8243,2428.1469,2414.5561,0.01,0.04
143,2428.5829,4.2865,2442.7538,2424.1054,0.00,0.04
144,1479.0141,1044.8430,2462.6003,106.6778,0.44,0.03
145,2394.8936,20.3926,2417.3536,2335.1069,0.23,0.04
146,2266.9681,418.7242,2429.3914,720.7569,0.00,0.04
147,2415.5845,13.5808,2425.7921,2367.8480,0.00,0.04
148,2388.9298,42.6373,2430.6295,2308.0465,0.00,0.04
149,2441.7143,11.2756,2467.8724,2419.7838,0.01,0.02
150,2189.9344,603.5340,2448.9704,332.0668,0.12,0.03
151,2015.7369,840.0322,2439.8501,123.9674,0.16,0.03
152,2419.3414,16.6725,2432.5394,2382.5747,0.03,0.03
153,1995.8837,911.7091,2468.8802,89.8464,0.01,0.03
154,2421.5430,25.9646,2435.5746,2322.6946,0.03,0.03
155,2146.1779,772.9589,2463.3817,96.3176,0.00,0.02
156,2280.0797,559.9887,2446.6029,111.5624,0.00,0.03
157,2253.6630,475.0196,2444.3505,853.4789,0.01,0.03
158,2427.8083,4.1660,2436.1185,2420.3328,0.03,0.04
159,1567.9015,1024.1509,2461.9355,47.2215,0.00,0.01
160,2013.4106,872.1492,2457.7830,25.8947,0.01,0.02
161,2393.3949,148.6103,2441.5724,1818.1317,0.00,0.03
162,2355.2100,324.2549,2450.5568,1099.5592,0.01,0.03
163,2430.5025,2.9108,2437.8481,2425.3164,0.00,0.03
164,1545.4537,973.8606,2464.6921,77.1380,0.10,0.01
165,1849.1077,832.2542,2469.1617,86.8332,0.00,0.02
166,2433.2093,5.5152,2442.3183,2425.9776,0.00,0.03
167,958.3319,947.5622,2456.5210,10.3534,0.00,0.01
168,1575.5515,1059.2174,2465.0185,27.2234,0.00,0.01
169,1854.7258,891.5397,2454.6229,-11.8283,0.00,0.02
170,2422.6604,10.6634,2433.4742,2397.1844,0.04,0.03
171,2444.3413,6.2734,2457.6215,2436.4238,0.01,0.02
172,1731.1842,946.4061,2469.9779,116.9736,0.07,0.02
173,1564.7039,988.2654,2469.0194,87.2540,0.03,0.02
174,1782.2115,884.0043,2448.7518,92.0066,0.04,0.02
175,1944.9592,784.1113,2441.8701,310.2045,0.01,0.03
176,2323.4746,295.3554,2428.2665,1215.5234,0.14,0.04
177,2427.0385,0.9882,2429.4152,2425.6425,0.00,0.04
178,2344.6225,113.2054,2437.4522,2004.5261,0.11,0.03
179,2433.6863,9.7369,2450.7077,2402.9666,0.00,0.03
180,2429.9666,20.5551,2446.3270,2353.2569,0.00,0.03
181,2438.8159,6.4158,2456.2029,2430.6513,0.00,0.03
182,1417.7022,1070.5420,2442.5474,87.2108,0.05,0.02
183,2352.7646,204.8282,2432.5233,1568.7287,0.13,0.03
184,2326.7235,399.3123,2441.7849,780.5501,0.00,0.03
185,2422.9983,5.0346,2427.8927,2408.4409,0.00,0.04
186,2427.6778,3.7430,2433.2507,2419.2993,0.03,0.04
187,2070.0438,791.5936,2466.1717,92.0509,0.10,0.02
188,2334.7061,370.7269,2446.8509,899.0658,0.00,0.03
189,2423.8108,2.9041,2427.6991,2414.4092,0.03,0.04
190,2436.7448,9.1780,2450.1455,2422.1131,0.03,0.03
191,1889.1961,984.4150,2469.6568,101.7253,0.00,0.01
192,1870.5841,878.1126,2454.4817,101.4064,0.10,0.02
193,2420.9496,17.3827,2447.1932,2379.7763,0.14,0.03
194,2183.3080,619.8646,2463.7570,190.8977,0.00,0.01
195,2299.0877,541.1593,2456.8551,203.7281,0.01,0.02
196,2286.5014,564.7244,2461.8884,99.8912,0.00,0.03
197,2425.7544,6.3582,2436.8883,2414.4501,0.00,0.03
198,1598.5327,1103.2591,2468.5528,91.9804,0.00,0.01
199,2430.8306,9.6309,2446.4723,2408.0090,0.00,0.03
200,1862.8711,946.5150,2471.3473,111.3173,0.00,0.01
201,2433.6846,7.2717,2455.0148,2425.6274,0.00,0.03
202,1888.9206,969.3034,2471.3686,91.8350,0.01,0.02
203,2278.5867,553.3378,2460.8615,140.6094,0.01,0.02
204,2422.0489,9.7840,2438.2490,2393.0110,0.01,0.03
205,1765.1706,1015.1695,2466.2492,86.7905,0.01,0.02
206,2341.7147,407.5471,2468.2728,763.9512,0.01,0.02
207,2392.3815,134.5714,2454.6363,1872.2989,0.01,0.03
208,2315.0351,425.7519,2448.9697,666.3504,0.00,0.04
209,2405.0528,42.8762,2426.1440,2253.8692,0.00,0.04
210,2422.7546,1.9415,2426.2117,2420.1176,0.00,0.04
211,2430.7220,3.9267,2437.8210,2426.1010,0.00,0.03
212,1527.8460,999.0167,2467.8895,107.3042,0.00,0.02
213,1824.8414,888.1267,2467.4272,91.8391,0.00,0.02
214,2358.9815,279.3639,2455.7018,1277.6773,0.00,0.03
215,2382.2253,60.7909,2424.1645,2235.0141,0.00,0.04
216,2391.7082,133.4861,2438.5362,1874.9260,0.00,0.04
217,2363.0314,245.4977,2447.1938,1412.4783,0.01,0.04
218,2424.2465,0.3970,2424.6549,2423.3264,0.00,0.04
219,2424.2529,0.6852,2424.8038,2422.0250,0.00,0.04
220,2228.3347,560.0263,2466.7878,314.7693,0.00,0.03
221,2423.0758,4.0641,2426.4208,2408.9846,0.00,0.04
222,2423.8423,0.9514,2424.8618,2421.0893,0.00,0.04
223,2063.3432,801.2274,2465.4933,86.7419,0.04,0.03
224,2424.0796,1.3932,2424.7922,2420.2147,0.01,0.04
225,2424.5621,0.3610,2425.6827,2423.9464,0.00,0.04
226,2427.8960,5.9405,2446.2609,2423.9902,0.00,0.04
227,2192.1981,508.5437,2464.2934,425.4614,0.08,0.03
228,2412.8479,19.4321,2465.1953,2389.8864,0.00,0.04
229,2123.7642,762.5693,2439.9320,87.2552,0.03,0.03
230,2266.2478,557.7960,2437.4455,106.7301,0.03,0.03
231,2404.4742,16.8374,2429.5066,2364.3662,0.00,0.04
232,2422.6713,6.5063,2426.4307,2406.1796,0.00,0.04
233,2425.3137,0.1156,2425.5053,2425.1209,0.00,0.04
234,2427.5417,1.5182,2430.3639,2425.5891,0.00,0.04
235,1857.5946,925.9722,2456.3452,169.5207,0.00,0.02
236,2428.9729,13.4760,2446.3290,2395.0494,0.04,0.03
237,2426.9387,5.7098,2432.8631,2412.0362,0.00,0.04
238,2430.9478,9.1977,2440.1040,2403.5006,0.00,0.03
239,2394.4992,125.4678,2442.2682,1912.9714,1.25,0.04
240,2430.2583,4.3544,2443.2323,2425.7093,0.00,0.04
241,1828.1475,887.3543,2467.3157,208.2877,0.00,0.01
242,2445.4726,4.5403,2453.1244,2437.5229,0.00,0.02
243,1748.6345,790.2614,2467.5750,116.7192,0.00,0.01
244,1847.4849,919.8198,2467.5504,77.0224,0.00,0.01
245,1887.4976,905.9090,2454.4795,117.2001,0.00,0.02
246,2430.0554,2.8816,2438.0699,2424.9361,0.00,0.03
247,2322.8905,482.4354,2459.9748,454.7070,0.01,0.02
248,2311.0799,496.0083,2450.1873,390.1999,0.00,0.03
249,2426.9802,1.9316,2431.4765,2423.2548,0.00,0.04
250,2348.5864,379.3085,2459.7461,879.7235,0.00,0.02
251,2433.1042,3.7156,2442.3533,2426.6310,0.00,0.03
252,1606.5412,1007.3250,2463.2589,92.1651,0.03,0.01
253,2437.6092,6.1057,2448.3119,2426.0338,0.01,0.03
254,1630.8921,950.5500,2454.3020,111.1250,0.11,0.02
255,1633.7269,982.2280,2449.4405,87.6996,0.77,0.03
256,2416.7384,43.8275,2439.2291,2285.6979,0.03,0.03
257,2429.3985,3.6534,2439.4316,2426.0088,0.00,0.04
258,1160.9904,1093.1557,2453.6380,37.8401,0.28,0.03
259,1986.6911,829.1834,2455.6850,106.5380,0.10,0.02
260,2414.3022,74.6752,2462.4489,2138.5540,0.00,0.03
261,2294.5475,548.6579,2462.2226,169.8684,0.00,0.03
262,2430.8767,4.6473,2443.0215,2426.1646,0.00,0.03
263,43.1748,151.6053,611.6034,-22.1674,0.00,0.02
264,1320.8310,1123.5872,2443.9893,61.3922,0.00,0.02
265,2425.6357,0.3965,2426.4801,2425.1146,0.00,0.04
266,2294.6707,545.3067,2441.3166,182.7718,0.00,0.03
267,2427.0093,1.4355,2430.3968,2425.3351,0.00,0.04
268,2077.5499,780.6507,2453.7935,82.3799,0.00,0.02
269,2427.9312,2.1562,2434.9934,2425.7503,0.00,0.04
270,751.0120,996.1456,2446.5400,-22.5434,0.00,0.02
271,2426.8435,1.3351,2429.8150,2425.4295,0.00,0.04
272,1369.6564,1098.5511,2471.6393,-16.9926,0.00,0.01
273,2434.8183,7.0413,2454.7620,2427.3287,0.00,0.03
274,367.7418,743.2564,2385.8304,-22.0839,0.73,0.04
275,1674.2406,844.2270,2396.4442,0.5205,1.28,0.04
276,1808.2006,879.7699,2447.7426,-23.9321,0.09,0.02
277,2021.0886,712.4578,2429.4775,145.6819,0.06,0.03
278,1765.6366,996.9821,2425.8167,-30.8412,0.01,0.04
279,2227.7826,565.9264,2434.5685,153.1115,0.03,0.04
280,2403.2048,22.4609,2427.5059,2335.9144,0.06,0.04
281,2037.7556,836.4218,2444.3028,-30.0188,0.04,0.03
282,2392.5151,25.0952,2423.5383,2331.1145,0.01,0.04
283,2270.0219,409.7760,2453.7455,838.9055,0.01,0.03
284,2422.5995,11.0556,2437.0874,2383.7101,0.00,0.04
285,2306.2510,487.9537,2453.4669,417.3728,0.03,0.02
286,2428.8577,9.3648,2446.8020,2401.1581,0.01,0.03
287,2080.3396,762.8528,2455.9450,305.2675,0.03,0.02
288,2428.6044,3.0232,2436.4820,2423.0055,0.00,0.04
289,1745.9866,950.7699,2463.7175,-16.9438,0.00,0.02
290,2219.9715,581.4209,2450.7291,578.4508,0.00,0.02
291,2421.9625,3.6017,2427.6382,2413.0611,0.01,0.04
292,2426.0257,4.7982,2430.8839,2409.7732,0.00,0.04
293,2307.8883,472.7862,2440.5895,476.9221,0.03,0.03
294,2423.2146,1.7548,2427.1348,2419.9611,0.00,0.04
295,2429.0341,3.1460,2436.4048,2421.9302,0.01,0.03
296,1541.3892,937.6349,2467.8309,97.3452,0.00,0.01
297,2443.6901,6.4203,2456.5970,2432.5004,0.00,0.02
298,747.4116,567.4267,2467.1515,77.5486,0.03,0.01
299,1075.1745,980.8589,2468.6435,87.3317,0.05,0.01
300,1761.8248,1028.3857,2465.6572,86.9400,0.07,0.02
301,2139.6311,773.2529,2468.0472,92.0675,0.00,0.02
302,1966.7417,852.5601,2445.2400,85.4204,0.00,0.03
303,2277.9349,561.5224,2431.7353,103.5874,0.03,0.04
304,2421.7352,2.1458,2424.5115,2415.1656,0.03,0.04
305,2427.2918,8.5725,2456.7587,2416.4977,0.01,0.04
306,2303.7192,499.4307,2444.8821,369.5368,0.00,0.03
307,2426.4176,1.1915,2429.4143,2424.0753,0.00,0.04
308,2064.3505,675.4730,2445.9956,640.8128,0.00,0.03
309,2425.5608,3.8997,2431.3219,2412.2678,0.00,0.04
310,2435.5624,3.5436,2442.3721,2428.6088,0.00,0.03
311,1447.7776,917.4119,2454.6253,92.2295,0.84,0.02
312,2427.5099,7.0593,2446.1102,2416.2952,0.05,0.03
313,1448.3589,876.3908,2460.6794,87.2774,0.00,0.01
314,2223.1567,598.6429,2456.4838,430.3787,0.00,0.02
315,2426.1564,2.5213,2431.4115,2422.4820,0.04,0.04
316,1664.7246,889.6425,2463.3121,77.4977,0.12,0.02
317,2437.6007,7.1454,2453.7833,2427.2037,0.01,0.03
318,1632.9532,880.5363,2443.6676,87.2697,0.00,0.02
319,2428.5015,6.8239,2439.5145,2409.4922,0.00,0.03
320,1972.1432,776.1026,2457.0132,96.9131,0.00,0.02
321,2399.1975,95.7662,2439.8265,2031.5404,0.00,0.04
322,2426.7119,10.6594,2455.3848,2395.8659,0.01,0.04
323,2368.9449,238.9004,2438.3407,1443.8218,0.00,0.03
324,2426.1190,1.1125,2428.9919,2425.1119,0.00,0.04
325,1657.9318,999.3580,2460.7963,87.2711,0.01,0.01
326,1979.5616,835.0512,2457.4453,127.1772,0.00,0.02
327,2156.6350,749.0761,2457.4132,47.4511,0.04,0.02
328,1965.2380,872.8678,2459.7511,75.0645,0.01,0.02
329,2427.4788,4.7564,2435.0956,2417.1200,0.00,0.03
330,1942.0704,887.3907,2471.2043,112.2530,0.00,0.02
331,1386.2254,977.7360,2471.7522,92.0413,0.02,0.01
332,2254.4154,407.9135,2442.4220,898.2825,0.36,0.03
333,2326.7160,239.4202,2429.6655,1624.5269,0.05,0.04
334,2412.8925,19.2658,2433.3615,2372.6665,0.05,0.03
335,2323.7602,456.2023,2456.9279,557.1521,0.00,0.02
336,2425.4157,38.0975,2459.0138,2281.8111,0.04,0.03
337,2168.3470,732.4064,2471.3095,122.1601,0.00,0.02
338,2422.6718,8.8099,2428.2030,2392.7964,0.01,0.04
339,2425.9228,1.2628,2427.9207,2424.6070,0.00,0.04
340,2400.8568,132.8947,2469.8240,1916.0341,0.00,0.02
341,2291.4233,567.8791,2451.9303,92.1484,0.00,0.03
342,2223.6516,528.0704,2427.8438,790.0189,0.00,0.04
343,2426.5983,1.7267,2430.3775,2423.4117,0.00,0.04
344,1996.9379,932.8903,2468.7894,16.6327,0.00,0.02
345,2157.3945,780.6475,2469.1602,92.1277,0.00,0.02
346,1831.0779,1041.0423,2449.0745,1.7147,0.22,0.03
347,2432.3111,7.4369,2445.7880,2418.6217,0.00,0.03
348,1678.8164,1019.1494,2468.5718,87.1639,0.01,0.01
349,2331.0958,432.6199,2465.0884,656.0132,0.00,0.02
350,2422.6484,19.4310,2433.8434,2348.2329,0.00,0.04
351,1099.5133,1177.2518,2444.8859,35.8619,0.00,0.03
352,2309.0216,478.4361,2445.9813,456.4673,0.00,0.03
353,2401.8687,52.2253,2428.6199,2208.0355,0.00,0.04
354,2421.4475,7.6538,2431.9336,2407.3788,0.01,0.04
355,2432.8099,3.4769,2442.6475,2427.6647,0.00,0.03
356,1390.8387,910.9652,2454.9485,87.1230,0.00,0.01
357,2325.6025,449.1498,2452.8803,586.2414,0.00,0.02
358,2430.6066,4.6109,2441.2855,2425.7929,0.00,0.03
359,1612.1547,693.0591,2457.6405,295.4523,0.18,0.03
360,2021.9730,534.4942,2437.1499,833.6828,0.07,0.03
361,2427.8261,6.4986,2434.5462,2413.3817,0.00,0.03
362,2175.5456,685.8734,2446.4107,292.6090,0.00,0.05
363,2338.0427,374.8882,2442.0749,886.1857,0.00,0.03
364,2427.9066,1.6036,2431.1794,2425.8408,0.00,0.04
365,1405.8436,829.6787,2446.4550,92.3558,0.04,0.02
366,2427.3484,4.3548,2433.2939,2412.2526,0.00,0.04
367,2430.8373,2.4973,2434.6156,2427.1075,0.00,0.03
368,1357.8761,949.6413,2462.4666,60.3702,0.03,0.02
369,1507.3232,809.1337,2442.1167,79.5018,0.08,0.03
370,2262.7380,471.5238,2446.4645,852.8772,0.00,0.03
371,2430.6427,2.6407,2436.0641,2427.3154,0.00,0.03
372,1946.0148,862.3237,2468.9426,92.4089,0.14,0.02
373,1572.3641,1024.2074,2470.6556,101.6764,0.01,0.02
374,2123.0663,587.9639,2431.5019,266.8368,0.00,0.03
375,2195.1521,593.9723,2428.0646,331.6679,0.01,0.03
376,2417.1838,15.1557,2427.7169,2360.8070,0.00,0.03
377,2067.8245,579.9791,2425.3693,777.6982,0.04,0.03
378,2000.3584,683.1963,2425.6742,501.0391,1.30,0.05
379,1298.2314,754.3447,2421.4239,82.6908,4.93,0.07
380,1789.4848,756.7965,2421.0750,197.2587,0.20,0.04
381,1974.0887,600.8725,2423.6640,515.1935,3.65,0.06
382,1570.1985,1038.9476,2394.1938,70.6412,0.04,0.03
383,1559.1103,812.1421,2413.0219,288.5476,0.06,0.03
384,1883.0503,743.1027,2422.5271,73.7586,0.00,0.03
385,2205.3840,458.3642,2419.0098,500.5338,0.51,0.04
386,2004.6391,583.4813,2414.4974,722.1670,0.16,0.04
387,1828.3548,749.5283,2389.7223,87.5200,0.57,0.04
388,2046.6593,431.7470,2388.6927,451.6768,2.35,0.04
389,2024.8229,735.5488,2391.0112,75.0773,0.03,0.03
390,1977.8778,705.4735,2423.2195,522.2338,0.03,0.03
391,2273.3251,428.7888,2422.7780,616.9752,0.06,0.03
392,2226.1361,407.5595,2423.3019,743.6679,0.06,0.04
393,2277.0928,450.8759,2424.0213,539.0799,0.01,0.04
394,2408.3983,18.8934,2424.1868,2344.1857,0.03,0.04
395,2420.3734,5.2170,2425.2972,2408.8465,0.01,0.04
396,2424.5024,1.4767,2426.1789,2420.4384,0.01,0.04
397,2423.6355,1.9123,2425.7065,2419.5662,0.01,0.04
398,2422.3001,5.3220,2425.6325,2408.0433,0.00,0.04
399,2424.7115,1.1714,2426.1922,2420.4407,0.00,0.04
400,2402.5188,81.5060,2426.0307,2087.0905,0.00,0.04
401,2424.9074,1.4764,2427.4530,2420.6482,0.00,0.04
402,2428.4407,2.8784,2437.6250,2425.6967,0.00,0.04
403,1716.3264,877.4595,2465.9205,365.4760,0.00,0.02
404,2436.1662,5.8776,2445.5725,2429.0716,0.00,0.03
405,2122.1499,755.3757,2447.6618,111.3211,0.01,0.02
406,2428.0167,12.0612,2436.9863,2382.6146,0.00,0.03
407,2338.7865,374.2384,2444.2930,889.4882,0.18,0.03
408,2315.8498,429.1951,2428.0272,653.5863,0.00,0.04
409,2433.1286,4.6485,2442.7938,2427.0451,0.00,0.03
410,1478.9785,987.3848,2467.2995,87.4312,0.18,0.01
411,1848.1645,1021.8847,2450.4888,75.8153,0.00,0.03
412,2430.7954,3.7750,2438.7468,2422.9903,0.03,0.03
413,1669.4051,945.4892,2465.7262,92.3003,0.01,0.01
414,1728.2562,919.7892,2455.2300,-17.5378,6.96,0.10
415,2128.1043,801.0680,2439.3647,-15.8362,1.36,0.04
416,2431.1713,5.0032,2449.2433,2427.1970,0.00,0.03
417,1440.5558,1043.3437,2459.9697,87.2782,0.00,0.02
418,1784.5104,995.2574,2446.4270,82.4701,0.03,0.02
419,2418.0997,17.3914,2439.9839,2385.1480,0.01,0.03
420,2420.0672,36.1479,2435.4971,2280.7208,0.01,0.03
421,2427.7112,1.0011,2430.1015,2426.5221,0.00,0.04
422,2290.1940,329.9030,2436.7513,1027.9072,0.20,0.03
423,2377.0695,47.7962,2428.9827,2224.7194,0.04,0.04
424,2420.4098,24.3046,2433.8790,2332.5210,0.03,0.03
425,2287.6178,549.2128,2438.7341,160.7224,0.00,0.03
426,2424.5268,10.0223,2437.4000,2409.2334,0.01,0.03
427,2429.2451,4.3682,2439.0338,2420.1046,0.01,0.04
428,2007.9369,844.6054,2457.7473,133.2147,0.22,0.02
429,1754.2793,916.8338,2457.0178,92.1659,0.39,0.02
430,2416.5675,27.1389,2443.4016,2354.9524,0.01,0.03
431,2428.1267,1.9859,2434.6843,2425.4417,0.00,0.04
432,2114.7300,712.3950,2457.7955,133.4789,0.10,0.02
433,2231.6094,315.7502,2447.2160,1184.4984,0.04,0.03
434,2391.1312,61.5971,2446.1505,2235.0511,0.03,0.03
435,2402.1881,107.8894,2433.3830,1984.4683,0.04,0.03
436,2435.1590,6.6826,2448.8897,2427.6228,0.00,0.03
437,2131.5165,632.1405,2445.7088,286.9170,0.01,0.03
438,2420.5424,9.5948,2435.4057,2395.7064,0.01,0.04
439,2429.9235,8.1484,2442.6863,2411.7731,0.03,0.03
440,1632.6127,903.0659,2457.2018,87.3267,0.25,0.02
441,2395.0308,122.8289,2437.0456,1919.5878,0.01,0.04
442,2430.9551,5.0583,2443.2969,2422.2379,0.03,0.03
443,1509.9840,921.5795,2468.5659,92.1725,0.00,0.01
444,1887.3017,889.6051,2461.1474,87.1546,0.01,0.02
445,1848.8692,572.0376,2426.1035,522.2162,1.76,0.07
446,2423.0017,15.6900,2443.6609,2367.8506,0.00,0.03
447,2219.1084,594.8716,2452.0348,409.5089,0.00,0.02
448,2425.5788,3.5931,2430.7084,2415.2030,0.00,0.04
449,2407.4172,60.5588,2442.2189,2229.5223,0.00,0.03
450,2436.8937,8.2913,2453.8187,2416.6638,0.00,0.03
451,1191.2158,867.5754,2469.8978,86.9887,0.18,0.02
452,2198.6369,654.2264,2464.2365,450.0757,0.00,0.02
453,2429.0060,7.5286,2439.2808,2404.7570,0.03,0.03
454,2315.6059,495.7633,2451.8711,395.6939,0.00,0.02
455,2434.2808,6.0664,2453.5950,2427.0980,0.00,0.03
456,1386.3291,890.8389,2469.0662,249.2729,0.11,0.02
457,1789.5784,884.1240,2469.9721,117.1910,0.00,0.01
458,2313.6458,497.0083,2464.8857,389.1279,0.01,0.02
459,2429.5580,3.8744,2439.5949,2425.5334,0.01,0.03
460,1208.6945,1109.7278,2471.5472,86.5471,0.00,0.01
461,1320.1939,1131.0589,2447.5805,81.5404,0.01,0.02
462,1956.1427,688.5094,2461.9422,274.3788,0.02,0.03
463,1845.4109,942.1891,2429.5778,-50.5423,3.21,0.07
464,2410.6208,32.6721,2454.4132,2332.3555,0.01,0.03
465,1754.8821,902.6388,2466.5566,111.6562,0.01,0.01
466,2198.8556,571.1306,2468.0040,527.6226,0.02,0.02
467,2427.3956,6.3465,2446.4002,2419.4149,0.00,0.03
468,2442.5111,7.2817,2461.2804,2430.3269,0.00,0.02
469,2302.6237,392.2335,2466.1293,949.1786,0.00,0.02
470,2430.4191,7.2388,2445.6720,2423.9804,0.00,0.03
471,1758.5872,1030.9820,2465.4590,86.6299,0.00,0.02
472,1541.8897,1031.0098,2464.4343,80.3646,0.01,0.02
473,2220.3593,497.0573,2469.7452,814.8702,0.00,0.03
474,2258.6709,560.4601,2445.9948,92.0648,0.00,0.03
475,2270.7408,596.6932,2426.4403,-40.2396,0.00,0.04
476,2425.4971,1.9424,2430.0376,2423.2915,0.00,0.04
477,2169.7367,554.9076,2450.2418,770.6587,0.01,0.02
478,2422.9993,18.6211,2446.3794,2387.2355,0.00,0.03
479,2391.1830,150.9006,2440.2878,1807.0321,0.00,0.04
480,2299.7877,488.3632,2434.7486,408.4607,0.00,0.03
481,2284.0170,595.7659,2454.4190,-22.9970,0.00,0.03
482,1166.4201,1134.3495,2461.2870,-47.8723,0.00,0.02
483,2009.3301,902.3413,2467.5793,116.3444,0.01,0.02
484,2239.6170,481.2400,2467.8902,716.1771,0.00,0.01
485,1116.2577,1038.5442,2450.1387,91.7248,0.00,0.03
486,1633.4589,978.9441,2469.6542,86.5062,0.00,0.01
487,2250.1559,538.6475,2466.4182,818.4844,0.00,0.01
488,2286.0048,596.0720,2464.8905,-22.3182,0.00,0.03
489,2024.8718,816.4933,2471.4764,107.2987,0.00,0.01
490,1914.7247,876.5398,2471.5112,132.0397,0.01,0.02
491,2326.1594,402.0597,2464.6319,772.6867,0.43,0.03
492,2412.5072,20.3810,2440.7399,2378.6497,0.03,0.03
493,2429.8044,3.6278,2437.7078,2424.8715,0.00,0.03
494,1254.0829,920.6396,2467.8112,31.2811,0.00,0.01
495,1327.5778,1023.4907,2467.5475,138.5159,0.00,0.02
496,2279.5266,595.7870,2442.9999,-27.8546,0.00,0.03
497,2156.4292,706.5774,2445.4919,64.2022,0.15,0.03
498,2019.5181,712.7192,2447.3696,621.2855,0.28,0.03
499,2425.8972,3.6968,2435.2970,2417.6901,0.00,0.04
500,2291.3475,581.7028,2448.4848,38.4840,0.01,0.02
501,2103.8848,718.8308,2445.6237,72.6986,0.00,0.03
502,2426.1579,5.9139,2434.8340,2405.7692,0.00,0.04
503,2427.3226,1.5228,2430.9265,2425.3183,0.00,0.04
504,2429.4880,38.9505,2464.3145,2282.8725,0.00,0.03
505,1800.4140,1036.0739,2447.6757,3.4725,0.00,0.03
506,2233.9424,393.6250,2429.2823,1402.3803,0.01,0.04
507,2426.2718,7.6789,2436.8381,2408.7535,0.00,0.03
508,1941.3817,855.2409,2445.9466,84.8602,0.08,0.02
509,2284.8951,543.5242,2438.2278,180.3326,0.00,0.03
510,2222.9726,534.5969,2433.4209,743.4518,0.01,0.04
511,2284.9639,554.3065,2432.8806,138.1985,0.01,0.03
512,2424.1780,3.8077,2431.1558,2413.7514,0.01,0.04
513,2177.9365,587.8162,2442.3010,228.4960,0.11,0.03
514,2076.0975,757.8144,2435.1652,63.7439,0.04,0.03
515,2330.2144,381.8379,2442.0293,851.6328,0.01,0.03
516,2270.2527,590.7332,2425.5083,-17.6303,0.03,0.04
517,2264.2262,591.6793,2423.0539,-27.2923,0.06,0.04
518,2417.8797,5.2504,2424.3676,2404.1088,0.00,0.04
519,2423.3019,1.2967,2424.6858,2420.7977,0.00,0.04
520,2423.6836,1.3225,2424.7165,2420.3420,0.00,0.04
521,2423.7932,1.4838,2425.0321,2420.4732,0.00,0.04
522,2421.5826,4.7261,2424.7276,2405.1200,0.00,0.04
523,2422.6472,1.7047,2424.6052,2420.0181,0.03,0.04
524,2415.6001,25.3628,2424.7533,2317.9972,0.01,0.04
525,2422.5503,4.5276,2424.7989,2407.6567,0.03,0.04
526,2423.8410,1.7635,2424.8626,2417.8291,0.01,0.04
527,2423.2724,2.9617,2424.8267,2412.3772,0.00,0.04
528,2424.6455,0.2930,2424.8777,2423.7293,0.00,0.04
529,2424.4951,1.0193,2424.8660,2420.5517,0.00,0.04
530,2116.9273,809.5403,2425.0298,-27.2080,0.03,0.04
531,2266.9954,591.2547,2424.8591,-22.4096,0.00,0.04
532,2327.1240,374.7702,2424.8151,875.6554,0.00,0.04
533,2423.4804,2.1199,2424.8301,2416.5427,0.00,0.04
534,2424.1697,1.1552,2425.1696,2420.9781,0.00,0.04
535,2424.0182,1.5944,2424.8397,2419.0630,0.01,0.04
536,2424.1526,1.3269,2424.9430,2420.7947,0.00,0.04
537,2424.0269,2.1972,2425.4988,2416.3881,0.00,0.04
538,2423.4282,2.6727,2425.1740,2414.7295,0.00,0.04
539,2424.7158,0.2085,2424.8384,2423.9215,0.00,0.04
540,2411.0735,16.7224,2425.1398,2367.6048,0.03,0.04
541,2122.6564,785.2139,2428.0896,-22.3769,0.00,0.04
542,2055.6097,802.1835,2425.2697,29.4964,0.00,0.04
543,2421.2719,9.0828,2425.7409,2395.6255,0.00,0.04
544,2271.4669,592.2551,2426.2817,-22.3223,0.00,0.04
545,2424.7455,1.1121,2426.2052,2420.9839,0.00,0.04
546,2423.4842,1.9257,2427.0668,2420.1859,0.00,0.04
547,1890.6986,945.9621,2431.5314,-23.3920,0.01,0.04
548,2222.7244,611.7138,2429.3303,-27.3657,0.00,0.04
549,2321.2900,282.6508,2429.3971,1386.5507,0.03,0.04
550,2424.7128,1.6813,2427.7243,2420.7796,0.01,0.04
551,2424.3304,3.0153,2430.1745,2419.2157,0.01,0.04
552,2402.0371,101.1820,2434.9351,2010.3179,0.00,0.04
553,2426.8044,2.3291,2433.1198,2423.6615,0.00,0.04
554,2213.8069,618.1206,2457.7334,430.4637,0.00,0.02
555,2433.3583,7.2472,2455.5802,2426.0664,0.00,0.03
556,1732.0767,887.6964,2469.6908,140.1458,0.01,0.01
557,2139.6748,732.9711,2462.4549,86.0372,0.01,0.02
558,1260.5004,1063.0396,2470.4874,92.1370,0.04,0.01
559,2135.8581,768.6888,2458.7838,80.7814,0.03,0.03
560,2284.0058,550.3928,2434.8407,152.5153,0.23,0.04
561,2428.3723,9.7467,2452.3998,2403.2806,0.03,0.03
562,2316.8139,468.1430,2456.8267,504.0715,0.00,0.03
563,2425.5828,3.5144,2436.0572,2418.2019,0.00,0.04
564,1647.5990,952.6682,2463.8880,147.2478,0.00,0.01
565,2130.5415,665.6554,2435.1991,111.7569,0.00,0.03
566,2424.5368,0.8334,2425.6919,2422.0076,0.00,0.04
567,2423.7994,1.9424,2425.0758,2417.9844,0.00,0.04
568,2424.4812,0.6721,2424.8697,2421.9599,0.00,0.04
569,2427.3792,4.5270,2437.9250,2418.4350,0.00,0.04
570,1981.6482,783.6216,2460.0158,398.3819,0.01,0.01
571,2437.3670,9.4957,2457.7894,2425.6839,0.00,0.03
572,2108.5866,775.8873,2467.9038,101.8128,0.04,0.02
573,2267.6511,565.6009,2451.6356,96.8968,0.03,0.03
574,2428.5942,2.2885,2433.2213,2426.1673,0.00,0.04
575,2032.0364,781.8855,2467.2186,101.8077,0.00,0.01
576,2282.2182,488.5787,2467.2241,450.0070,0.00,0.02
577,1739.0150,929.4983,2468.9596,227.6810,0.00,0.02
578,2075.5905,634.2013,2452.8974,337.6392,0.00,0.02
579,2162.3849,608.1093,2436.4536,37.7622,0.00,0.04
580,2425.2309,13.7279,2441.6964,2375.5818,0.00,0.03
581,2428.2987,2.7684,2437.6936,2425.4131,0.00,0.04
582,1624.9082,951.1281,2463.1146,172.5755,0.00,0.02
583,2296.2937,550.9609,2451.2441,162.5945,0.01,0.03
584,2430.6555,3.2752,2438.0728,2425.6498,0.00,0.03
585,1560.3074,1036.6956,2460.4687,102.1713,0.00,0.02
586,1865.2239,988.7072,2445.2849,-2.8527,0.00,0.03
587,2422.8629,4.7594,2429.0701,2409.3006,0.01,0.04
588,2425.1769,2.3395,2430.8695,2421.0476,0.01,0.04
589,2066.1183,780.8400,2466.6622,417.8963,0.03,0.02
590,2425.5276,3.2454,2434.3809,2421.0596,0.00,0.04
591,1463.2741,963.2356,2464.5636,146.5829,0.28,0.02
592,1582.4239,1050.6581,2463.9189,91.6659,0.30,0.02
593,2380.7809,36.7198,2429.8975,2290.7026,0.31,0.03
594,1575.3805,1031.3102,2468.0280,86.3266,0.00,0.01
595,2151.4062,740.2887,2464.9663,92.2255,0.00,0.01
596,2073.8521,670.7059,2462.1741,400.0881,0.00,0.02
597,2427.5221,3.5818,2438.3427,2421.9494,0.01,0.03
598,2346.7818,382.7128,2466.9590,865.0017,0.00,0.02
599,2211.7017,605.6917,2450.2044,375.6806,0.00,0.03
600,2425.4377,1.6874,2427.4785,2420.9969,0.01,0.04
601,2428.2370,2.5969,2433.9192,2425.8671,0.00,0.04
602,1719.2542,977.1591,2468.9113,97.0782,0.00,0.01
603,2442.0252,9.6176,2464.6439,2429.5516,0.00,0.02
604,2261.6667,555.6930,2435.3075,110.6958,0.00,0.03
605,2404.0822,7.2947,2413.4299,2388.5586,0.01,0.04
606,1969.1360,905.4666,2420.5815,78.6828,0.00,0.04
607,2332.5926,319.5227,2421.1284,1095.1542,0.03,0.04
608,2413.5047,2.6647,2416.8451,2407.8329,0.01,0.04
609,2422.9706,7.7638,2439.2420,2413.5536,0.00,0.03
610,2192.2897,683.3041,2468.5007,346.8290,0.07,0.02
611,2294.6794,544.5371,2450.5065,185.7900,0.00,0.03
612,2437.6677,6.2822,2456.7860,2429.7809,0.00,0.03
613,1599.8232,1092.1698,2463.6198,110.5322,0.00,0.01
614,2106.2939,757.0470,2440.5138,107.9614,0.01,0.03
615,2382.9854,59.0924,2412.7831,2167.7678,0.06,0.04
616,2412.8156,19.6979,2431.9269,2339.6042,0.04,0.03
617,2310.0735,507.6064,2469.0775,344.9769,0.01,0.02
618,2000.5028,900.3782,2455.0032,112.2481,0.00,0.02
619,2362.4554,55.5289,2421.0474,2220.6341,0.03,0.03
620,2139.9417,690.7081,2467.7174,135.8296,0.00,0.01
621,2434.8673,6.1947,2451.2161,2426.5128,0.00,0.03
622,2159.0829,657.1363,2467.3642,305.2647,0.04,0.02
623,2369.4017,72.6205,2428.0855,2150.0424,0.00,0.03
624,2367.8809,91.2108,2465.7104,2097.2420,0.11,0.03
625,2424.9058,25.0268,2456.5188,2336.4405,0.00,0.03
626,2220.1208,608.1591,2456.0094,390.7153,0.00,0.02
627,2435.3465,4.8142,2446.8353,2426.1324,0.01,0.03
628,2203.2113,613.5292,2467.1558,329.9551,0.00,0.02
629,2416.8191,4.3966,2424.6265,2406.5829,0.03,0.03
630,2065.7786,798.0288,2467.4470,121.6731,0.00,0.02
631,2417.1435,16.6329,2430.3468,2369.7128,0.00,0.03
632,2170.4706,671.2811,2468.3254,135.9168,0.00,0.01
633,1835.4191,880.0354,2468.6518,100.8407,0.18,0.01
634,2438.8836,7.1984,2451.1569,2425.4058,0.00,0.03
635,1986.2679,848.7461,2469.8606,111.8745,0.00,0.02
636,2426.6391,17.3177,2462.7105,2379.7077,0.00,0.03
637,2115.1451,749.7345,2468.3848,126.7144,0.00,0.02
638,2428.1367,4.6280,2436.3664,2418.0791,0.05,0.03
639,2321.4568,490.8624,2469.2001,420.6065,0.00,0.02
640,2435.9137,8.2079,2449.7621,2415.9752,0.00,0.03
641,2125.2286,724.0872,2470.6686,102.2384,0.04,0.02
642,2066.9314,689.7499,2463.6451,97.0653,0.09,0.03
643,1752.1754,764.2635,2398.0307,439.7628,0.22,0.04
644,2245.1635,457.4863,2414.8225,484.6200,0.04,0.03
645,2341.0028,65.3608,2405.2186,2145.1314,0.19,0.04
646,1832.8428,759.3698,2413.6120,683.4781,0.01,0.03
647,2095.2200,644.7780,2436.9836,529.2568,0.05,0.03
648,1984.4861,703.2217,2430.1015,598.4289,0.06,0.03
649,2218.4845,407.4858,2414.9774,823.5353,0.17,0.03
650,2101.8886,626.0409,2435.7637,88.1725,0.41,0.03
651,1605.3509,899.6547,2420.7497,219.6554,0.01,0.04
652,2031.0577,742.3556,2413.8069,168.9539,0.04,0.04
653,1848.7328,737.3373,2421.2186,543.9968,0.00,0.04
654,2287.2965,415.0443,2418.7479,682.6472,0.03,0.04
655,2082.9178,592.0434,2414.9820,685.6256,0.15,0.04
656,2342.0658,51.8280,2398.8190,2183.3638,0.09,0.04
657,2335.4152,213.9944,2419.7412,1519.1462,0.00,0.04
658,2377.8723,35.5572,2415.2133,2277.7566,0.10,0.04
659,2358.4374,151.3196,2424.9805,1778.3300,0.12,0.04
660,1958.8835,899.8002,2435.1482,-37.3436,0.04,0.03
661,2074.4262,631.2176,2418.5815,705.9706,0.08,0.04
662,2346.8831,252.1267,2428.5352,1371.8013,0.05,0.02
663,2392.7135,18.6319,2412.1140,2333.6693,0.04,0.04
664,2403.1474,11.1915,2423.6088,2386.0832,0.11,0.03
665,1979.6724,665.7842,2415.7600,555.7052,0.03,0.04
666,2363.6886,101.3444,2421.0448,1976.3785,0.00,0.03
667,2418.9519,9.0760,2428.6014,2389.7586,0.04,0.03
668,2421.1839,10.5057,2437.1276,2394.2966,0.01,0.02
669,2387.2395,160.1839,2441.2663,1767.3098,0.00,0.02
670,2430.6982,6.6547,2443.7987,2420.4533,0.00,0.02
671,2333.3028,332.1588,2434.8788,1047.2423,0.01,0.02
672,2320.3316,377.0992,2433.1294,860.1138,0.04,0.03
673,2302.1150,404.1629,2421.2825,737.8774,0.05,0.03
674,2408.3116,6.3374,2421.7606,2395.6407,0.00,0.03
675,2414.4631,8.1794,2422.3645,2391.1706,0.01,0.03
676,2413.8457,5.3720,2423.4259,2405.9551,0.05,0.03
677,2415.5293,3.0850,2420.7655,2410.0622,0.03,0.03
678,2417.6465,5.5897,2426.0298,2403.3532,0.00,0.03
679,2395.1705,72.9130,2431.3241,2116.7466,0.04,0.03
680,2419.5107,4.8977,2424.2225,2403.8456,0.01,0.03
681,2419.5387,2.8454,2424.5838,2412.2908,0.01,0.03
682,2275.2094,525.9834,2425.2067,239.5668,0.01,0.03
683,2416.4478,6.1102,2425.7697,2401.7490,0.00,0.03
684,2001.8631,879.8000,2432.6942,148.1156,0.01,0.03
685,2355.9003,248.5532,2430.5805,1393.5540,2.55,0.06
686,2145.7420,765.1449,2460.5544,121.3997,0.00,0.02
687,2418.8391,4.2881,2430.7204,2411.9921,0.00,0.03
688,1846.1964,959.7983,2469.6245,107.3025,0.00,0.01
689,1563.8643,958.4895,2468.4649,112.2497,0.00,0.01
690,2442.6571,9.2635,2467.9244,2427.2828,0.01,0.02
691,2085.2980,683.4291,2443.8986,141.4873,0.00,0.03
692,2318.7030,417.1942,2445.8349,703.4427,0.00,0.03
693,1749.2465,921.4492,2467.1489,130.9197,0.00,0.01
694,1899.1510,848.3496,2468.8448,125.9524,0.00,0.02
695,1701.4212,947.4110,2466.2060,106.2327,0.01,0.02
696,2174.1793,605.6035,2463.0118,349.4332,0.00,0.02
697,2291.9097,564.3954,2471.9000,106.9571,0.00,0.02
698,2430.1935,11.6183,2452.6611,2408.2486,0.00,0.03
699,2035.5681,841.1155,2468.9691,102.4132,0.00,0.02
700,1966.3485,852.3511,2460.1084,106.3010,0.00,0.02
701,2430.1729,9.1331,2449.2073,2408.7727,0.03,0.03
702,1460.8779,1093.8571,2465.4246,79.9653,0.00,0.03
703,2390.5689,91.0391,2442.9103,2102.1009,0.03,0.03
704,1925.9498,908.1463,2466.5672,92.0681,0.01,0.02
705,1724.5935,979.7953,2461.7573,92.1736,0.00,0.01
706,1736.0066,960.1414,2470.1020,107.2123,0.05,0.02
707,2438.8420,7.6311,2454.2909,2424.9192,0.01,0.03
708,2424.9933,23.9442,2438.7885,2335.0597,0.01,0.03
709,2426.6026,4.8921,2436.4940,2419.0241,0.01,0.03
710,1944.2497,802.4389,2468.9196,329.6781,0.00,0.01
711,1684.0507,1071.5060,2466.8192,101.6493,0.01,0.01
712,1938.8769,897.4841,2469.8567,106.8011,0.00,0.01
713,1792.9481,881.1802,2460.4265,136.9966,0.00,0.01
714,2234.0873,596.6353,2451.9691,106.8899,0.00,0.02
715,2415.2906,9.7769,2427.7629,2395.1658,0.05,0.04
716,2327.9650,401.9143,2445.7913,771.5177,0.03,0.03
717,2425.5270,2.7126,2432.7282,2420.1356,0.03,0.04
718,2426.9491,7.7087,2438.8924,2411.8671,0.01,0.03
719,2157.7278,637.5960,2469.6266,366.0714,0.01,0.02
720,2438.3324,8.1012,2452.7495,2427.1617,0.00,0.03
721,2417.5026,60.1728,2451.4907,2187.8790,0.00,0.02
722,1768.1264,972.2714,2458.5627,111.6966,0.01,0.01
723,2283.2254,562.0891,2440.3086,106.4031,0.01,0.03
724,2370.7810,68.3912,2419.0904,2154.9490,0.06,0.04
725,2294.3378,197.5449,2419.6158,1808.9605,0.16,0.04
726,2186.5211,658.1608,2466.7891,344.3312,0.01,0.02
727,2391.7763,43.0320,2420.2948,2256.3437,0.34,0.03
728,1714.7658,1060.4195,2456.3087,116.2839,0.04,0.02
729,2414.6747,9.1642,2428.1851,2397.2958,0.05,0.03
730,2424.9731,12.4020,2458.6538,2409.8860,0.01,0.03
731,2402.2215,138.9874,2462.2222,1864.7802,0.03,0.03
732,2426.2238,4.9496,2435.7633,2416.5668,0.00,0.04
733,2150.1029,769.6210,2455.7121,111.8467,0.01,0.02
734,2412.1206,32.5761,2426.9894,2299.3898,0.06,0.04
735,2426.0881,1.5535,2428.2460,2422.5130,0.01,0.04
736,2338.3248,393.1518,2451.6708,815.7724,0.00,0.03
737,2427.7147,2.9932,2432.8114,2422.2141,0.00,0.04
738,1682.5160,1073.5242,2470.6846,86.8991,0.01,0.01
739,1932.8834,899.2411,2468.9398,116.0626,0.00,0.01
740,1743.6387,1047.8719,2467.7764,101.6930,0.00,0.01
741,2279.8549,564.9608,2435.1383,91.8632,0.01,0.03
742,2414.9030,4.7041,2421.4292,2404.7788,0.00,0.04
743,1929.9074,904.4553,2469.7507,102.1912,0.00,0.01
744,2126.5388,766.1274,2444.0848,101.4350,0.06,0.03
745,2394.8721,33.8680,2446.2170,2318.5499,0.06,0.03
746,1852.3758,1000.7272,2465.9915,108.8311,0.11,0.02
747,2287.9651,377.1414,2433.9320,835.1661,0.11,0.04
748,2010.6300,804.8235,2463.4406,112.2619,0.05,0.02
749,2251.2059,559.8374,2435.0791,92.1685,0.08,0.03
750,2407.2126,39.9432,2451.8361,2278.8282,0.03,0.03
751,2296.3798,507.7831,2449.2175,329.9949,0.01,0.03
752,2417.0052,4.3121,2426.4612,2409.2944,0.01,0.04
753,2193.1779,673.0170,2456.2011,86.8861,0.00,0.02
754,2429.6970,7.6149,2444.2355,2414.4159,0.00,0.03
755,2206.6400,581.8193,2469.6486,542.8617,0.00,0.01
756,2085.6000,756.7433,2463.0310,331.9214,0.00,0.02
757,2430.6857,3.3000,2438.7291,2426.7740,0.00,0.03
758,2042.3686,787.9572,2470.0168,92.0867,0.01,0.01
759,2009.9838,832.1521,2471.4104,107.2156,0.00,0.02
760,2433.2282,4.4800,2445.1851,2427.4840,0.00,0.03
761,2022.3683,895.9665,2471.4558,87.1953,0.00,0.01
762,2002.4421,914.5869,2464.9945,86.8037,0.00,0.02
763,2430.5144,3.6638,2437.7304,2426.1615,0.00,0.03
764,1749.0866,1026.3099,2457.5292,81.9922,0.05,0.02
765,2432.6590,6.0590,2444.6690,2421.0024,0.00,0.03
766,1662.7960,1039.1380,2469.2512,86.2659,0.00,0.02
767,1881.6925,965.0947,2466.7602,86.4769,0.00,0.02
768,2424.7049,10.3530,2461.2353,2410.8465,0.01,0.04
769,2163.1425,741.3138,2469.7143,86.0990,0.00,0.02
770,2321.6257,408.1865,2464.3699,741.1757,0.00,0.04
771,2272.3538,569.3594,2434.4605,67.6109,0.00,0.04
772,2248.3581,518.0912,2469.2849,844.1628,0.00,0.02
773,2371.6854,222.1891,2443.8688,1511.5181,0.00,0.03
774,2432.7242,7.6747,2454.8108,2425.8187,0.01,0.03
775,1552.6660,1033.0615,2470.2673,87.0168,0.00,0.01
776,987.8248,992.8103,2471.3628,87.2535,0.01,0.01
777,2433.4801,10.2515,2451.7594,2410.1042,0.01,0.03
778,2107.2697,704.5938,2454.9739,433.8324,0.00,0.02
779,2424.0758,6.1955,2430.0690,2405.8021,0.00,0.04
780,2427.6158,2.9216,2435.1129,2422.1014,0.00,0.04
781,1865.6842,927.8283,2466.3283,97.1683,0.00,0.01
782,2437.4956,4.9643,2447.7843,2428.8549,0.00,0.03
783,1039.8026,907.0220,2469.8358,97.0784,0.03,0.01
784,2349.4644,390.2046,2467.8661,838.4605,0.00,0.02
785,2341.7453,387.3880,2453.3197,841.5453,0.00,0.02
786,2428.3956,1.3639,2431.0735,2426.3650,0.00,0.04
787,2437.3736,7.4030,2450.7638,2426.7793,0.00,0.03
788,1573.0336,1029.7201,2465.7092,110.1872,0.04,0.02
789,821.1494,970.4491,2468.9644,21.6579,0.00,0.02
790,1374.6637,1193.1619,2435.8117,8.7902,0.00,0.04
791,2423.5828,2.1697,2428.2523,2419.9568,0.01,0.04
792,2069.9774,791.1844,2463.8308,116.6962,0.00,0.02
793,2418.5307,11.2251,2434.2728,2401.3150,0.00,0.04
794,2295.7101,579.1954,2467.5479,52.8580,0.00,0.02
795,1458.1304,1000.4056,2444.9920,179.5301,0.00,0.02
796,2420.7545,5.2785,2433.2017,2406.1407,0.01,0.04
797,2431.1208,8.7173,2455.8198,2418.5559,0.00,0.03
798,1987.4489,899.0444,2468.1502,116.2501,0.09,0.02
799,2420.7735,40.1674,2440.8168,2270.2686,0.03,0.03
800,2431.7463,6.2381,2438.9727,2409.8785,0.00,0.03
801,2415.9407,56.9516,2436.2896,2195.6060,0.61,0.04
802,2426.2457,0.7041,2427.7352,2425.2457,0.00,0.04
803,2266.3657,454.6769,2453.8818,730.8131,0.11,0.02
804,2426.9945,3.3038,2430.9176,2415.1769,0.00,0.04
805,2427.8399,2.6493,2436.9472,2425.7377,0.00,0.04
806,1654.8654,898.3539,2466.4231,122.1535,0.00,0.01
807,2295.7760,557.9469,2452.2817,135.0000,0.00,0.02
808,2335.1662,374.8554,2442.4270,883.5760,0.00,0.04
809,2434.3863,6.7657,2447.0212,2417.1170,0.00,0.03
810,1739.0131,961.2707,2461.8193,96.9739,0.00,0.02
811,2185.8959,672.2634,2468.9920,317.1429,0.00,0.03
812,2377.5734,234.3944,2468.6593,1470.5806,0.00,0.03
813,1928.5868,815.2171,2451.8118,106.8024,0.00,0.02
814,2442.1399,8.0091,2456.6967,2429.7136,0.06,0.02
815,1894.3024,813.4093,2471.4527,425.8627,0.00,0.03
816,2326.3331,412.1880,2442.2337,730.2659,0.00,0.03
817,2303.7172,465.6906,2430.4060,500.8936,0.00,0.04
818,2420.7974,7.1079,2426.5190,2398.3592,0.00,0.04
819,2426.6958,0.6752,2427.9227,2425.4400,0.00,0.04
820,1780.7944,965.4577,2441.9463,237.8290,0.00,0.03
821,2427.8861,1.4065,2431.8225,2426.1603,0.00,0.04
822,2201.1658,633.9868,2443.6615,121.2479,0.00,0.02
823,2427.2508,0.8971,2429.2395,2425.8839,0.00,0.04
824,2439.9607,8.6813,2453.7431,2412.7382,0.00,0.03
825,2166.5058,730.6298,2456.3442,114.9043,0.00,0.02
826,2034.2706,741.2852,2454.8604,94.6887,0.00,0.03
827,2426.9052,1.4312,2430.3293,2423.6485,0.00,0.04
828,2433.3947,4.2129,2441.5743,2427.6488,0.00,0.03
829,1587.5088,1058.1222,2458.1123,-33.4909,0.13,0.02
830,2334.4700,391.3461,2458.3630,819.1395,0.03,0.03
831,2261.5469,578.4920,2430.9848,22.4458,0.51,0.04
832,2409.6583,23.3643,2428.3332,2374.6135,0.00,0.04
833,2427.7699,1.6444,2432.8637,2426.1115,0.00,0.04
834,2201.8766,631.8751,2456.8165,314.3212,0.00,0.03
835,2285.6669,535.6376,2426.4188,211.1841,0.00,0.04
836,2425.5092,1.3778,2427.2673,2422.1264,0.00,0.04
837,2430.5809,3.6405,2438.7697,2422.9401,0.00,0.03
838,1695.2563,808.2437,2467.7197,82.9053,0.04,0.01
839,1894.3143,819.4016,2465.7682,156.4642,0.00,0.01
840,2443.7460,6.8087,2453.4029,2434.4740,0.00,0.02
841,1992.9076,794.2964,2451.4881,437.5968,0.00,0.02
842,2432.9241,5.9557,2446.0714,2418.3364,0.00,0.03
843,2173.7430,729.9663,2464.5533,131.3814,0.01,0.02
844,2434.7122,5.2605,2447.1821,2428.4837,0.00,0.03
845,1739.7773,881.5318,2468.0712,315.0971,0.00,0.01
846,2435.0618,7.1253,2454.0382,2425.2583,0.00,0.03
847,1955.2230,794.6497,2468.7508,151.5203,0.01,0.01
848,1344.9587,1113.4095,2468.0448,92.0954,0.00,0.01
849,2329.2540,442.7066,2467.6100,615.0146,0.00,0.02
850,2151.3543,669.6426,2460.1566,136.6822,0.00,0.02
851,2434.6939,10.0893,2448.4123,2406.0673,0.00,0.03
852,2086.6976,740.3339,2467.3861,211.5630,0.15,0.01
853,1657.8031,945.1446,2461.3317,136.3430,0.00,0.01
854,1820.6147,939.8252,2466.8726,101.7626,0.00,0.01
855,2440.4963,4.6246,2448.4164,2430.6461,0.00,0.03
856,1635.5805,1071.0569,2469.7677,102.0241,0.00,0.01
857,2344.0899,359.4135,2445.3080,952.2384,0.00,0.03
858,2427.4940,2.7969,2434.2766,2421.8846,0.00,0.04
859,2448.9676,6.4816,2457.9232,2435.5848,0.00,0.02
860,1996.0403,902.3726,2465.4014,101.5451,0.00,0.02
861,2424.4130,10.3691,2442.5746,2393.8838,0.00,0.03
862,1819.2251,883.4317,2461.7760,141.6324,0.09,0.02
863,2307.7680,495.5607,2470.0769,390.7239,0.01,0.02
864,2256.0664,551.3929,2442.8815,145.2421,0.01,0.03
865,2357.9427,37.4115,2412.9206,2287.4806,0.28,0.04
866,2310.2120,378.2344,2418.3970,845.6924,0.09,0.04
867,2403.5195,10.1403,2422.4009,2386.0821,0.01,0.04
868,2420.2306,7.2543,2431.9583,2404.5979,0.01,0.03
869,2211.3937,576.1327,2459.0447,510.7082,0.31,0.03
870,2427.1192,4.7869,2437.0875,2417.6204,0.00,0.03
871,2250.1328,490.7967,2444.1143,934.8277,0.13,0.02
872,2434.9090,8.2147,2455.2524,2418.5008,0.01,0.02
873,2434.2507,8.5118,2446.1869,2421.5677,0.00,0.03
874,1918.2085,920.4780,2457.1541,106.5960,0.00,0.02
875,2435.7010,5.5994,2446.0836,2426.1744,0.00,0.03
876,2428.5388,3.2596,2435.6826,2420.8747,0.00,0.03
877,2435.5603,8.1488,2453.9589,2424.0427,0.00,0.03
878,2427.1827,1.6578,2429.8492,2424.9297,0.00,0.04
879,2198.3173,652.7981,2453.7402,115.9863,0.00,0.02
880,2438.2983,6.8662,2450.9893,2425.7070,0.00,0.02
881,2431.4592,2.7568,2438.0456,2427.6778,0.00,0.03
882,2276.0196,455.1701,2447.1490,720.7449,0.00,0.02
883,2400.8828,151.0306,2448.2394,1816.1740,0.00,0.02
884,2434.5998,5.7436,2451.0886,2427.8838,0.00,0.03
885,2113.2798,724.4421,2455.8366,304.7953,0.00,0.02
886,2326.4361,403.7591,2469.0744,793.0690,0.00,0.02
887,2231.9603,603.5069,2464.7777,142.3469,6.02,0.06
888,2440.8617,9.2711,2464.0187,2431.0237,0.00,0.02
889,2364.0967,299.2387,2452.4190,1205.3985,0.00,0.02
890,2430.7096,4.4218,2441.3975,2424.1669,0.00,0.03
891,1806.9222,841.3900,2468.1180,111.6721,0.00,0.01
892,2436.6778,37.8793,2454.1651,2291.7252,0.00,0.02
893,2440.5132,7.1508,2453.2052,2428.4696,0.00,0.03
894,1632.3116,1051.2235,2460.5086,115.9833,0.00,0.02
895,2139.7990,764.0159,2437.8036,115.9135,0.00,0.03
896,2385.9203,121.2873,2422.6075,1916.4185,0.01,0.04
897,2277.6941,555.1579,2423.8342,127.5967,0.00,0.04
898,2395.2911,38.0343,2421.9067,2302.5362,0.18,0.04
899,2122.6895,701.4158,2426.2237,126.8661,0.01,0.04
900,1848.3687,992.8719,2424.6324,127.3094,0.00,0.04
901,2416.9831,9.9741,2423.9083,2380.8431,0.00,0.04
902,2289.7246,447.3271,2427.0641,572.4114,0.00,0.04
903,2419.8278,5.3392,2425.1921,2401.3935,0.00,0.04
904,2418.9464,16.1348,2426.1105,2356.9033,0.00,0.04
905,2422.3016,1.4222,2424.5707,2419.4227,0.00,0.04
906,1853.7984,1004.0691,2446.2674,96.3437,0.00,0.03
907,2412.2876,16.7706,2423.8508,2352.8742,0.00,0.04
908,2419.7982,5.3536,2426.6003,2407.9638,0.00,0.04
909,2289.9092,530.6639,2431.0702,234.6763,0.00,0.03
910,2413.1532,9.8601,2425.0420,2391.7923,0.00,0.04
911,2421.7095,7.7006,2429.1397,2395.1432,0.00,0.04
912,2439.2803,7.1154,2452.6548,2428.1877,0.01,0.03
913,2430.6496,2.7910,2436.5723,2426.3772,0.00,0.03
914,2334.9143,433.1334,2458.6637,657.6457,0.00,0.02
915,2433.9065,8.7175,2450.0869,2417.1674,0.00,0.03
916,2440.3805,8.0860,2456.7850,2430.0200,0.00,0.02
917,2328.3788,322.5299,2448.6611,1100.1184,0.00,0.03
918,2412.8386,22.7774,2427.7411,2346.0604,0.01,0.03
919,2421.4485,6.7550,2429.9514,2401.0778,0.03,0.04
920,2428.2398,21.4051,2444.8691,2365.8697,0.00,0.03
921,2285.0290,560.8034,2467.1577,121.0140,0.00,0.02
922,2435.0641,10.2638,2452.7834,2410.1791,0.00,0.02
923,2437.8819,6.6434,2451.3370,2427.3188,0.00,0.03
924,2337.2513,365.5383,2439.2821,921.6047,0.00,0.03
925,2433.8562,5.5779,2444.7372,2425.1753,0.00,0.03
926,2304.5824,522.3204,2453.3754,281.8734,0.00,0.03
927,2426.7493,1.4029,2429.6035,2424.5913,0.00,0.04
928,2177.6773,723.0256,2468.2375,121.0545,0.00,0.02
929,2434.5697,7.7734,2450.0742,2425.9033,0.00,0.03
930,1905.3547,938.6623,2447.1379,110.9005,0.00,0.02
931,2423.3480,9.1598,2445.9634,2409.7587,0.01,0.03
932,2430.8050,10.2386,2442.6066,2404.7866,0.01,0.03
933,2437.5181,7.1513,2449.0794,2421.8139,0.00,0.03
934,1958.1557,864.2985,2464.5325,131.7332,0.00,0.01
935,2178.1804,696.2920,2460.4503,263.1520,0.00,0.02
936,2224.3603,535.1671,2464.5972,377.9386,0.00,0.02
937,2175.0939,697.2296,2447.8420,257.0754,0.00,0.03
938,2426.8118,1.6194,2429.6782,2424.7106,0.00,0.04
939,2308.9534,439.8036,2466.7134,664.3311,0.00,0.02
940,2438.4610,5.3427,2446.0456,2429.4888,0.00,0.03
941,1877.0445,956.0002,2468.0607,101.8060,0.00,0.02
942,2440.8142,5.3547,2448.3840,2431.0492,0.00,0.03
943,1777.3282,957.7116,2467.4207,106.6535,0.16,0.02
944,2429.1908,13.0627,2441.3897,2400.2521,0.00,0.03
945,2437.7503,6.3246,2450.8349,2427.3781,0.00,0.03
946,1920.0461,848.5508,2466.7507,141.2680,0.00,0.01
947,2433.8180,5.7023,2443.4311,2423.2307,0.00,0.03
948,2438.1410,7.4601,2450.6205,2427.1645,0.00,0.03
949,1929.6435,922.6294,2469.5156,111.7228,0.00,0.01
950,1717.1027,994.5994,2450.9886,88.2555,0.00,0.02
951,2435.4046,5.2779,2443.9203,2427.2094,0.00,0.03
952,1216.3224,966.6780,2445.8401,-23.7248,0.00,0.03
953,2398.0222,111.8016,2436.4029,1965.4242,0.00,0.04
954,2421.7830,10.7633,2439.7219,2395.8574,0.00,0.04
955,2341.0878,374.7034,2449.8402,889.9923,0.00,0.03
956,2427.9566,2.7306,2435.3522,2423.6872,0.00,0.04
957,1938.0153,886.1454,2455.4306,116.1100,0.00,0.02
958,2132.4773,694.8186,2459.6261,349.7146,0.00,0.02
959,2427.9735,4.6360,2434.7784,2416.7391,0.00,0.03
960,2440.1893,6.4989,2452.7684,2431.5562,0.00,0.03
961,2174.6802,672.5245,2448.8892,349.3388,0.01,0.02
962,2428.4899,2.4282,2432.2699,2421.0279,0.00,0.04
963,2428.3548,4.4576,2435.7803,2413.8605,0.00,0.04
964,2429.0722,7.0868,2436.9706,2411.6157,0.00,0.03
965,2427.0067,1.3257,2430.6675,2425.6325,0.00,0.04
966,2431.4402,10.0170,2449.2347,2406.5296,0.00,0.03
967,1725.4972,1051.0633,2468.0639,87.2537,0.00,0.02
968,2429.1497,18.5121,2466.2428,2395.0869,0.00,0.03
969,1740.2407,944.9761,2464.9995,131.0753,0.00,0.01
970,2440.1926,7.7324,2450.7272,2426.3073,0.03,0.03
971,2399.4600,41.2334,2437.1045,2278.0084,0.15,0.03
972,2431.3892,6.3023,2444.0182,2414.8031,0.00,0.03
973,1872.6661,883.6716,2466.2881,140.9772,0.00,0.01
974,2294.3588,558.5215,2458.7230,131.3796,0.00,0.03
975,2418.3430,28.9913,2442.6312,2322.1332,0.03,0.03
976,2437.8723,5.5760,2448.5608,2429.0165,0.00,0.03
977,2140.3257,683.7162,2466.0838,301.1577,0.01,0.02
978,2182.2242,613.0432,2465.3629,301.1624,0.00,0.02
979,2431.0851,4.5470,2438.6981,2424.9300,0.00,0.03
980,2165.0974,755.8358,2466.9460,155.0165,0.00,0.01
981,2118.0011,707.4291,2466.6011,140.7283,0.00,0.02
982,2327.6290,423.9033,2447.2525,685.9592,0.00,0.03
983,2435.7619,4.8570,2447.3709,2428.0462,0.00,0.03
984,2098.7894,742.0652,2466.4893,326.2066,0.00,0.02
985,2435.4696,7.9683,2448.9791,2422.0119,0.00,0.03
986,2244.6446,400.0825,2460.9508,1066.6379,0.05,0.02
987,2203.5579,617.0674,2448.4866,399.4209,0.12,0.02
988,2427.3433,1.9782,2432.5673,2425.2797,0.00,0.04
989,1739.7247,935.5688,2463.9385,164.8124,0.00,0.01
0,196.7215,156.8761,489.4694,-39.8363,35.50,0.05
1,644.2530,660.2859,1533.8345,-36.5453,6.83,0.03
2,807.1112,550.7369,1709.5191,-33.3556,9.02,0.03
3,1003.9913,664.4510,2083.7553,-44.9169,13.62,0.08
4,1236.0455,887.1256,2354.5329,90.5272,6.33,0.05
5,1427.0875,685.9370,2281.0241,34.4059,6.47,0.04
6,1786.1501,829.0097,2427.2103,108.0663,0.00,0.03
7,1399.5552,1018.1036,2438.0457,92.1621,0.04,0.03
8,1674.3753,797.4611,2407.6170,90.8785,0.00,0.03
9,1338.5218,886.7604,2370.5439,-60.5547,5.01,0.09
10,2198.6124,335.8018,2413.2077,1242.1189,0.00,0.03
11,2375.0829,159.1120,2438.9616,1767.4255,0.00,0.03
12,2325.2285,459.6749,2478.5157,545.3360,0.00,0.03
13,2443.8548,2.5210,2448.0681,2438.3472,0.00,0.04
14,2451.9128,5.1719,2466.3580,2446.8031,0.00,0.03
15,1470.2390,1168.1567,2488.0057,-15.8843,0.00,0.01
16,2387.4227,215.5569,2474.5517,1607.7712,0.00,0.03
17,2161.4555,637.5065,2478.1765,447.9800,0.00,0.03
18,2455.3299,5.2477,2466.1291,2448.7710,0.00,0.03
19,883.1707,1115.4218,2489.2106,-32.7123,0.00,0.01
20,2327.7837,527.4397,2484.0960,285.4902,0.00,0.02
21,2205.8059,674.5840,2470.0303,341.0372,0.00,0.02
22,2098.9009,756.0286,2485.6719,479.1912,0.00,0.02
23,2433.9547,46.3069,2453.2006,2255.2711,0.00,0.04
24,2443.5795,5.9521,2454.1356,2427.7738,0.00,0.04
25,2353.1313,437.1762,2480.0011,660.2651,0.00,0.02
26,43.5395,214.5023,871.3509,-30.9683,0.00,0.01
27,1624.3152,1110.5199,2485.3225,-15.9303,0.00,0.01
28,2448.6015,2.7453,2454.5035,2443.8247,0.00,0.04
29,2164.6256,809.9945,2490.5925,4.2578,0.00,0.02
30,2448.9680,3.4365,2456.6095,2441.3551,0.00,0.04
31,2217.8341,660.4554,2484.0356,186.5656,0.00,0.02
32,2458.1952,7.2393,2475.8382,2449.7057,0.00,0.03
33,36.7260,61.1684,169.1846,-25.7260,0.00,0.01
34,2069.5179,851.5203,2491.2669,69.4166,0.00,0.01
35,2448.9166,5.1276,2457.0738,2440.9415,0.00,0.03
36,2462.9028,7.2593,2480.4241,2452.5523,0.00,0.02
37,167.6907,598.5663,2478.6483,-31.1983,0.00,0.01
38,2132.7277,726.5975,2484.2945,107.4006,0.00,0.02
39,2436.4599,13.3011,2455.4904,2412.4125,0.00,0.03
40,1713.7255,1126.0559,2488.0731,-10.7581,0.00,0.01
41,2445.1328,5.6718,2462.7236,2437.6603,0.00,0.04
42,1603.2996,1039.3075,2490.6084,59.1737,0.00,0.01
43,2444.3084,39.9572,2467.5037,2290.9629,0.00,0.03
44,2182.6036,567.2063,2478.8251,573.0108,0.00,0.04
45,2378.2338,300.0600,2466.5130,1216.2645,0.00,0.03
46,2455.3084,6.8288,2469.7146,2443.4857,0.00,0.03
47,880.9793,1102.4135,2491.0100,-5.7178,0.00,0.01
48,2457.5501,6.3818,2475.7514,2449.4427,0.00,0.03
49,638.0737,1062.0241,2487.9822,-6.2347,0.00,0.01
50,2451.9069,5.8094,2466.6356,2444.5813,0.00,0.03
51,1241.1706,1110.7470,2489.3310,18.8104,0.00,0.01
52,2456.5529,4.8831,2464.8687,2447.5872,0.00,0.03
53,1126.4577,1190.5476,2485.0313,18.4807,0.00,0.01
54,2449.6347,2.5912,2454.2186,2446.3332,0.00,0.04
55,2270.5230,588.0133,2489.9451,164.2106,0.00,0.02
56,2462.5175,8.2914,2475.5919,2447.8606,0.00,0.02
57,-17.5219,35.0512,114.2673,-36.2654,0.00,0.02
58,1788.0507,1042.9854,2485.6432,-5.8471,0.00,0.01
59,2451.5048,4.3428,2464.2309,2444.9695,0.00,0.03
60,578.6247,939.6721,2484.7245,-30.8804,0.00,0.01
61,2457.9210,8.6543,2485.1641,2448.5761,0.00,0.03
62,11.6061,93.7916,368.6051,-35.7582,0.00,0.01
63,1286.0836,1160.7025,2489.6836,3.4693,0.00,0.01
64,2419.2657,104.9687,2459.0344,2014.4352,0.00,0.03
65,2281.6353,591.0833,2467.4218,5.3414,0.66,0.04
66,2451.8574,4.0590,2465.4177,2447.1552,0.00,0.03
67,1868.1383,1052.3819,2488.4731,9.2919,0.00,0.01
68,2449.8169,3.7366,2459.2665,2445.6479,0.00,0.03
69,1351.2993,1139.1736,2489.0720,-25.8592,0.00,0.01
70,2453.2699,3.4713,2459.1822,2447.4004,0.00,0.03
71,593.2315,952.0757,2485.1556,-16.0106,0.00,0.01
72,2459.2555,9.4832,2480.9409,2448.9258,0.00,0.03
73,123.2523,547.9615,2244.6850,-36.6270,0.00,0.02
74,473.3351,756.5355,2468.0043,-21.0160,0.00,0.02
75,811.9274,803.4542,2465.1224,-49.3085,0.00,0.06
76,2177.9892,151.7411,2424.6017,1848.5925,0.00,0.03
77,2054.0381,860.3332,2487.0442,104.1273,0.00,0.02
78,2406.3451,227.6021,2477.2068,1525.3054,0.00,0.02
79,2464.0819,9.0698,2486.6466,2451.1940,0.00,0.02
80,34.9313,216.2971,871.1864,-36.6902,0.00,0.02
81,1913.0713,978.4129,2489.2842,59.1908,0.00,0.01
82,2392.1501,243.7500,2473.2183,1448.4355,0.00,0.03
83,2455.2779,6.1768,2474.2404,2447.9113,0.00,0.03
84,15.8504,72.6986,269.0833,-31.4021,0.00,0.02
85,2471.8434,10.1519,2490.9836,2453.8010,0.00,0.02
86,-31.8283,5.0112,-21.1042,-36.5400,0.00,0.03
87,1590.4082,1142.7910,2489.3422,-20.7612,0.00,0.01
88,2463.3390,8.7284,2481.8762,2452.8436,0.00,0.02
89,44.6858,212.9611,866.2884,-35.8246,0.00,0.02
90,2062.4381,856.3342,2487.1646,113.8771,0.00,0.01
91,2211.3207,614.6606,2465.7723,49.0111,0.00,0.03
92,2161.8922,639.7861,2470.8677,502.7248,0.00,0.03
93,2258.5384,574.2946,2457.0105,145.7062,0.00,0.04
94,2446.7997,0.5927,2448.1210,2446.1674,0.00,0.04
95,2325.1368,486.7539,2456.8820,439.9811,0.00,0.03
96,2356.2411,375.4182,2461.3511,902.3542,0.00,0.03
97,2447.0842,1.0427,2449.3156,2445.9437,0.00,0.04
98,2232.5706,646.2126,2479.5899,111.5582,0.00,0.02
99,2459.4683,6.5856,2476.9978,2452.1753,0.00,0.03
100,507.9208,958.1544,2484.1863,-31.0679,0.00,0.01
101,2451.9395,3.8747,2463.0544,2447.2545,0.00,0.03
102,1344.3319,1149.2574,2489.0242,-20.9119,0.00,0.01
103,2189.1278,721.2418,2474.7307,246.4870,0.00,0.03
104,1424.0600,1144.8043,2480.5707,-35.9281,0.00,0.02
105,2449.8451,3.0354,2459.4349,2447.0652,0.00,0.04
106,1265.1560,950.7384,2485.4420,-26.0207,0.00,0.01
107,2006.2641,816.5906,2465.3202,137.0441,0.00,0.03
108,2448.2158,2.7808,2457.0471,2445.8261,0.00,0.04
109,1896.1933,1002.5668,2486.1164,33.9826,0.00,0.01
110,2446.3220,0.6309,2447.3368,2445.4324,0.00,0.04
111,2455.8092,7.2014,2475.8757,2448.6356,0.00,0.03
112,381.1903,645.1350,2484.6709,-10.9349,0.00,0.01
113,2455.9716,8.8968,2480.8378,2445.2065,0.00,0.03
114,1747.3366,976.7421,2491.9663,73.0486,0.00,0.02
115,2453.8139,6.2833,2469.4893,2445.3302,0.00,0.03
116,2455.6951,8.4093,2481.2101,2447.4200,0.00,0.03
117,553.0004,897.4020,2487.7673,-6.2464,0.00,0.02
118,1807.9931,985.3514,2491.7092,133.8466,0.00,0.02
119,2446.6320,1.1329,2449.1858,2445.2817,0.00,0.04
120,2461.9793,8.5626,2476.5211,2446.4832,0.00,0.03
121,636.1387,923.5125,2482.9562,23.0303,0.00,0.02
122,2454.6742,7.9490,2472.1875,2446.8023,0.00,0.03
123,1248.1947,1115.1277,2491.5170,28.4829,0.00,0.01
124,2455.1218,5.9764,2466.9669,2446.1790,0.00,0.03
125,714.7259,1025.8684,2487.7263,37.5924,0.00,0.01
126,2453.7756,8.7624,2479.7123,2445.9567,0.00,0.03
127,418.0926,801.1405,2490.3421,13.5881,0.00,0.01
128,2112.3340,784.3536,2490.5535,144.0958,0.00,0.02
129,2363.7914,367.9346,2484.2429,939.3638,0.00,0.03
130,2329.6465,497.4765,2479.1258,403.1440,0.00,0.03
131,2300.4610,579.3014,2458.0283,56.8694,0.00,0.04
132,2445.6785,0.4038,2446.7139,2445.0868,0.00,0.04
133,2449.4678,3.0750,2456.9849,2446.6096,0.00,0.04
134,1811.3493,1030.4579,2491.1236,9.3319,0.00,0.01
135,1964.7350,760.5194,2463.6865,292.9154,0.00,0.03
136,2448.5208,1.9111,2453.3006,2445.9737,0.00,0.04
137,1553.5496,1074.2325,2491.2259,24.2001,0.00,0.01
138,2349.2740,447.3024,2490.6493,617.3765,0.00,0.02
139,2455.6830,4.8182,2465.9173,2448.3482,0.00,0.03
140,415.9066,795.6545,2487.5298,28.3638,0.00,0.01
141,2463.3308,8.5812,2485.5117,2454.3037,0.00,0.02
142,38.0659,36.0648,113.5854,-11.4322,0.00,0.02
143,2215.5956,693.2986,2491.8502,193.6587,0.00,0.01
144,2184.4128,730.6027,2480.2291,168.4697,0.00,0.03
145,2446.9798,1.7843,2452.2118,2445.3037,0.00,0.04
146,2325.5297,553.4591,2484.4847,182.3686,0.00,0.02
147,2381.1543,278.6449,2465.6172,1302.1661,0.00,0.03
148,2456.0132,8.9885,2480.1065,2447.9146,0.00,0.03
149,523.8245,941.9284,2491.7860,-1.5752,0.00,0.01
150,1242.8744,954.3792,2457.2218,187.1160,0.00,0.03
151,2193.0188,690.5941,2459.4106,146.5049,0.00,0.03
152,2451.5275,2.8073,2457.3393,2447.4116,0.00,0.03
153,2323.3333,597.5157,2487.3215,9.2450,0.00,0.01
154,2136.4848,715.2298,2482.0202,185.9161,0.00,0.03
155,2457.9840,10.4500,2491.1215,2449.6616,0.00,0.03
156,11.8739,16.6600,48.0059,-16.5903,0.00,0.02
157,2201.5515,720.1466,2491.1530,198.8720,0.00,0.02
158,2454.0063,6.7030,2466.5528,2445.4750,0.00,0.03
159,574.9474,920.2110,2482.9484,42.8337,0.00,0.01
160,2455.0578,6.0636,2471.6565,2447.8863,0.00,0.03
161,405.8180,797.6568,2480.2554,-6.6358,0.00,0.01
162,2466.4262,9.4674,2487.9339,2450.3226,0.00,0.02
163,460.2577,972.6668,2485.5953,-31.1099,0.00,0.02
164,2466.7196,9.7097,2487.6577,2455.0951,0.00,0.02
165,161.9330,601.5922,2489.0457,-26.4654,0.00,0.02
166,1912.8617,982.2708,2487.9581,88.8571,0.00,0.01
167,2453.9643,6.8234,2472.3153,2447.7121,0.00,0.03
168,194.5947,593.7647,2479.9161,-25.8302,0.00,0.01
169,2099.9266,796.9491,2491.3537,99.2026,0.00,0.01
170,1861.8328,1021.7792,2461.1202,-5.9282,0.00,0.03
171,2447.9510,2.1649,2453.9296,2446.2729,0.00,0.04
172,2474.8716,8.9897,2491.3372,2460.0815,0.00,0.02
173,10.1670,22.5653,74.1431,-21.3045,0.00,0.02
174,1289.2676,1189.8431,2491.6412,38.2049,0.00,0.01
175,2448.3130,2.8122,2456.6412,2445.0102,0.00,0.04
176,1777.4894,1038.2990,2491.1084,68.7454,0.00,0.01
177,2450.8885,3.5027,2458.8357,2446.4567,0.00,0.03
178,851.3654,975.4420,2490.9870,39.3230,0.00,0.01
179,2159.3105,722.8392,2486.7979,118.7362,0.00,0.03
180,2445.4414,0.3041,2446.0605,2445.0704,0.00,0.04
181,2161.9462,783.1791,2472.1203,73.0507,0.00,0.03
182,2450.7141,3.9265,2461.9113,2445.9523,0.00,0.03
183,228.5715,596.7434,2491.0626,-6.5450,0.00,0.02
184,1901.7546,972.8934,2483.2057,42.6149,0.00,0.02
185,2446.7003,1.6182,2452.4027,2445.3186,0.00,0.04
186,2017.0025,941.0628,2489.2579,22.7046,0.00,0.02
187,2117.7718,708.8934,2455.8536,175.1893,0.00,0.03
188,2449.2181,1.6706,2452.5881,2446.5168,0.00,0.04
189,1877.5749,1034.1232,2489.5027,47.5310,0.00,0.02
190,2367.2851,368.2282,2476.3518,941.4097,0.00,0.02
191,2448.4964,1.9046,2453.9504,2445.7966,0.00,0.04
192,727.7040,1023.7056,2489.0944,3.3994,0.00,0.01
193,2456.0142,8.3609,2477.2257,2446.6265,0.00,0.03
194,29.2666,25.2330,96.9356,-1.7850,0.00,0.03
195,719.4209,1025.0196,2490.9134,12.8137,0.00,0.02
196,2449.0076,7.1070,2473.3417,2445.1070,0.00,0.04
197,1251.4425,1143.5712,2491.2267,24.1866,0.00,0.01
198,2454.8855,6.7082,2471.7279,2447.3923,0.00,0.03
199,51.2743,103.7427,442.9421,-11.1980,0.00,0.02
0,255.8678,268.3686,921.1059,-41.2926,19.15,0.05
1,234.1545,252.3514,797.5737,-45.2431,29.10,0.08
2,813.4552,439.9045,1571.1696,-37.1697,12.50,0.07
3,1756.9406,864.0190,2296.5983,-22.7742,0.00,0.01
4,1608.7493,696.2700,2249.4234,243.4560,0.00,0.02
5,1314.7153,897.3632,2330.9244,-15.5019,0.00,0.01
6,1782.3781,413.1053,2198.7935,730.3412,0.00,0.04
7,2285.1218,81.3567,2367.8909,2019.9395,0.00,0.04
8,2294.1884,350.2804,2408.5913,948.9430,0.00,0.02
9,2340.2924,62.8906,2388.6637,2129.2913,0.00,0.03
10,2110.0350,789.6759,2427.5578,-8.0385,0.00,0.02
11,2389.8900,14.9462,2413.5562,2355.2176,0.00,0.03
12,737.7747,1012.6359,2438.7493,-32.4036,0.00,0.01
13,2410.8497,10.5293,2432.3676,2397.1536,0.00,0.02
14,-23.2375,21.4177,46.3599,-37.5653,0.00,0.02
15,1863.8287,864.0830,2434.5373,61.0293,0.00,0.01
16,1828.6294,757.3627,2435.9712,219.5840,0.00,0.02
17,1997.7581,624.4922,2425.9539,665.8301,0.05,0.03
18,1990.5914,738.0247,2421.2600,355.9862,0.00,0.02
19,1701.7764,1041.6056,2424.1922,-32.6931,0.00,0.02
20,1437.1854,916.9829,2385.0666,50.9754,4.55,0.08
21,1662.0726,928.3521,2428.9406,184.5694,0.33,0.03
22,1944.5578,815.7793,2410.5265,80.3088,0.00,0.03
23,2257.3889,516.4595,2431.0307,257.6722,0.00,0.03
24,1970.6496,622.9967,2393.0174,182.8758,0.00,0.04
25,2238.6585,572.5654,2393.5880,21.2172,0.00,0.03
26,2380.5327,10.4522,2391.0581,2350.7425,0.00,0.04
27,2394.2712,0.3634,2394.7136,2393.3801,0.00,0.04
28,2394.9791,0.6486,2396.0718,2393.7112,0.00,0.04
29,2395.6405,0.5722,2397.0621,2395.0459,0.00,0.04
30,1217.0982,1199.5075,2430.6558,-12.9201,0.00,0.02
31,1112.8134,1170.2605,2433.4769,-32.4343,0.00,0.01
32,2400.8971,11.3876,2411.2746,2365.2517,0.00,0.03
33,2017.1872,843.2187,2421.3316,-22.6761,0.00,0.02
34,1712.1548,1061.2534,2437.9671,-32.5537,0.00,0.02
35,2311.7156,342.7824,2403.1900,984.1465,0.00,0.03
36,2396.7653,1.7222,2400.4954,2394.2892,0.00,0.04
37,2183.6855,581.3346,2436.9550,422.0544,0.00,0.02
38,2257.8677,566.1979,2419.6891,65.1503,0.00,0.03
39,2398.8258,2.5085,2405.9369,2396.1172,0.00,0.04
40,1762.0300,982.1287,2431.2946,-28.5828,0.00,0.02
41,1616.2196,912.6631,2434.0988,-17.4895,0.00,0.02
42,2120.3219,701.8244,2436.6018,278.6180,0.00,0.02
43,2405.5914,4.5639,2413.4490,2399.7614,0.00,0.03
44,297.3520,802.6508,2426.1177,-37.8572,0.00,0.02
45,2112.8894,773.3363,2416.1751,-32.6805,0.00,0.03
46,2256.5587,571.9587,2418.2011,41.4966,0.00,0.03
47,2399.9020,3.1233,2406.5870,2395.9923,0.00,0.04
48,900.1634,1178.8921,2433.1307,-37.4422,0.00,0.02
49,2245.9800,589.5922,2404.9202,-37.4814,0.00,0.04
50,2396.8531,1.9667,2402.1111,2395.2849,0.00,0.04
51,1358.7371,1085.5812,2434.1587,-32.3904,0.00,0.02
52,1811.5507,914.4016,2435.0629,21.8521,0.00,0.02
53,2272.6147,499.4074,2422.2081,338.5739,0.00,0.03
54,1680.8058,1096.0720,2439.8336,-32.6680,0.00,0.02
55,2400.7256,4.3950,2410.3090,2396.3536,0.00,0.03
56,1133.3733,1090.4610,2441.0905,-37.4673,0.00,0.01
57,1744.3207,991.9991,2424.3474,156.0963,0.00,0.02
58,1895.3040,913.5944,2426.1045,-12.6733,0.00,0.02
59,1997.5756,767.2541,2412.1593,172.4073,0.02,0.03
60,2371.4624,106.0290,2405.1222,1960.9015,0.01,0.04
61,2401.0407,4.4249,2410.4387,2395.8915,0.00,0.03
62,1659.7287,1021.3706,2438.9101,-27.3727,0.00,0.02
63,1934.2655,663.7789,2400.5293,211.6324,0.11,0.04
64,2397.0108,1.1809,2399.3731,2394.7497,0.00,0.04
65,2403.5425,4.4596,2414.1142,2396.8566,0.00,0.03
66,1911.2303,904.1833,2436.4629,-27.6429,0.00,0.02
67,2292.8417,435.1004,2432.9393,608.1523,0.00,0.03
68,2150.8485,711.5627,2436.2152,-17.5320,0.00,0.02
69,2397.0072,1.4879,2401.7365,2395.6414,0.00,0.04
70,2280.3073,485.3618,2424.7225,400.6295,0.00,0.03
71,2318.6957,322.0077,2417.1187,1071.7113,0.05,0.03
72,2396.8834,0.8963,2399.1958,2395.7648,0.00,0.04
73,2411.6731,5.0627,2419.7607,2403.8467,0.00,0.03
74,616.8830,1046.1534,2440.0534,-22.4768,0.00,0.01
75,2404.9248,6.7746,2424.5846,2397.5539,0.00,0.03
76,501.0893,943.3732,2440.1444,-32.5072,0.00,0.01
77,895.8346,1049.3229,2435.9826,-17.4757,0.00,0.01
78,2403.9061,3.9235,2416.7364,2398.0299,0.00,0.03
79,1511.6403,1051.6685,2436.6848,-22.7256,0.00,0.02
80,1865.3478,828.0766,2433.8309,451.4359,0.00,0.02
81,2412.8937,9.3806,2435.1622,2401.1328,0.00,0.03
82,136.8560,592.3144,2428.7833,-37.4217,0.00,0.02
83,2281.2362,522.1526,2432.5945,259.3762,0.00,0.02
84,1886.4069,959.5100,2439.7833,-17.5132,0.00,0.01
85,2407.3677,8.1711,2424.9918,2398.8172,0.00,0.03
86,14.9655,159.3789,627.9922,-37.6568,0.00,0.02
87,1364.2889,1199.8286,2437.0917,-22.4480,0.00,0.01
88,1056.4161,1187.2349,2413.0626,-40.2344,0.00,0.03
89,2174.5509,469.2571,2413.2349,477.1289,0.05,0.04
90,2293.2582,325.1450,2427.2138,1048.3228,0.00,0.03
91,1936.9568,936.1638,2441.2786,-37.9755,0.00,0.03
92,1736.4397,940.2633,2432.6536,-7.8880,0.00,0.02
93,2086.0117,467.5845,2380.3035,635.2956,0.00,0.04
94,2154.7372,602.6483,2400.7942,-46.8243,6.25,0.09
95,2400.1627,3.6269,2411.3256,2395.8117,0.00,0.03
96,1986.6413,925.0985,2441.0440,31.6734,0.00,0.01
97,2405.5283,4.8511,2414.4918,2398.8886,0.00,0.03
98,1062.4738,1204.1783,2437.8240,-32.5356,0.00,0.01
99,2289.3947,428.3671,2411.6867,630.7780,0.00,0.04
100,2081.9035,570.7163,2409.2777,683.6235,0.04,0.03
101,2404.2289,7.4130,2428.5405,2396.5691,0.00,0.03
102,453.3444,951.5343,2439.9211,-32.4289,0.00,0.01
103,2405.7570,3.8604,2413.1083,2399.8513,0.00,0.03
104,632.9775,1031.9106,2424.8164,-37.5661,0.00,0.01
105,2399.9179,6.0400,2409.0276,2381.6109,0.00,0.03
106,2422.6494,9.0385,2440.6356,2405.1835,0.00,0.02
107,-16.0893,31.0644,75.7757,-37.4028,0.00,0.02
108,2265.2184,583.1239,2435.9347,7.1088,0.00,0.02
109,2397.0081,1.3756,2399.7883,2395.1905,0.00,0.04
110,2321.5063,378.2527,2441.1856,857.1445,0.00,0.02
111,2403.4050,3.8237,2410.6409,2396.7106,0.00,0.03
112,2418.6930,9.6113,2434.3748,2404.2233,0.00,0.02
113,-33.6848,5.1277,-17.5316,-37.5099,0.00,0.03
114,1111.5799,1182.0676,2440.2704,-22.4862,0.00,0.01
115,2400.1574,3.2028,2408.5411,2396.0283,0.00,0.03
116,1218.7981,1209.3520,2439.8141,-17.5847,0.00,0.01
117,2400.1255,3.2441,2407.2356,2395.8146,0.00,0.04
118,778.0365,1000.2971,2438.8280,-17.5211,0.00,0.01
119,2408.2882,6.9099,2420.9141,2400.1815,0.00,0.03
120,-13.3249,30.6359,80.6339,-37.4915,0.00,0.02
121,2413.3837,8.3770,2434.7985,2401.9452,0.00,0.02
122,-17.2723,15.6950,16.9602,-37.4696,0.00,0.02
123,2302.9622,443.8143,2439.8466,584.3785,0.00,0.02
124,2395.9275,9.3824,2403.8886,2361.7332,0.00,0.04
125,2400.5633,3.1282,2406.6215,2395.6738,0.00,0.03
126,322.4933,802.3115,2439.5661,-27.4787,0.00,0.01
127,2411.4506,7.6385,2430.7875,2401.7548,0.00,0.03
128,301.3013,804.5153,2428.3482,-32.4661,0.00,0.01
129,2409.2853,9.0039,2426.9892,2399.3562,0.00,0.03
130,-24.3683,16.4736,26.7802,-37.4034,0.00,0.02
131,2324.3363,381.4267,2439.5343,847.4234,0.00,0.02
132,2407.7586,7.1070,2429.3290,2400.3098,0.00,0.03
133,1558.2857,1120.8158,2439.9574,-37.3431,0.00,0.02
134,1942.6557,951.7402,2435.9001,-39.7334,0.00,0.04
135,2396.1767,1.5087,2401.5323,2395.0768,0.00,0.04
136,2123.9467,777.9474,2433.8799,61.0952,0.00,0.02
137,2402.8326,6.9058,2418.5330,2395.6165,0.00,0.03
138,868.6914,1086.3353,2438.8356,-22.4950,0.00,0.01
139,2300.3576,391.8203,2411.7983,783.1522,0.00,0.03
140,2394.2008,22.9055,2410.7389,2307.7277,0.00,0.03
141,2401.0758,2.2961,2405.8924,2397.9027,0.00,0.03
142,2150.4382,714.4453,2439.3688,244.4970,6.25,0.02
143,2410.6835,10.2526,2438.5548,2400.3708,0.00,0.03
144,122.3408,587.9808,2399.3578,-37.5243,0.00,0.02
145,1381.4272,1163.1446,2403.3885,-32.5037,0.00,0.03
146,2405.3244,9.8229,2427.0107,2395.0015,0.00,0.03
147,-37.6571,1.4371,-32.3520,-39.1305,0.00,0.04
148,1862.1361,965.8133,2436.6946,-27.4038,0.00,0.02
149,2395.2148,0.1190,2395.4164,2395.0336,0.00,0.04
150,2398.3155,2.9128,2406.4897,2395.9937,0.00,0.04
151,864.9785,1077.1251,2440.5574,-27.3913,0.00,0.01
152,2295.2430,424.2224,2427.0926,652.5642,0.00,0.03
153,2395.7117,0.4731,2396.6858,2395.2211,0.00,0.04
154,2411.5135,10.6759,2435.1391,2399.5032,0.00,0.03
155,-37.0593,2.5112,-27.3792,-38.2764,0.00,0.03
156,652.9125,1035.3943,2438.9814,-39.2630,0.00,0.02
157,2400.7260,5.1654,2414.2284,2395.7686,0.00,0.03
158,631.2672,919.7683,2431.3753,-37.7204,0.00,0.01
159,2405.1195,4.7857,2417.4482,2398.8385,0.00,0.03
160,1106.9457,1179.5833,2440.3481,-32.5957,0.00,0.01
161,2411.8785,6.7427,2424.6771,2399.6045,0.00,0.03
162,131.1856,596.4665,2440.9962,-37.3896,0.00,0.02
163,1484.7006,1086.2827,2438.7388,16.9704,0.00,0.01
164,2401.2249,3.5074,2411.1357,2396.7412,0.00,0.03
165,495.6530,941.9837,2437.0936,-27.3692,0.00,0.01
166,2411.4423,7.1411,2428.6010,2398.9801,0.00,0.03
167,17.9085,147.0443,584.3517,-37.4573,0.00,0.02
168,1404.3857,1163.9702,2431.4467,-27.4872,0.00,0.01
169,2397.7796,2.2486,2404.8053,2395.3527,0.00,0.04
170,1852.4721,1000.5467,2441.1650,-17.5150,0.00,0.01
171,2398.6428,1.5242,2402.1041,2396.6446,0.00,0.04
172,2418.3789,12.3137,2440.7627,2403.5849,0.00,0.02
173,-36.5886,1.9896,-32.3935,-37.6424,0.00,0.03
174,630.9849,1041.2309,2435.1300,-32.4958,0.00,0.01
175,2403.3349,4.8748,2412.5308,2398.0114,0.00,0.03
176,912.8339,1057.7837,2439.8444,-27.4697,0.00,0.01
177,2417.0727,10.1468,2439.1719,2404.8833,0.00,0.02
178,-29.4798,8.1084,-3.0083,-37.5870,0.00,0.02
179,1373.2099,1079.9105,2438.5415,-2.7818,0.00,0.01
180,2396.7415,11.3066,2409.1680,2365.1780,0.00,0.03
181,2102.8082,808.0323,2416.1176,-37.5147,0.00,0.03
182,2399.7433,2.4490,2404.0535,2396.0384,0.00,0.04
183,499.7351,941.2432,2440.1059,-27.5059,0.00,0.01
184,2303.0383,417.5180,2418.3794,686.0581,0.00,0.03
185,2420.1934,5.5974,2433.1193,2411.7123,0.00,0.02
186,673.4237,1040.8561,2440.7687,-17.5340,6.25,0.04
187,2417.0776,9.7742,2434.1108,2399.5377,0.00,0.02
188,-35.2597,3.0706,-27.4309,-37.5881,0.00,0.03
189,1880.6510,975.5649,2440.6559,-12.5738,0.00,0.01
190,2406.5693,8.1586,2429.6399,2395.0261,0.00,0.03
191,138.2961,592.9658,2432.6476,-37.5884,0.00,0.02
192,1981.5485,926.2804,2440.5042,-22.4531,0.00,0.01
193,2399.8072,5.6922,2412.5928,2392.4072,0.00,0.03
194,279.4846,814.3642,2436.6553,-37.6070,0.00,0.02
195,2403.2162,13.2745,2427.4006,2381.5242,0.00,0.03
196,-27.7830,11.1672,2.2158,-37.4916,0.00,0.02
197,2421.1811,8.9521,2437.5468,2405.5867,0.00,0.02
198,0.6514,145.7255,565.0152,-37.8409,0.00,0.03
199,1527.6344,1157.6547,2433.3030,-17.6978,0.00,0.01
200,2409.5577,7.1500,2421.4157,2400.1043,0.00,0.03
201,132.6013,592.2159,2425.2154,-37.5375,0.00,0.02
202,2265.1668,580.5072,2433.4593,17.0436,0.00,0.02
203,2398.6377,3.1425,2404.8288,2393.1150,0.00,0.04
204,1682.0584,1110.3127,2439.9516,-7.6295,0.00,0.01
205,2403.1983,3.9607,2412.9124,2398.0910,0.00,0.03
206,919.3331,1065.6987,2437.3960,-32.3640,0.00,0.01
207,2398.6124,2.3671,2403.1832,2395.1246,0.00,0.04
208,586.5865,926.4302,2436.3007,-27.4269,0.00,0.01
209,2409.4531,7.5789,2429.1368,2400.6266,0.00,0.03
210,29.5422,146.6991,579.2541,-37.4558,0.00,0.02
211,2273.5605,583.9462,2436.6023,12.1493,0.00,0.02
212,2406.0821,5.0573,2414.6336,2397.8781,0.00,0.03
213,176.0616,601.7291,2438.9972,-37.4352,0.00,0.02
214,2131.7458,761.5345,2435.4227,7.1461,0.00,0.02
215,2399.4809,2.1887,2403.1791,2395.9636,0.00,0.04
216,1450.7749,1119.9634,2440.5298,-12.5836,0.00,0.01
217,2401.9080,4.1223,2412.9454,2397.0841,0.00,0.03
218,141.2434,593.3905,2438.0571,-32.4436,0.00,0.01
219,1967.9819,941.9578,2435.5344,2.3013,0.00,0.02
220,2399.0551,2.4064,2404.5513,2396.6377,0.00,0.04
221,2129.9433,791.3239,2441.3767,7.1358,0.00,0.01
222,2413.2608,4.4938,2419.5915,2404.3537,0.00,0.02
223,1560.1511,1130.2865,2440.1004,-22.3290,0.00,0.01
224,2405.1181,5.7295,2416.3181,2396.7965,0.00,0.03
225,677.2271,1023.9473,2437.8711,-32.5028,0.00,0.01
226,2400.0380,2.6945,2405.1354,2396.8884,0.00,0.03
227,971.7549,1036.6337,2439.1407,-22.4108,0.00,0.01
228,2415.2459,9.8519,2433.3869,2403.7035,0.00,0.02
229,-13.0902,33.9628,75.4574,-37.5441,0.00,0.02
230,2123.9231,781.0350,2430.1020,11.8658,0.00,0.01
231,2375.1430,38.7236,2405.9503,2250.3947,0.07,0.03
232,2420.0882,10.8266,2435.2026,2404.3698,0.00,0.02
233,-37.6585,0.0968,-37.4235,-37.8588,0.00,0.03
234,-15.2613,39.4037,119.8815,-38.1502,0.00,0.02
235,1966.8136,951.6734,2435.7216,-22.4456,0.00,0.02
236,2397.8107,1.5544,2401.6464,2395.9152,0.00,0.04
237,2277.1480,549.4849,2431.9762,149.1938,0.00,0.02
238,2405.4578,8.0087,2423.4552,2393.0206,0.00,0.03
239,-34.9234,5.5330,-23.1831,-39.9679,0.00,0.03
240,2413.5261,9.5911,2428.3228,2392.9768,0.00,0.02
241,342.4323,801.5598,2430.8840,-37.4704,0.00,0.01
242,2263.1942,590.2917,2435.4063,-22.4904,0.00,0.02
243,2398.2238,2.1969,2402.2131,2394.1380,0.00,0.04
244,2267.0997,584.8091,2435.4941,2.3064,0.00,0.02
245,2401.8100,4.5846,2418.3331,2398.2473,0.00,0.03
246,1723.8927,1058.8619,2438.9114,-37.6436,0.00,0.02
247,2408.5191,5.2346,2417.6779,2399.9525,0.00,0.03
248,924.8888,1167.8692,2440.3476,-32.4362,0.00,0.01
249,2407.9102,6.0794,2421.9756,2397.9067,0.00,0.03
250,232.2664,683.6795,2422.3688,-37.6303,0.00,0.02
251,2412.4892,9.6674,2433.0032,2398.0333,0.00,0.03
252,-36.2283,2.8399,-27.3817,-37.6872,0.00,0.03
253,385.3932,815.5917,2438.9246,-37.6652,0.00,0.01
254,2418.1565,6.7717,2430.8464,2408.1121,0.00,0.02
255,329.7929,812.1342,2440.2035,-37.3109,0.00,0.02
256,2416.0724,7.7235,2432.6613,2401.5781,0.00,0.02
257,-29.9885,6.0689,-17.6675,-37.4633,0.00,0.02
258,1970.3836,938.7426,2438.4211,-13.2202,0.00,0.01
259,2399.1657,3.3540,2406.4119,2395.1461,0.00,0.03
260,1848.0128,890.5091,2438.1127,7.0962,0.00,0.01
261,2408.2898,7.7313,2430.8819,2399.8451,0.00,0.03
262,-30.4033,8.6287,-7.7602,-38.5528,0.00,0.02
263,2302.0059,437.3449,2439.3245,608.5250,0.00,0.02
264,2401.7454,5.5379,2414.6605,2396.6898,0.00,0.03
265,-27.1286,8.9198,-12.4672,-37.5703,0.00,0.02
266,2406.6824,6.3037,2424.7848,2398.5993,0.00,0.03
267,-20.6431,14.6613,12.1096,-37.6092,0.00,0.02
268,2407.9004,7.5792,2433.1255,2401.8046,0.00,0.03
269,178.8936,601.2895,2435.8579,-37.6854,0.00,0.01
270,2275.8001,592.1790,2440.5829,-17.4790,0.00,0.01
271,2405.8017,5.3483,2415.7124,2398.3420,0.00,0.03
272,123.8333,590.9069,2412.2591,-37.4323,0.00,0.02
273,2402.3133,3.2140,2410.4419,2398.5931,0.00,0.03
274,1738.1771,1047.0306,2440.4688,-22.3852,0.00,0.01
275,2402.6322,4.0455,2411.7788,2398.0599,0.00,0.03
276,1106.4785,1175.7694,2436.9099,-27.3260,0.00,0.01
277,2253.7818,586.6444,2414.9856,-18.2082,0.00,0.03
278,2408.6634,6.4745,2422.1920,2400.6196,0.00,0.03
279,135.5089,593.6582,2433.8004,-37.4250,0.00,0.01
280,2057.4984,794.3627,2437.2034,-22.4127,0.00,0.01
281,2410.2242,6.8254,2430.5833,2400.3404,0.00,0.03
282,295.1349,807.6958,2431.5703,-32.2440,0.00,0.01
283,2415.5744,7.4832,2426.9441,2401.7506,0.00,0.02
284,39.5005,241.4957,969.6594,-37.4972,0.00,0.02
285,1848.1218,947.0538,2439.9085,-27.3027,0.00,0.01
286,2350.8618,191.9141,2404.6292,1607.6235,0.00,0.03
287,2401.6589,4.9838,2413.1623,2396.9659,0.00,0.03
288,291.8485,810.8779,2439.0027,-37.4934,0.00,0.02
289,2412.1914,6.3203,2427.2974,2404.9181,0.00,0.03
290,308.4312,801.0733,2427.1664,-37.3209,0.00,0.01
291,2411.3593,5.6226,2419.0289,2400.9955,0.00,0.03
292,638.7963,920.8418,2438.7702,-37.4806,0.00,0.01
293,2408.4577,5.9508,2418.0600,2399.3426,0.00,0.03
294,-13.2303,31.4526,75.7873,-37.3334,0.00,0.02
295,2024.7982,836.1932,2437.2070,36.6958,0.00,0.02
296,2400.5716,2.8526,2405.8449,2396.3630,0.00,0.03
297,1133.7071,1159.9159,2440.8102,-17.5148,0.00,0.01
298,2408.8335,5.4449,2420.4598,2399.1997,0.00,0.03
299,671.6875,1038.4277,2440.7651,-32.3596,0.00,0.01
300,2406.5340,4.7803,2416.8217,2399.3542,0.00,0.03
301,798.4840,1113.7065,2440.8034,-32.3569,0.00,0.01
302,2411.3344,5.5409,2424.5045,2401.3148,0.00,0.03
303,306.2155,737.8626,2424.3454,-37.4779,0.00,0.02
304,2360.9739,148.1996,2404.0729,1787.0560,0.00,0.04
305,2398.3058,0.9378,2399.9824,2396.6604,0.00,0.04
306,2409.4137,9.7468,2429.0292,2399.0832,0.00,0.03
307,-33.6464,6.6980,-12.5795,-37.4578,0.00,0.03
308,1215.0522,1218.0633,2436.5467,-32.3617,0.00,0.01
309,2401.4653,4.0599,2412.9944,2396.4342,0.00,0.03
310,480.3105,939.4161,2438.2979,-32.4708,0.00,0.01
311,2406.8367,7.8286,2421.1259,2397.0277,0.00,0.03
312,-36.2931,3.7646,-22.5023,-37.6768,0.00,0.03
313,1238.3445,1194.6060,2437.0003,-32.3345,0.00,0.01
314,2282.4618,467.3952,2410.7303,472.2896,0.00,0.03
315,2406.3027,5.5319,2419.6963,2399.5935,0.00,0.03
316,789.8061,1108.7881,2438.5743,-17.5680,0.00,0.01
317,2310.1357,378.1345,2420.7209,845.8144,0.00,0.03
318,2397.7601,1.0464,2399.5660,2396.0959,0.00,0.04
319,2270.4671,578.5510,2439.8512,29.8785,0.00,0.02
320,1879.5881,962.2160,2436.8071,-17.5222,0.00,0.01
321,2397.9914,1.3652,2400.7374,2396.2319,0.00,0.04
322,2411.4022,5.7789,2422.3251,2399.5181,0.00,0.03
323,129.2073,283.1340,862.0626,-37.3590,0.00,0.01
324,2262.6015,576.0548,2422.6275,31.7046,0.00,0.03
325,2396.4717,0.7535,2398.4792,2395.4105,0.00,0.04
326,2410.3811,7.8731,2426.7790,2398.8477,0.00,0.03
327,-26.8412,10.2218,-2.6958,-37.4898,0.00,0.02
328,1774.2091,993.3950,2440.3370,-32.7616,0.00,0.02
329,2398.4109,1.5913,2402.1857,2396.5344,0.00,0.04
330,2318.3608,251.0178,2433.6805,1545.6822,0.00,0.03
331,2414.3250,6.2656,2425.5397,2403.4495,0.00,0.02
332,295.1576,809.9154,2438.9861,-32.4815,0.00,0.01
333,2418.6453,9.8374,2440.4087,2404.6261,0.00,0.02
334,-23.9982,10.7635,1.8285,-37.4658,0.00,0.03
335,1702.3107,1081.6158,2441.0244,6.7941,0.00,0.01
336,2401.7619,3.6410,2409.8411,2397.6842,0.00,0.03
337,515.8371,772.5948,2431.9265,-8.0075,0.00,0.01
338,2405.7381,4.9961,2415.3033,2399.4549,0.00,0.03
339,279.2464,616.8957,2440.9931,-22.9449,0.00,0.01
340,2272.9124,567.4329,2433.7842,75.4536,0.00,0.02
341,2400.4617,2.4831,2406.0838,2397.0544,0.00,0.03
342,1706.3208,1071.6748,2437.3672,21.5368,0.00,0.01
343,2400.6032,3.2685,2410.7379,2397.0372,0.00,0.03
344,1304.1478,1127.8251,2437.2000,31.3594,0.00,0.01
345,2261.1705,537.0701,2405.6616,181.1332,0.00,0.03
346,2336.1352,93.1217,2405.6664,2137.9659,0.00,0.03
347,2062.1484,710.3130,2403.7014,397.4634,0.00,0.03
348,2397.0269,1.6482,2401.5822,2395.3976,0.00,0.04
349,2313.4471,416.2828,2434.5673,701.4952,0.00,0.02
350,2404.5004,5.4124,2419.8173,2396.5957,0.00,0.03
351,1388.0883,1052.9537,2438.1525,1.7408,0.00,0.01
352,2397.8959,1.1197,2400.5829,2396.5623,0.00,0.04
353,2395.1114,5.4452,2405.2649,2385.1269,0.00,0.03
354,2117.8402,797.0822,2440.0376,6.6619,0.00,0.02
355,2401.9200,3.9172,2410.6217,2396.3132,0.00,0.03
356,2211.0951,527.3066,2435.9820,730.7913,0.00,0.02
357,2326.0986,304.2310,2425.3141,1148.1675,0.00,0.03
358,2410.2489,11.4361,2436.7523,2397.3770,0.00,0.03
359,0.1712,36.6263,99.9484,-27.9387,0.00,0.02
360,2409.7250,7.8236,2425.4746,2396.7632,0.00,0.03
361,355.7723,778.4025,2396.7239,-27.9788,0.00,0.02
362,2398.7468,5.2755,2414.6811,2395.5816,0.00,0.04
363,277.0742,803.2783,2402.5642,-37.6232,0.00,0.03
364,1944.8969,944.5175,2411.8850,-27.9478,0.00,0.03
365,2396.7818,4.8559,2415.5589,2395.1368,0.00,0.04
366,1246.7542,1175.7418,2432.8874,-37.5868,0.00,0.02
367,2395.8990,0.1520,2396.1478,2395.5350,0.00,0.04
368,2395.8309,0.2510,2396.1967,2395.3026,0.00,0.04
369,2396.4613,0.2676,2397.0876,2396.0963,0.00,0.04
370,2398.0304,2.1279,2404.4797,2395.9539,0.00,0.04
371,1869.5413,968.1044,2432.6653,-2.6991,0.00,0.02
372,2398.0829,2.5486,2406.7604,2396.3927,0.00,0.04
373,2402.7645,29.6359,2430.0812,2295.0972,0.00,0.03
374,1614.2439,1072.2106,2441.2867,-22.5588,0.00,0.01
375,2401.1499,2.6984,2406.6727,2396.8422,0.00,0.03
376,1102.5302,1168.5359,2435.9727,11.6768,0.00,0.01
377,2397.6983,1.8802,2402.4587,2396.0897,0.00,0.04
378,2407.0884,11.5463,2427.2007,2395.7124,0.00,0.03
379,2269.1249,584.0808,2432.8241,7.1495,0.00,0.02
380,2402.9055,4.3507,2413.5095,2397.5837,0.00,0.03
381,1766.9576,997.5833,2438.0375,-27.4349,0.00,0.01
382,2401.0379,3.8322,2409.0883,2395.8367,0.00,0.03
383,1115.4701,1166.0752,2440.3557,-22.4714,0.00,0.01
384,2399.1337,2.3298,2404.0529,2396.3287,0.00,0.04
385,2029.6447,839.6314,2434.3570,41.4973,0.00,0.01
386,2405.8346,7.5031,2424.5998,2397.0951,0.00,0.03
387,189.2459,615.0298,2439.3755,-32.4896,0.00,0.02
388,2277.5098,543.3617,2437.4205,173.3737,0.00,0.02
389,2400.0365,3.1700,2409.0053,2395.5743,0.00,0.04
390,309.6010,808.5373,2441.2805,-32.6540,0.00,0.02
391,2143.5556,743.8333,2438.0523,139.3819,0.00,0.01
392,2407.6896,6.4515,2422.7654,2397.5721,0.00,0.03
393,1073.4676,1199.3322,2439.5568,-27.4255,0.00,0.01
394,2409.9429,5.5901,2418.9386,2401.7824,0.00,0.03
395,906.2629,1073.8635,2438.0335,-32.3459,0.00,0.01
396,2405.2573,5.8099,2418.9663,2397.4039,0.00,0.03
397,364.6485,799.6422,2429.4352,-32.5228,0.00,0.02
398,2403.4152,11.5008,2437.2458,2396.8721,0.00,0.03
399,2144.4857,695.7400,2437.9045,46.0624,0.00,0.03
400,2400.7325,5.8096,2413.9650,2396.8635,0.00,0.03
401,2412.7520,7.9524,2427.1192,2400.3799,0.00,0.03
402,-25.0811,22.2838,41.4840,-37.5256,0.00,0.02
403,2300.4046,434.2853,2418.8080,618.4806,0.00,0.02
404,2401.4937,5.0162,2414.6189,2395.8506,0.00,0.03
405,131.8216,595.9898,2438.3497,-37.6424,0.00,0.02
406,1964.0394,956.0704,2437.0285,-32.7939,0.00,0.02
407,2407.8142,6.9302,2421.5905,2398.1107,0.00,0.03
408,414.5536,811.1738,2432.2215,-37.4544,0.00,0.01
409,2407.5240,10.0209,2433.8483,2398.3060,0.00,0.03
410,695.6183,1027.5201,2440.8987,-22.5480,0.00,0.01
411,2285.8462,398.7360,2432.0002,823.2288,0.00,0.02
412,2400.3045,2.3760,2405.6854,2397.3458,0.00,0.04
413,1303.7418,1158.9906,2439.8677,-2.8859,0.00,0.02
414,2396.3989,0.6930,2397.6222,2395.4597,0.00,0.04
415,2274.6074,526.1505,2423.7674,236.9776,0.00,0.03
416,2396.7639,0.9173,2398.9876,2395.6053,0.00,0.04
417,2373.9653,153.4475,2434.3136,1780.3214,0.00,0.02
418,2407.5554,4.3997,2416.3903,2401.4579,0.00,0.03
419,1440.2426,1114.5977,2438.3515,6.7468,0.00,0.02
420,2249.5870,588.1272,2418.4617,-28.1218,0.00,0.03
421,2402.4146,6.9485,2422.8841,2396.7462,0.00,0.03
422,659.0312,911.4837,2434.0347,-37.3498,0.00,0.01
423,2403.4039,3.2113,2409.0896,2397.0817,0.00,0.03
424,1497.6384,1082.5722,2439.8900,-27.3687,0.00,0.01
425,2399.4130,2.8697,2406.5302,2396.2922,0.00,0.04
426,2026.6742,854.8233,2441.5947,-7.5998,0.00,0.01
427,2403.9765,3.1357,2410.4205,2399.1889,0.00,0.03
428,1867.7886,891.6955,2440.9738,-12.5674,0.00,0.01
429,2400.1347,2.0029,2405.9340,2397.7382,0.00,0.04
430,2416.1648,10.2256,2440.4033,2402.7266,0.00,0.02
431,-31.5012,6.4018,-17.4700,-37.4927,0.00,0.02
432,1805.9602,942.2205,2441.0165,31.6868,0.00,0.01
433,2408.8870,6.4667,2424.3815,2401.3443,0.00,0.03
434,519.0861,935.6241,2440.4862,-32.4905,0.00,0.01
435,2417.0581,8.2171,2438.1084,2404.1262,0.00,0.02
436,141.0154,594.4687,2441.2294,-37.4178,0.00,0.02
437,1724.9909,1059.2973,2439.4689,-32.4910,0.00,0.01
438,2398.8614,3.9997,2413.4360,2396.7216,0.00,0.04
439,2280.8827,537.9716,2436.3818,197.8439,0.00,0.02
440,2404.8501,7.5796,2426.6205,2397.9185,0.00,0.03
441,389.0110,797.6847,2437.9889,-32.9280,0.00,0.01
442,2132.8276,748.8596,2432.8798,16.8221,0.03,0.02
443,2331.3091,244.0030,2401.4379,1386.6814,2.68,0.05
444,2393.6438,14.1686,2400.3859,2339.0511,0.01,0.04
445,2402.5638,3.9209,2412.6638,2397.7953,0.00,0.03
446,1635.4467,1039.7754,2435.7624,-7.6260,0.00,0.01
447,2404.3362,3.6491,2410.1792,2398.9230,0.00,0.03
448,1083.6950,1190.3835,2436.9348,-22.4768,0.00,0.01
449,2403.9131,4.9755,2414.2798,2398.8648,0.00,0.03
450,309.6253,805.6058,2439.8197,-32.5039,0.00,0.01
451,2418.1258,10.0372,2438.6069,2403.3984,0.00,0.02
452,-28.2834,6.7333,-17.7243,-37.5449,0.00,0.03
453,2174.6393,672.1577,2433.7469,6.7415,0.00,0.02
454,2399.7351,2.0047,2403.1421,2396.9978,0.00,0.04
455,2131.5796,780.8899,2439.8708,46.0850,0.00,0.01
456,2405.3687,3.9592,2410.6596,2398.5710,0.00,0.03
457,1729.6453,1048.6407,2434.1961,16.6142,0.00,0.01
458,2401.4747,3.3917,2408.7172,2397.4921,0.00,0.03
459,1635.0013,1038.1855,2439.7009,-3.1241,0.00,0.01
460,2402.9088,4.7803,2418.0859,2398.1356,0.00,0.03
461,1103.2050,1174.4260,2438.6051,-13.0096,0.00,0.01
462,2400.1434,2.0006,2403.9795,2397.3064,0.00,0.04
463,2305.6018,445.7550,2440.5812,579.6007,0.00,0.02
464,2297.5349,404.2966,2414.7938,731.7923,0.00,0.03
465,2396.8776,1.9211,2400.2696,2391.7671,0.01,0.04
466,2305.2746,411.8822,2427.6879,710.3554,0.00,0.03
467,2409.6736,7.2538,2420.9253,2399.2847,0.00,0.03
468,124.3884,584.1958,2386.9429,-30.7183,0.00,0.03
469,2384.1277,12.4250,2393.1232,2338.8501,0.00,0.04
470,2035.0825,776.3166,2437.5854,-37.5370,0.00,0.03
471,2243.5860,586.5333,2395.2696,-28.0474,0.00,0.04
472,2395.2583,0.6653,2397.4766,2394.8809,0.00,0.04
473,1055.0910,1191.6755,2434.4982,-37.3427,0.00,0.03
474,2387.5861,19.8094,2395.0608,2330.1609,0.00,0.04
475,2397.2134,6.2940,2420.9084,2395.0251,0.00,0.04
476,168.4204,609.1982,2439.8250,-37.6986,0.00,0.03
477,1947.4330,943.3286,2418.8858,-37.6526,0.00,0.03
478,2395.2809,0.1254,2395.5623,2395.0733,0.00,0.04
479,2398.6275,4.5095,2415.7895,2396.1580,0.00,0.04
480,1108.1365,1172.2107,2440.8483,-30.3751,0.00,0.02
481,2398.1353,2.1614,2404.2714,2395.9654,0.00,0.04
482,2296.4305,427.7595,2419.5766,639.9886,0.00,0.03
483,2405.1620,5.7353,2419.4529,2397.9654,0.00,0.03
484,1096.6113,1059.5362,2437.8438,-17.8785,0.00,0.01
485,2412.7561,9.4753,2437.2831,2399.0867,0.00,0.03
486,289.4453,801.5326,2414.5323,-27.9710,0.00,0.03
487,1990.7552,857.9346,2411.2170,21.5113,0.00,0.03
488,2396.6142,0.6316,2398.1580,2395.7692,0.00,0.04
489,2396.9626,0.2718,2397.5347,2396.5122,0.00,0.04
490,2400.7671,8.9670,2434.3484,2396.8445,0.00,0.03
491,1152.2915,1142.3208,2441.0403,21.5390,0.00,0.01
492,2424.2972,8.3002,2440.3029,2404.3854,0.00,0.02
493,293.5458,796.3722,2402.8883,-27.8833,0.00,0.02
494,2245.9679,583.2559,2398.0524,-12.9706,0.00,0.04
495,2396.2581,0.4040,2396.9061,2395.6544,0.00,0.04
496,2397.1609,0.2641,2397.7682,2396.8217,0.00,0.04
497,1865.7883,974.1513,2440.1278,6.7471,0.00,0.01
498,2400.7867,5.0188,2411.1445,2396.8364,0.00,0.03
499,2266.4001,579.6629,2432.5361,21.5319,0.00,0.02
500,2401.1042,5.8476,2422.0995,2396.2685,0.00,0.03
501,1399.4010,1149.6581,2414.3903,-22.8862,0.00,0.03
502,2395.4960,0.6810,2397.4264,2395.0260,0.00,0.04
503,2396.4423,0.5173,2397.2806,2395.5266,0.00,0.04
504,2395.7886,0.8488,2398.4348,2395.1027,0.00,0.04
505,2096.1734,802.9542,2418.9384,-28.1500,0.00,0.04
506,994.7607,955.0224,2419.7022,316.2710,0.00,0.04
507,2212.5856,516.0176,2436.1417,842.4181,0.00,0.03
508,2397.4109,0.7786,2398.8298,2396.3271,0.00,0.04
509,2118.4197,781.3836,2436.6396,31.6860,0.00,0.02
510,2032.1994,773.0631,2434.9815,359.8743,0.01,0.03
511,2401.0504,7.2763,2424.1709,2397.0748,0.00,0.03
512,1742.8509,1012.7939,2432.0743,-17.9348,0.00,0.02
513,2397.7044,1.2940,2400.9311,2395.8733,0.00,0.04
514,2417.3529,9.6137,2434.9853,2401.0297,0.00,0.02
515,-33.1389,5.5365,-22.4545,-37.5544,0.00,0.03
516,1727.3732,1045.0062,2439.4120,6.7605,0.00,0.01
517,2401.0877,3.7071,2410.5147,2397.0746,0.00,0.03
518,1369.3019,1090.1471,2441.2642,-17.7192,0.00,0.01
519,2404.7440,7.1230,2425.0250,2397.2585,0.00,0.03
520,59.4254,175.7509,589.2925,-32.5767,0.00,0.02
521,1267.1184,1168.6869,2432.9844,-17.7786,0.00,0.02
522,2398.8770,4.1321,2413.8515,2395.8875,0.00,0.04
523,1496.5288,1080.9095,2439.2708,-27.6178,0.00,0.01
524,2401.5678,4.4341,2414.2692,2396.0998,0.00,0.03
525,202.5450,616.2653,2435.6380,-32.7531,0.00,0.02
526,2117.7134,807.2243,2431.9789,-22.9141,0.00,0.02
527,1797.5544,943.0863,2435.6834,1.9011,0.00,0.01
528,2401.9491,3.4003,2409.4903,2397.7599,0.00,0.03
529,767.0122,1120.1874,2436.6914,-32.5429,0.00,0.01
530,2401.2220,3.4174,2408.2810,2396.7573,0.00,0.03
531,184.5226,599.2029,2440.8299,-32.3702,0.00,0.01
532,1479.2112,1089.9273,2437.4582,31.6392,0.00,0.01
533,2399.4448,2.8767,2407.4271,2395.7896,0.00,0.04
534,1570.5032,1108.3186,2441.1521,-7.9299,0.00,0.01
535,2400.1332,3.0438,2408.6469,2396.7201,0.00,0.04
536,945.9787,1152.6474,2437.3175,-22.4541,0.00,0.01
537,2402.0661,3.8942,2411.8669,2397.3664,0.00,0.03
538,955.5307,1051.7978,2438.9266,-32.5026,0.00,0.01
539,2411.6100,7.8061,2427.4723,2402.0487,0.00,0.03
540,-16.9883,28.4690,85.5780,-37.3779,0.00,0.02
541,2420.2953,6.0382,2431.8864,2408.0648,0.00,0.02
542,51.4374,232.6821,930.7748,-37.5817,0.00,0.02
543,2155.3199,706.3476,2439.8477,7.2217,0.00,0.02
544,2399.4571,2.5517,2405.8358,2396.5057,0.00,0.04
545,1396.4355,1170.5126,2436.9070,-2.6952,0.00,0.01
546,2403.7360,4.3927,2412.2710,2397.9044,0.00,0.03
547,330.7290,808.5525,2439.8467,-32.5713,0.00,0.01
548,2423.4929,11.1360,2439.9361,2405.8425,0.00,0.02
549,-33.0953,8.0633,-7.5877,-37.6520,0.00,0.03
550,1890.0824,943.9198,2440.7701,-32.3154,0.00,0.01
551,2399.9308,2.0828,2404.0669,2396.3766,0.00,0.04
552,1944.5780,843.2916,2434.0277,2.2452,0.00,0.01
553,2401.1017,4.0482,2408.5442,2396.6093,0.00,0.03
554,-11.7030,23.7775,56.2154,-37.4692,0.00,0.02
555,2414.9580,6.2972,2426.9109,2404.3986,0.00,0.02
556,296.7968,808.1300,2437.1487,-32.5111,0.00,0.01
557,2157.2598,684.7582,2433.2024,51.1792,0.00,0.02
558,2402.0710,4.2612,2412.9927,2397.0308,0.00,0.03
559,792.6586,1113.4135,2436.0364,-32.3790,0.00,0.01
560,2400.5090,3.6288,2408.7924,2396.4245,0.00,0.03
561,354.7149,817.2895,2430.3535,-37.4265,0.00,0.01
562,2413.2014,6.9373,2427.6706,2400.7429,0.00,0.02
563,34.8826,71.1228,178.5651,-37.4322,0.00,0.01
564,2264.9436,574.1470,2430.3383,41.4890,0.00,0.02
565,2398.6431,3.5266,2410.1443,2395.4920,0.00,0.04
566,169.5615,603.1865,2432.5926,-28.5727,0.00,0.03
567,2152.7368,691.0311,2425.4747,70.7751,0.00,0.02
568,2401.6770,5.1427,2417.6719,2397.2590,0.00,0.03
569,496.7229,952.5273,2438.7076,-32.5975,0.00,0.02
570,2298.2809,447.6216,2436.2567,565.0379,0.00,0.02
571,2400.3282,3.6025,2406.5470,2396.1388,0.00,0.04
572,758.8020,1127.4494,2438.0022,-32.4794,0.00,0.01
573,2400.1815,4.9226,2416.1647,2395.8768,0.00,0.04
574,604.2702,922.1266,2434.8775,-27.6813,0.00,0.01
575,2402.4408,6.4958,2425.1589,2396.8789,0.00,0.03
576,753.6620,1130.1875,2441.3586,-32.4800,0.00,0.01
577,2399.5764,6.5069,2417.9479,2395.2911,0.00,0.04
578,438.8019,786.7180,2432.6798,-27.7328,0.00,0.01
579,2404.4433,8.6244,2429.6675,2395.7154,0.00,0.03
580,-19.1437,13.2540,11.7523,-27.8666,0.00,0.03
581,2414.8621,11.6243,2439.0705,2396.6438,0.00,0.02
582,211.7657,351.7781,886.9667,-22.8090,0.00,0.01
583,2318.1111,384.9443,2438.8505,828.2101,0.00,0.02
584,2404.9621,7.5724,2422.8398,2395.8011,0.00,0.03
585,344.9806,803.8117,2440.4588,-22.9764,0.00,0.02
586,2417.1017,10.1119,2432.1819,2400.3289,0.00,0.02
587,-1.5616,60.6904,227.2954,-32.6453,0.00,0.02
588,1557.0485,935.3154,2440.6687,16.8788,0.00,0.01
589,1373.9904,1084.2986,2441.3028,-17.5160,0.00,0.01
590,836.6358,786.4951,2435.1336,134.3176,0.00,0.02
591,779.6861,954.2136,2437.3238,-22.4436,0.00,0.02
592,2394.5133,2.0031,2400.7251,2390.5732,0.00,0.04
593,1552.0399,967.5563,2402.1815,294.8442,0.00,0.03
594,2395.0657,0.5984,2397.2083,2394.6104,0.00,0.04
595,1524.5516,894.0903,2402.5801,299.6618,0.00,0.03
596,2395.0158,0.6163,2395.8452,2393.4639,0.00,0.04
597,2397.5177,1.7879,2402.5562,2395.5047,0.00,0.04
598,1688.2916,968.8519,2432.2297,31.4817,0.00,0.01
599,2398.8831,2.1781,2403.0278,2395.3989,0.00,0.04
600,10.9974,54.4116,193.1771,-27.5112,0.00,0.01
601,2053.6421,815.7088,2435.5038,2.1941,0.00,0.02
602,2404.2190,4.8667,2414.0711,2397.2184,0.00,0.03
603,133.3244,591.1967,2422.4186,-37.5136,0.00,0.02
604,2277.1224,536.8426,2429.9704,198.1184,0.00,0.02
605,2399.8371,1.8591,2403.0529,2396.6177,0.00,0.04
606,2126.2211,793.6555,2439.1526,16.6607,0.00,0.01
607,2401.3124,3.2100,2408.6626,2396.5571,0.00,0.03
608,933.7481,1160.8727,2435.2842,-27.9546,0.00,0.02
609,2237.6123,567.1259,2441.3812,92.7990,0.00,0.02
610,2406.8301,4.5260,2415.5857,2400.1156,0.00,0.03
611,1046.5784,1210.1502,2436.5970,-32.8008,0.00,0.02
612,2261.2543,592.2564,2429.2225,-32.3719,0.00,0.02
613,2403.2288,3.7039,2411.0190,2398.0124,0.00,0.03
614,381.2141,802.1805,2432.4156,-27.4402,0.00,0.01
615,2259.3365,591.8264,2426.0798,-32.6734,0.00,0.03
616,2401.3314,2.5447,2405.9911,2397.8561,0.00,0.03
617,897.5769,1058.0725,2437.8277,-17.5196,0.00,0.01
618,2401.8128,2.6374,2406.4985,2397.6167,0.00,0.03
619,2083.3573,721.7095,2437.9776,315.5465,0.00,0.01
620,2406.7973,7.3848,2428.6878,2399.3078,0.00,0.03
621,33.8360,150.7767,603.5136,-37.4571,0.00,0.01
622,2283.1348,544.8115,2436.4725,173.2926,0.00,0.01
623,2408.8627,5.4892,2420.2641,2400.8967,0.00,0.03
624,210.4739,594.7598,2433.5679,-37.4961,0.00,0.01
625,2322.6376,378.7120,2434.2943,856.2378,0.00,0.01
626,2413.2922,10.6787,2437.0292,2400.4234,0.00,0.02
627,-33.1342,6.1058,-12.5608,-37.6682,0.00,0.03
628,2322.9953,381.0945,2439.8583,847.4211,0.00,0.02
629,2391.4809,66.1423,2417.6589,2136.1691,0.01,0.03
630,2405.2924,4.0717,2414.3614,2399.5602,0.00,0.03
631,844.8323,1092.5661,2435.1128,-32.5948,0.00,0.01
632,2398.2799,3.4210,2405.4417,2392.3859,0.00,0.03
633,2256.4106,587.2099,2421.4109,-17.7501,0.00,0.03
634,2397.2824,1.9869,2401.8308,2393.1332,0.00,0.04
635,2410.6671,6.2095,2425.7948,2401.9181,0.00,0.03
636,699.3533,1033.2570,2440.7685,-32.3699,0.00,0.01
637,2262.9577,569.8039,2418.9444,56.1923,0.00,0.03
638,2274.6796,477.7365,2401.7348,424.4222,0.00,0.04
639,2397.4755,0.9092,2399.0072,2395.7800,0.00,0.04
640,2407.2781,5.4644,2420.2449,2398.9441,0.00,0.03
641,-7.7305,30.2956,65.9968,-37.6040,0.00,0.02
642,2120.5044,783.4685,2434.0263,25.1810,0.00,0.02
643,2001.8235,884.0781,2436.3267,26.7678,0.00,0.01
644,2402.8065,2.5786,2407.8274,2398.8415,0.00,0.03
645,1970.4301,944.7472,2435.5434,-7.6597,0.00,0.01
646,2398.8861,1.3542,2401.8461,2396.3698,0.00,0.04
647,2271.0417,573.1912,2431.9138,51.2833,0.00,0.02
648,2401.7939,3.2071,2410.9323,2397.4795,0.00,0.03
649,1409.5817,1168.0862,2436.8046,-32.3970,0.00,0.01
650,2401.8501,4.0429,2415.6694,2397.7152,0.00,0.03
651,1280.7147,1161.7380,2441.1039,-22.4307,0.00,0.01
652,2410.9569,5.4894,2424.1507,2403.6892,0.00,0.03
653,701.1211,1017.2270,2440.6052,-27.4177,0.00,0.01
654,2415.6263,11.0972,2441.0710,2402.0645,0.00,0.02
655,-34.6504,5.0021,-22.4317,-37.6259,0.00,0.03
656,1825.7423,1040.3715,2437.7787,-22.4087,0.00,0.01
657,2401.1720,3.0639,2409.2801,2397.3638,0.00,0.03
658,1407.0228,1163.6094,2439.2889,-27.3839,0.00,0.01
659,2401.4499,2.8691,2409.4153,2398.4529,0.00,0.03
660,2412.3410,4.8714,2422.5771,2404.2641,0.00,0.03
661,667.0071,1036.6892,2440.2215,-22.4440,0.00,0.01
662,2261.7741,569.5864,2431.2302,56.1629,0.00,0.02
663,2381.5182,10.2185,2396.2473,2354.1297,0.00,0.04
664,2401.4214,5.0152,2412.5592,2393.8036,0.00,0.03
665,1685.8530,1104.9432,2439.9424,-32.8336,0.00,0.01
666,2403.7571,4.3203,2414.6517,2397.5291,0.00,0.03
667,376.6626,807.9303,2439.0092,-32.3341,0.00,0.01
668,2421.2534,8.5697,2436.9507,2410.7278,0.00,0.02
669,443.4818,956.3547,2439.8404,-37.3872,0.00,0.02
670,2404.8658,3.9173,2411.1273,2399.2176,0.00,0.03
671,952.6530,1042.0256,2436.4704,-32.8451,0.00,0.01
672,2412.8035,7.8625,2427.5555,2399.2847,0.00,0.02
673,-0.4416,61.7614,168.7873,-37.4582,0.00,0.02
674,2422.5433,11.5552,2440.8458,2405.6885,0.00,0.02
675,-36.2580,2.2125,-32.3548,-37.7144,0.00,0.03
676,40.4429,223.3611,901.0089,-37.6489,0.00,0.02
677,1994.9591,898.1282,2439.4082,-32.8583,0.00,0.02
678,2400.7389,2.2819,2404.1960,2396.0344,0.00,0.03
679,1168.8824,1141.4945,2437.8687,-22.4806,0.00,0.01
680,2110.2357,784.4773,2413.7786,1.9207,0.00,0.03
681,2410.3281,8.2484,2433.7348,2402.2043,0.00,0.03
682,-12.3634,30.1655,80.6794,-37.4529,0.00,0.02
683,2425.5077,7.9528,2440.5655,2413.1198,0.00,0.02
684,-2.2423,47.4701,124.7492,-37.3770,0.00,0.02
685,2415.5771,6.6217,2426.9613,2402.9949,0.00,0.02
686,29.9262,142.1190,569.8300,-32.4147,0.00,0.01
687,1586.4121,1108.4981,2441.3340,-22.4569,0.00,0.01
688,2403.4358,3.8214,2411.0069,2397.2724,0.00,0.03
689,828.8902,1089.2564,2436.9246,-32.3543,0.00,0.01
690,2408.1113,3.9061,2415.3622,2400.5839,0.00,0.03
691,1152.3387,1145.7462,2440.9551,-32.4299,0.00,0.01
692,2404.1998,6.1224,2418.7345,2397.4678,0.00,0.03
693,297.0015,807.6999,2438.4773,-37.4609,0.00,0.02
694,2413.9222,6.8421,2426.3184,2405.5810,0.00,0.02
695,293.8835,811.0303,2439.4771,-37.3602,0.00,0.01
696,2305.3090,444.4075,2440.7064,584.3756,0.00,0.02
697,2404.6869,4.6719,2414.6243,2399.1649,0.00,0.03
698,1188.7878,1124.1356,2439.9712,-32.4360,0.00,0.01
699,2411.3407,8.8090,2435.5660,2402.4428,0.00,0.03
700,-18.8019,16.9075,12.0510,-37.5048,0.00,0.02
701,2413.8374,6.0905,2422.5314,2402.9943,0.00,0.02
702,68.0439,237.0960,877.0218,-32.5141,0.00,0.01
703,2421.5736,8.6424,2436.4491,2407.5820,0.00,0.02
704,-22.1991,17.6404,41.4802,-37.4742,0.00,0.02
705,2136.2665,772.9618,2441.1965,7.1329,0.00,0.01
706,2407.9114,7.1153,2422.3034,2399.0875,0.00,0.03
707,-7.5427,71.5406,266.6333,-37.4363,0.00,0.02
708,1915.7722,896.4393,2439.2991,110.0652,0.00,0.01
709,2401.5829,2.3467,2405.1269,2398.1520,0.00,0.03
710,1990.3843,780.9099,2437.2004,70.8951,0.00,0.01
711,2407.2851,4.8708,2418.2114,2398.6396,0.00,0.03
712,87.7460,232.0203,935.8295,-32.3716,0.00,0.01
713,2422.7584,5.9208,2434.8352,2414.3898,0.00,0.02
714,43.6027,179.5326,686.7910,-37.4532,0.00,0.02
715,2421.6485,6.3362,2433.9039,2410.7608,0.00,0.02
716,375.4400,802.1632,2440.6023,-32.4293,0.00,0.01
717,2411.3654,6.5661,2423.5139,2402.6267,0.00,0.03
718,50.9322,233.5715,945.6096,-37.4380,0.00,0.01
719,2084.7100,804.9124,2441.2309,-22.4040,0.00,0.02
720,2399.0598,2.4754,2404.3885,2396.2436,0.00,0.04
721,1429.2767,1145.0883,2440.5562,-17.5072,0.00,0.01
722,2405.9411,5.3689,2417.3963,2398.4825,0.00,0.03
723,246.9915,623.9802,2434.9888,-32.4936,0.00,0.01
724,2415.3707,7.5576,2428.0256,2404.3268,0.00,0.02
725,-20.1677,43.9913,149.2177,-37.6188,0.00,0.02
726,2277.2207,562.1388,2437.0118,100.2746,0.00,0.02
727,2407.5523,6.6030,2422.2043,2398.9229,0.00,0.03
728,204.6033,614.6635,2426.9522,-37.4092,0.00,0.01
729,2415.3089,8.8620,2437.5821,2401.9408,0.00,0.02
730,-29.9301,7.6478,-7.6352,-37.3699,0.00,0.02
731,1678.3380,1003.7435,2440.9130,-17.4737,0.00,0.01
732,2408.2051,3.8840,2416.0421,2402.9251,0.00,0.03
733,1644.9899,1039.4085,2437.3166,-27.3793,0.00,0.01
734,2399.1619,1.8215,2402.7221,2397.0995,0.00,0.04
735,2420.8274,9.0608,2436.6867,2404.9017,0.00,0.02
736,-27.4657,11.0993,-2.6827,-37.5219,0.00,0.02
737,2275.9656,573.2213,2440.1321,56.2020,0.00,0.02
738,2407.3984,5.9599,2423.7198,2399.5932,0.00,0.03
739,204.0894,614.0525,2427.3258,-32.3685,0.00,0.01
740,2420.1817,10.1988,2436.5565,2405.8842,0.00,0.02
741,125.4525,596.1988,2434.3064,-37.5997,0.00,0.02
742,2127.4159,780.2232,2437.4220,26.7694,0.00,0.02
743,2400.6193,2.7572,2406.6697,2397.0058,0.00,0.03
744,2010.3324,877.1802,2440.0511,-32.4186,0.00,0.01
745,2401.2778,3.3822,2409.0143,2396.3883,0.00,0.03
746,457.0273,949.7743,2439.9809,-32.3459,0.00,0.01
747,2410.1755,6.0595,2421.3150,2400.4162,0.00,0.03
748,204.3114,616.2810,2441.1632,-32.4984,0.00,0.01
749,1917.9594,879.5607,2441.1961,144.3206,0.00,0.01
750,2254.1011,569.9441,2406.9746,46.7344,0.00,0.03
751,2399.4126,1.9457,2404.8464,2397.2383,0.00,0.04
752,2194.7392,595.1958,2434.8833,565.0124,0.00,0.02
753,2401.8746,3.0469,2410.8522,2398.9025,0.00,0.03
754,1126.0524,1167.1679,2438.4424,-37.4343,0.00,0.01
755,2400.5418,3.0716,2410.1171,2397.6111,0.00,0.03
756,1438.6614,1145.2395,2439.7177,-17.4889,0.00,0.01
757,2410.9851,9.5613,2434.8447,2400.8200,0.00,0.03
758,-34.2258,13.2193,16.9709,-37.7293,0.00,0.03
759,582.8000,924.3519,2437.7880,-32.4484,0.00,0.01
760,2304.1482,444.1419,2433.2331,584.3993,0.00,0.02
761,2404.1394,5.1067,2415.9424,2397.7613,0.00,0.03
762,347.2378,815.8178,2437.9774,-37.3406,0.00,0.01
763,2411.4561,8.7912,2431.2409,2400.3884,0.00,0.03
764,-8.0659,39.8994,114.9575,-37.4607,0.00,0.02
765,2123.1019,628.1925,2439.1234,725.8451,0.00,0.01
766,2405.0302,3.8986,2411.1520,2398.6030,0.00,0.03
767,1316.8725,1141.7534,2436.6313,-32.4905,0.00,0.01
768,2400.3714,3.9069,2410.3425,2395.9439,0.00,0.04
769,934.3850,1164.7235,2435.6571,-37.5575,0.00,0.02
770,2400.9708,2.6494,2406.7422,2396.8127,0.00,0.03
771,2164.6681,695.0816,2436.9456,21.8613,0.00,0.02
772,2403.5639,5.2018,2412.6807,2397.1355,0.00,0.03
773,379.4115,820.6168,2437.2530,-37.7266,0.00,0.02
774,2403.2974,6.7468,2425.1250,2397.0941,0.00,0.03
775,-34.2023,12.0099,12.0564,-37.7295,0.00,0.03
776,669.6964,1023.0371,2438.1636,-37.7300,0.00,0.03
777,1963.1332,946.7698,2433.9898,-17.4938,0.00,0.02
778,2398.6836,1.9938,2403.5633,2396.0556,0.00,0.04
779,2009.4633,866.6883,2430.1950,-7.6051,0.00,0.02
780,2399.2670,2.2113,2404.9896,2396.8524,0.00,0.04
781,2279.5156,553.9364,2441.1569,134.5350,0.00,0.02
782,2405.3825,4.9609,2416.3844,2397.5194,0.00,0.03
783,245.8924,608.5083,2435.8814,-32.4530,0.00,0.01
784,2419.1642,10.3946,2440.0044,2402.8287,0.00,0.02
785,-21.3133,29.6270,90.4744,-37.3768,0.00,0.02
786,1567.1705,1115.1533,2440.0790,-27.4536,0.00,0.01
787,2399.7139,2.5333,2405.8517,2396.7268,0.00,0.04
788,930.4655,1162.9263,2440.4100,-37.3533,0.00,0.01
789,2404.0796,6.4978,2422.2661,2397.3664,0.00,0.03
790,174.7625,609.1515,2421.0950,-37.6544,0.00,0.02
791,2414.1439,8.0633,2433.7083,2404.4503,0.00,0.02
792,-16.9431,19.8710,36.5887,-32.4684,0.00,0.02
793,1336.8488,1123.1136,2440.9669,-12.5933,0.00,0.01
794,2399.9852,2.2014,2406.0016,2396.7962,0.00,0.04
795,2301.1607,439.5495,2427.3462,598.9891,0.00,0.02
796,2400.3801,3.3489,2410.7954,2396.5774,0.00,0.03
797,576.5252,933.3368,2440.6758,-37.3710,0.00,0.01
798,2405.8364,5.9550,2418.7679,2398.8238,0.00,0.03
799,355.6351,817.0103,2438.4231,-37.4470,0.00,0.02
0,99.9123,174.0866,536.9502,-65.9938,36.19,0.03
1,298.8856,338.3632,1073.5616,-72.8174,35.98,0.09
2,1595.9824,433.2905,2101.0733,217.3427,0.00,0.03
3,1829.8185,735.0737,2438.8583,391.5383,0.00,0.01
4,2188.1795,231.1443,2373.1317,1373.2326,0.00,0.02
5,1464.8778,1048.1395,2439.4357,118.6676,0.00,0.02
6,863.7860,1080.2468,2453.5569,-16.6467,0.00,0.01
7,2286.2542,497.9779,2471.2395,397.9534,0.00,0.02
8,1553.3127,911.5628,2444.7187,267.1191,0.00,0.03
9,2130.8694,630.2630,2456.1533,481.8621,0.00,0.03
10,2389.6040,35.3815,2436.6847,2286.7836,0.00,0.04
11,2446.9464,6.2923,2461.3302,2433.9609,0.00,0.03
12,2308.7818,587.4384,2482.3170,33.9921,0.00,0.03
13,2450.2152,4.6942,2457.9355,2441.6673,0.00,0.03
14,844.5216,1014.4381,2485.1006,-20.8800,0.00,0.01
15,1880.2212,878.8506,2479.3873,91.7108,0.00,0.03
16,2444.7254,8.1803,2468.0092,2433.4124,0.00,0.04
17,2466.1231,10.5996,2488.7821,2450.9430,0.00,0.02
18,-40.2491,5.7946,-21.0709,-45.9267,0.00,0.02
19,408.2617,636.8741,2487.5653,-21.0640,0.00,0.01
20,406.8055,787.8209,2469.6175,-40.8846,0.00,0.02
21,1205.8506,1230.6187,2480.7025,-46.3589,0.00,0.02
22,2429.4681,15.0305,2445.1911,2389.8429,0.00,0.04
23,2300.1410,565.1549,2448.4397,111.3104,0.00,0.04
24,2449.3247,8.3820,2480.6253,2444.6208,0.00,0.03
25,1103.9749,1201.4903,2488.9931,-40.8453,0.00,0.02
26,2426.2742,140.9696,2489.8110,1882.6783,0.00,0.02
27,1754.2623,915.5436,2463.2582,251.5477,0.00,0.03
28,2385.1335,206.3385,2475.5989,1598.6059,0.00,0.03
29,2299.9078,564.3566,2455.6311,114.2127,0.00,0.03
30,2446.8205,1.6600,2449.5194,2443.9518,0.00,0.04
31,2021.2596,933.4165,2487.8464,48.9801,0.00,0.02
32,2469.0912,8.1617,2482.3170,2453.1259,0.00,0.02
33,169.4657,608.0543,2490.3602,-41.3093,0.00,0.01
34,2227.8941,671.4335,2488.6523,104.3156,0.00,0.01
35,2434.3242,34.8347,2462.8300,2319.3375,0.00,0.03
36,2264.4073,521.6122,2483.0330,675.3836,0.00,0.03
37,2446.6855,7.7673,2459.1852,2430.3914,0.00,0.03
38,2210.9557,692.3976,2488.5541,49.0476,0.00,0.02
39,2431.2862,57.8484,2449.5875,2207.5064,0.00,0.04
40,2440.7989,7.0114,2446.6240,2423.7786,0.04,0.04
41,2385.4338,164.6236,2454.3479,1923.7330,0.00,0.04
42,2441.6938,6.8323,2446.1454,2418.2054,0.00,0.04
43,2450.9790,3.7083,2460.4348,2446.0607,0.00,0.03
44,382.1197,823.0654,2487.0416,-36.5472,0.00,0.01
45,2469.0321,9.1144,2489.0140,2453.6926,0.00,0.02
46,-19.1231,30.1334,84.5991,-46.2228,2.69,0.04
47,1539.9615,1087.0902,2491.0285,8.7176,0.49,0.01
48,2461.7422,7.2783,2480.6916,2453.5252,0.00,0.03
49,63.1662,242.7759,878.2021,-44.3204,2.81,0.03
50,1121.3634,1196.2315,2487.6146,-32.0245,0.38,0.02
51,1455.7996,970.1351,2458.6387,231.4428,0.08,0.04
52,2093.5964,546.8103,2421.1989,373.9172,0.19,0.04
53,2403.4309,31.5914,2441.7877,2346.0406,0.01,0.04
54,2378.5675,280.7557,2467.9249,1291.4022,0.00,0.03
55,2445.5785,5.2322,2457.5495,2435.1097,0.00,0.04
56,990.0312,1162.5602,2491.1752,-21.1097,0.49,0.01
57,2456.5542,5.8948,2471.8687,2448.0924,0.00,0.03
58,541.8560,944.2043,2491.2078,-11.4086,0.00,0.01
59,1520.8890,1053.9900,2489.8265,143.0437,0.25,0.02
60,2340.0690,479.5939,2484.5210,483.0558,0.00,0.02
61,2448.4334,3.0754,2457.4847,2445.3137,0.00,0.04
62,780.1801,1144.7820,2488.8627,-34.2418,2.31,0.02
63,2450.0257,3.9908,2462.0897,2446.0162,0.00,0.04
64,1630.2248,1096.7295,2485.8851,-13.0552,0.29,0.02
65,2332.8142,421.1675,2476.2061,710.5839,0.31,0.03
66,2457.8055,9.1132,2477.9901,2445.7084,0.00,0.03
67,182.6422,593.6913,2463.0155,-30.7778,0.54,0.02
68,1663.0526,1041.8438,2478.5869,63.2811,0.00,0.03
69,2317.2326,571.5132,2476.5192,103.9931,0.00,0.02
70,2312.2915,394.2943,2457.9560,898.2536,0.00,0.03
71,2295.7242,564.9147,2486.6241,109.1425,0.00,0.02
72,2296.8286,549.9761,2471.2118,167.4707,0.00,0.03
73,2165.9339,753.1138,2468.0606,142.6468,0.00,0.03
74,2035.6584,709.7142,2446.3094,397.9354,0.00,0.04
75,2439.4072,7.7201,2447.8727,2420.1581,0.00,0.04
76,2445.2868,1.6372,2449.3599,2441.1458,0.00,0.04
77,2450.6533,2.7426,2456.3195,2446.1184,0.00,0.03
78,968.8973,1171.7235,2480.3420,-16.0435,0.00,0.01
79,2453.4806,10.2728,2487.4282,2447.4107,0.00,0.03
80,518.2542,956.2202,2489.8620,-35.8327,0.00,0.02
81,2452.5500,5.8694,2467.8540,2446.7087,0.00,0.03
82,515.5744,968.1555,2485.4345,-21.1332,0.00,0.02
83,2461.4854,10.2644,2490.4559,2448.0195,0.00,0.03
84,39.0099,236.4043,951.4089,-43.5392,0.00,0.02
85,1614.1774,1126.0671,2490.4084,8.9884,0.00,0.01
86,2452.1322,4.1712,2460.3253,2446.6316,0.00,0.03
87,17.2075,116.7099,458.2225,-40.9324,0.00,0.02
88,2116.0166,741.0484,2485.9816,391.2166,0.00,0.02
89,2467.6799,11.3744,2489.6247,2453.4762,0.00,0.02
90,699.9871,1018.1463,2468.3058,13.2549,0.00,0.03
91,1730.4539,1071.6940,2463.9479,73.2524,0.00,0.03
92,1878.2998,995.2243,2466.6757,-0.9824,0.00,0.03
93,2452.8366,10.5412,2489.7452,2446.0941,0.00,0.03
94,-43.4498,6.4995,-20.9602,-48.3006,0.00,0.03
95,1535.6355,1212.8070,2488.0642,-45.8983,0.00,0.02
96,2093.7750,761.7732,2459.9042,156.2272,0.00,0.03
97,2158.9538,767.5103,2453.0637,116.0914,0.00,0.04
98,2449.7089,4.4001,2463.8793,2445.7650,0.00,0.04
99,468.8404,971.3388,2487.9470,-46.0507,0.00,0.02
100,2454.8108,4.3828,2463.1459,2448.6302,0.00,0.03
101,466.6227,974.1555,2486.0324,-46.0639,0.45,0.02
102,2453.0560,3.4365,2459.8203,2448.3422,0.00,0.03
103,1697.8144,1160.8614,2491.2260,-41.0609,0.00,0.01
104,2452.2349,4.2082,2462.8831,2446.9928,0.00,0.03
105,521.9157,953.0272,2490.5189,-32.5404,0.00,0.01
106,2469.5016,7.8307,2484.0690,2456.1145,0.00,0.02
107,121.9713,548.8982,2246.1718,-40.3688,0.00,0.03
108,161.6032,603.3554,2481.7837,-43.0308,0.00,0.03
109,1940.8115,932.6973,2489.3906,109.3339,0.00,0.02
110,2458.4297,8.3537,2472.1067,2435.1360,0.00,0.03
111,2060.7500,865.5152,2485.3291,-2.0937,0.00,0.01
112,1795.6282,990.8651,2481.5648,175.8733,0.00,0.03
113,2318.4271,579.5224,2483.6187,74.2760,0.00,0.02
114,2448.7173,2.7004,2456.2106,2444.2167,0.00,0.03
115,1732.8263,1097.7618,2490.5327,-0.7267,0.00,0.01
116,2435.4696,11.3088,2454.0776,2410.9891,0.00,0.04
117,2454.5633,8.2523,2476.5292,2439.7461,0.00,0.03
118,778.8728,1149.3701,2491.1219,-21.2880,0.00,0.01
119,2455.6711,5.8432,2465.0524,2447.4197,0.00,0.03
120,616.3143,1070.0607,2491.1844,-30.9572,0.00,0.02
121,2453.3294,12.1758,2480.1887,2421.9556,0.03,0.03
122,411.7024,840.3275,2486.9351,-30.8589,0.00,0.02
123,1329.3887,1044.3897,2487.0543,-15.8565,0.00,0.02
124,2302.4563,569.8024,2480.0124,96.0894,0.00,0.03
125,2446.3698,2.4168,2449.0797,2439.9789,0.00,0.04
126,2448.8832,2.4937,2456.1669,2446.6009,0.00,0.04
127,1769.5298,1056.4412,2487.0919,34.3861,0.00,0.01
128,2452.1644,5.4645,2467.3923,2447.2443,0.00,0.03
129,1036.7122,1132.0614,2486.8530,-15.9771,0.00,0.01
130,2303.6114,578.8252,2463.7999,61.9158,0.00,0.03
131,2449.4377,4.3559,2457.0949,2442.6326,0.00,0.04
132,2066.9211,863.4778,2486.4842,19.9855,0.00,0.02
133,2056.6846,711.1957,2459.8033,493.7101,0.00,0.03
134,2453.1727,5.5805,2464.6959,2446.1349,0.00,0.03
135,1763.1540,1055.8889,2491.3459,54.0007,0.00,0.01
136,2450.9365,3.9805,2458.8002,2446.1493,0.00,0.03
137,834.8737,1099.5458,2483.7319,23.8915,0.00,0.02
138,873.6933,1063.1056,2457.0498,143.8060,0.00,0.04
139,2448.1390,2.1293,2455.8181,2445.5775,0.00,0.04
140,2317.3598,591.0471,2486.5513,28.4543,0.00,0.02
141,2466.0093,8.9685,2484.1207,2456.8277,0.00,0.02
142,141.8985,288.7490,1088.1177,-30.9590,0.35,0.02
143,1067.0004,1092.3865,2440.9452,-9.2266,0.00,0.03
144,1204.0974,987.8488,2447.7758,-23.4524,0.02,0.03
145,239.0691,268.7360,935.4031,-21.7299,2.00,0.03
146,313.6725,212.8937,687.0352,-39.1921,0.31,0.03
147,1092.5489,963.2687,2417.6735,-41.2467,0.00,0.04
148,764.5062,938.2983,2385.6217,-12.4233,0.18,0.03
149,1183.8043,1151.9986,2400.6079,-22.2562,0.23,0.04
150,1676.6293,971.5510,2439.8484,-37.2450,0.11,0.04
151,1941.7200,687.7832,2409.0371,380.5134,0.01,0.04
152,1634.9079,978.9327,2386.2047,-17.3541,0.04,0.04
153,2125.7709,592.2853,2398.4154,197.0749,0.00,0.04
154,1117.7873,1144.1216,2353.9020,-41.8494,0.01,0.04
155,1506.2216,1075.4773,2363.1509,-38.9592,1.10,0.06
156,596.9455,828.6775,2398.0751,-42.4834,0.17,0.04
157,1764.1942,832.3190,2416.0669,-44.3529,0.01,0.04
158,1978.6820,794.6271,2407.3830,213.4579,0.04,0.04
159,1932.8964,684.8661,2414.2706,484.4817,0.02,0.04
160,1942.3576,942.0466,2413.2394,-46.0035,0.00,0.04
161,2166.9947,549.7748,2402.2702,528.2248,0.01,0.04
162,1757.3874,1036.2057,2400.4049,-45.8613,0.93,0.05
163,1220.6748,1113.2508,2391.9132,-26.3858,0.08,0.04
164,1298.1499,1175.8496,2406.2822,-47.0553,0.89,0.04
165,996.5497,865.7187,2402.2820,35.1826,0.14,0.04
166,1991.6133,757.7597,2410.1725,45.9207,0.06,0.04
167,1251.1348,1008.5677,2350.6742,-16.8365,0.00,0.04
168,1626.2929,1040.2972,2406.7999,-7.7358,0.32,0.04
169,1429.9371,1054.0830,2399.0414,-2.9541,0.01,0.03
170,1471.9734,882.4764,2366.8952,-29.4594,0.00,0.04
171,1886.4273,761.3915,2374.3976,-5.7094,0.02,0.04
172,1914.8993,790.5343,2400.7078,113.3842,0.00,0.04
173,1673.2827,989.5374,2414.7230,-22.0527,0.03,0.04
174,749.9138,989.6413,2404.8839,-7.7245,0.05,0.03
175,823.6147,1029.8751,2410.7255,-32.4910,0.03,0.03
176,1907.2426,778.1033,2417.1897,298.4537,0.03,0.04
177,1443.3119,977.2354,2416.2259,5.9286,1.34,0.04
178,1280.0809,1009.5852,2421.0558,-5.1004,0.03,0.04
179,1847.2867,920.6424,2409.3877,31.0980,0.05,0.04
180,1742.0570,978.3466,2423.3553,94.1097,0.05,0.04
181,1420.9845,952.6303,2417.3238,68.7962,0.46,0.04
182,820.1649,839.7983,2441.2941,-2.7765,0.00,0.04
183,1263.1740,920.0402,2420.6921,47.6967,0.00,0.04
184,2381.8155,20.6836,2419.6116,2329.0434,0.05,0.04
185,2185.1833,578.2301,2425.9328,464.1409,0.01,0.04
186,2415.0799,4.2791,2425.5787,2409.1753,0.03,0.04
187,320.3243,561.7382,2426.0156,54.4586,0.00,0.03
188,2309.8336,413.2550,2423.7377,709.3830,0.04,0.04
189,1800.0468,595.3098,2427.7316,906.3930,0.00,0.04
190,2417.0383,3.3380,2422.5532,2411.5530,0.01,0.04
191,2416.8468,3.8296,2422.8056,2408.6638,0.05,0.04
192,2411.0430,16.2999,2427.8220,2356.2928,0.01,0.04
193,2420.3830,3.5388,2425.4162,2409.9805,0.00,0.04
194,1173.1634,983.6780,2429.3304,75.6972,0.00,0.03
195,2304.4937,410.5621,2439.2166,717.5955,0.03,0.04
196,2205.2630,595.1586,2420.3941,-18.4232,0.01,0.04
197,2416.1372,5.7207,2422.6194,2402.2051,0.03,0.04
198,1819.7137,905.5674,2428.2363,146.7022,0.05,0.03
199,1882.8270,885.2869,2420.5046,-27.7691,0.00,0.04
0,237.2938,300.7800,1023.0357,-51.2055,39.91,0.09
1,240.5130,485.5633,1614.2330,-53.2740,10.00,0.04
2,258.9093,475.2231,1873.3927,-56.8635,5.57,0.04
3,584.8203,764.7509,2262.0963,-58.8130,9.07,0.06
4,1678.7681,692.1734,2428.2185,352.1991,0.00,0.03
5,2017.8027,620.9967,2410.9044,233.6636,0.32,0.03
6,943.6023,755.3855,2171.7124,-56.2251,10.04,0.07
7,2099.8627,797.5150,2445.2092,36.9895,0.00,0.03
8,2257.9350,568.4411,2445.5004,-48.7775,3.53,0.05
9,2436.6422,8.8960,2448.5602,2414.8305,0.00,0.04
10,2451.2852,3.1636,2460.2077,2446.6567,0.00,0.03
11,-32.2573,15.0988,9.5298,-45.9725,0.00,0.02
12,2302.4425,503.8093,2484.8500,367.9796,0.00,0.03
13,2456.0725,5.9169,2468.3964,2447.4623,0.00,0.03
14,-39.9151,8.1523,-10.7569,-45.9578,0.00,0.02
15,375.7322,738.3549,2475.8623,-55.4026,3.96,0.07
16,1052.8693,1164.2181,2480.2410,-37.7167,5.00,0.03
17,2072.2742,708.6761,2445.7303,-24.6684,0.00,0.04
18,1653.1579,678.5189,2446.7415,223.7841,0.04,0.06
19,1874.1433,874.5018,2446.2436,-4.7941,1.53,0.05
20,2445.1331,0.1699,2445.5858,2444.7700,0.00,0.04
21,2445.4318,0.4026,2446.8149,2445.0786,0.00,0.04
22,2175.3413,755.4364,2489.0734,-20.6591,0.00,0.02
23,2447.2209,1.2635,2450.3250,2445.7715,0.00,0.04
24,1339.0342,1164.2579,2489.8267,-25.7070,0.00,0.01
25,2448.5751,1.6499,2451.6142,2445.8176,0.00,0.04
26,584.4506,967.5459,2491.1533,-35.7364,0.00,0.01
27,2435.0023,56.7742,2452.8931,2187.6601,0.00,0.04
28,2445.1967,0.2999,2445.9985,2444.4996,0.00,0.04
29,786.4542,1105.9554,2478.9599,-36.0311,0.00,0.02
30,2450.6755,5.8349,2470.2227,2446.0848,0.00,0.03
31,-35.4765,5.4742,-25.8875,-45.9963,0.00,0.03
32,322.5374,498.3562,2444.8868,-11.7775,0.00,0.04
33,156.6752,538.8948,2447.4757,-46.2171,0.00,0.04
34,325.7347,489.5352,2445.1399,125.0127,0.00,0.04
35,48.2249,399.7028,1790.3631,-46.8653,0.00,0.03
36,213.8900,46.7833,338.2400,134.0846,0.00,0.04
37,82.2778,542.3683,2446.3286,-47.5063,0.00,0.04
38,2436.5116,15.3947,2445.3392,2378.5650,0.00,0.04
39,2445.4692,0.3436,2446.5093,2445.1014,0.00,0.04
40,1755.8229,1108.4687,2491.0318,-7.6593,0.00,0.01
41,2451.6157,3.2718,2457.8503,2447.6674,0.00,0.03
42,3.1036,118.1181,403.2727,-46.0813,0.00,0.02
43,2069.6854,611.0921,2475.2970,757.8236,0.00,0.03
44,2446.8117,0.9462,2448.7309,2445.5700,0.00,0.04
45,292.8048,756.2950,2490.2946,-40.9732,0.00,0.01
46,2449.5286,2.1205,2455.8569,2446.1352,0.00,0.04
47,327.9655,662.9219,2475.5780,-30.9538,0.00,0.01
48,889.3415,1161.0983,2488.7062,-41.0711,0.00,0.02
49,2444.3690,0.8222,2445.0565,2441.9948,0.00,0.04
50,2327.3048,515.1679,2447.9983,81.7425,0.00,0.04
51,2167.1989,717.3378,2467.6694,-32.7445,0.00,0.03
52,2445.8597,1.1835,2449.8424,2445.0358,0.00,0.04
53,-27.9388,20.5662,22.9648,-46.2055,0.00,0.03
54,1269.6277,1194.0649,2486.5462,-1.0828,0.00,0.02
55,2326.9696,525.2958,2469.9652,37.4544,0.00,0.04
56,2445.0025,0.0018,2445.0066,2445.0004,0.00,0.04
57,1534.8746,1142.7323,2487.1238,8.8783,0.00,0.02
58,2445.5226,1.3240,2448.9503,2441.7886,0.00,0.04
59,821.4458,940.6386,2469.3151,-36.1553,0.00,0.02
60,2320.7119,542.2508,2445.2779,-42.9043,0.00,0.04
61,2445.2205,0.1363,2445.4939,2445.0527,0.00,0.04
62,1559.7828,1145.3954,2488.9985,-15.6433,0.00,0.01
63,2445.8414,0.5126,2447.0831,2445.1996,0.00,0.04
64,1168.1665,1205.6659,2491.4190,-35.8149,0.00,0.01
65,1893.2362,688.2456,2450.1836,126.7590,0.00,0.04
66,2445.4914,0.2554,2445.9193,2445.1114,0.00,0.04
67,2367.8450,452.0791,2487.5470,397.5827,0.00,0.02
68,2450.9110,2.5278,2457.0970,2447.3903,0.00,0.03
69,1658.6782,1121.2448,2491.4214,4.3398,0.00,0.01
70,2450.6396,2.8977,2458.2517,2446.1603,0.00,0.03
71,595.9796,970.7635,2488.1271,-35.8137,0.00,0.01
72,2451.6312,5.9873,2474.4903,2447.0988,0.00,0.03
73,172.1030,125.8589,315.9805,-36.0848,0.00,0.03
74,2161.9300,719.6985,2445.6111,81.5662,0.00,0.04
75,2445.0125,0.6017,2446.3348,2443.9501,0.00,0.04
76,2330.8164,506.8873,2450.1629,121.3519,0.00,0.04
77,1975.7044,939.0680,2445.4006,81.8592,0.00,0.04
78,2445.0054,0.0055,2445.0177,2444.9994,0.00,0.04
79,2446.6689,0.7784,2448.7480,2445.3895,0.00,0.04
80,2457.9598,8.7225,2474.6917,2444.9428,0.00,0.03
81,448.7244,843.4191,2353.1871,-48.6676,7.42,0.11
82,1179.8639,826.9252,2192.4304,-47.3387,0.50,0.10
83,1036.0610,857.1823,2169.8484,-0.7781,19.24,0.19
84,2172.9661,128.2524,2355.9983,1753.8212,0.04,0.05
85,1627.8328,543.0681,2276.6056,-49.0801,0.09,0.07
86,1767.8784,690.2695,2386.1305,-50.8088,2.50,0.06
87,1792.4644,901.9712,2444.4949,69.2714,0.00,0.04
88,984.4948,781.0697,2428.6293,18.9523,1.82,0.07
89,2444.7174,0.3025,2444.9874,2443.7495,0.00,0.04
90,1773.6585,970.2618,2480.2813,22.1156,0.00,0.04
91,2444.9736,0.0805,2445.0146,2444.7239,0.00,0.04
92,2445.0115,0.0106,2445.0412,2445.0015,0.00,0.04
93,448.5352,744.1717,2445.6058,22.3575,0.00,0.03
94,1976.8407,936.2375,2445.0409,100.6322,0.00,0.04
95,2445.3591,0.6955,2447.5574,2444.8621,0.00,0.04
96,832.2876,977.4829,2489.1748,-35.9517,0.00,0.02
97,2156.9752,761.6598,2490.2186,-35.9668,0.00,0.02
98,2453.7579,10.9066,2484.6708,2445.1219,0.00,0.03
99,-5.4220,92.2780,388.5838,-41.1366,0.00,0.03
100,2458.9566,7.0734,2479.1594,2450.3877,0.00,0.03
101,-43.8080,4.0296,-31.0882,-46.1707,0.00,0.03
102,1201.8593,1168.6983,2487.0296,-31.0038,0.00,0.01
103,2447.5653,1.3143,2450.2893,2445.9848,0.00,0.04
104,1043.6680,1177.0810,2490.9964,-41.0600,0.00,0.01
105,2446.0592,1.7729,2453.2416,2445.0006,0.00,0.04
106,752.2793,1029.0495,2470.3908,22.4143,0.00,0.03
107,2312.0344,319.7800,2445.5988,1313.8307,0.00,0.04
108,2445.0450,0.0365,2445.1707,2445.0105,0.00,0.04
109,2399.4344,145.8303,2451.6466,1935.2228,0.00,0.04
110,2446.3289,0.9223,2448.7896,2445.1943,0.00,0.04
111,449.5526,878.1217,2486.8007,-31.0593,0.00,0.01
112,2184.0175,719.3329,2455.5130,-18.1118,0.00,0.03
113,2450.9535,3.7690,2460.8554,2446.8599,0.00,0.03
114,-15.6081,39.8735,144.3620,-40.9741,0.00,0.02
115,2451.4058,3.2485,2459.3026,2446.7494,0.00,0.03
116,-25.8652,16.0779,39.2910,-36.3539,0.00,0.03
117,1999.3942,940.7703,2487.5214,43.5910,0.00,0.02
118,2446.0768,0.5802,2447.5155,2445.3748,0.00,0.04
119,2254.9072,624.2315,2491.8875,137.8963,0.00,0.02
120,2444.8604,0.0651,2444.9499,2444.7193,0.00,0.04
121,2444.9970,0.0016,2444.9995,2444.9938,0.00,0.04
122,2445.9115,3.5096,2461.1933,2445.0012,0.00,0.04
123,2163.4679,735.2045,2491.9695,38.8735,0.00,0.01
124,2445.9556,2.5166,2456.0257,2445.0001,0.00,0.04
125,1978.5608,858.3739,2490.9016,142.0706,0.00,0.02
126,2445.3043,0.3244,2445.8683,2444.9024,0.00,0.04
127,2450.3516,3.0160,2457.5968,2445.0085,0.00,0.04
128,1775.6872,987.4016,2488.6670,-10.7733,0.00,0.01
129,2448.1880,1.4959,2453.1049,2446.2989,0.00,0.04
130,934.8136,1146.0194,2489.5262,-1.5707,0.00,0.01
131,2447.9924,2.0348,2453.7649,2445.8688,0.00,0.04
132,269.3790,596.5117,2471.2308,-1.7072,0.00,0.03
133,932.2447,1110.4896,2445.0740,86.1444,0.00,0.04
134,2094.5280,635.5036,2445.3285,404.1290,0.00,0.04
135,2445.0590,0.1699,2445.7457,2444.9987,0.00,0.04
136,574.8107,333.5758,1313.9868,238.2459,0.00,0.04
137,2445.0195,0.0292,2445.1027,2444.9994,0.00,0.04
138,1633.3027,722.3867,2445.7752,546.4437,0.00,0.04
139,2445.0040,0.0041,2445.0148,2444.9989,0.00,0.04
140,2445.3495,0.2975,2446.5618,2445.1407,0.00,0.04
141,2450.0325,2.1709,2453.7472,2446.8105,0.00,0.04
142,729.4711,1026.1432,2483.3894,-11.1107,0.00,0.01
143,2446.4872,0.9129,2448.4282,2445.2885,0.00,0.04
144,12.1550,33.7219,83.9520,-31.3127,0.00,0.02
145,2453.1605,4.9648,2465.0068,2446.0618,0.00,0.03
146,-32.8619,19.4791,17.7157,-46.3023,0.00,0.03
147,179.5199,396.1825,1897.4671,17.8880,0.08,0.03
148,830.4661,927.7201,2342.1256,-40.8884,0.11,0.04
149,2170.9870,500.0308,2488.6234,862.8857,0.01,0.02
150,2214.6559,607.3972,2465.7132,93.1394,0.01,0.03
151,1230.4120,967.4065,2443.8490,194.1177,0.09,0.04
152,2436.6161,22.9242,2488.0006,2383.6904,0.13,0.03
153,2457.4788,10.5871,2478.5251,2437.6391,0.02,0.03
154,747.5059,954.0653,2423.3097,-12.0705,0.01,0.03
155,2084.1524,497.0547,2365.8317,531.4539,0.51,0.05
156,1722.4248,950.4179,2418.5893,82.1596,0.07,0.04
157,2098.5475,590.3232,2420.9423,86.8535,0.11,0.04
158,2231.8186,410.5905,2416.6523,460.9983,0.21,0.04
159,1746.0712,887.9359,2398.6229,-46.1105,0.16,0.05
160,1970.1144,798.4982,2420.2947,136.2644,0.05,0.04
161,205.0194,505.3357,2312.2779,-46.0389,0.00,0.03
162,1361.9791,970.1229,2415.3971,-37.3097,3.21,0.07
163,1600.6106,1099.5003,2448.2615,-68.4027,5.08,0.10
164,2231.8893,120.5207,2412.7544,1949.2523,0.00,0.04
165,2433.8022,42.4641,2465.3746,2250.8511,0.03,0.04
166,2201.6485,732.0008,2464.9914,-31.3131,0.00,0.04
167,1870.7792,847.5269,2487.0256,170.0971,0.00,0.04
168,1794.7419,737.7060,2432.8377,125.4976,0.09,0.04
169,1380.2486,1158.9305,2483.3925,53.0542,0.04,0.02
170,2190.5079,691.5781,2445.6616,63.8373,0.09,0.04
171,2291.2961,450.4994,2439.2938,331.2602,0.34,0.04
172,2451.0488,5.2942,2464.1757,2437.8795,0.00,0.03
173,-44.6296,3.6057,-30.9610,-46.1883,0.00,0.04
174,2460.0672,7.9310,2484.3036,2452.8981,0.00,0.03
175,60.0014,233.6057,835.5578,-46.1763,0.44,0.04
176,1330.7505,853.7520,2224.3937,-6.1082,0.00,0.04
177,1993.3166,635.1321,2406.6854,95.6411,0.02,0.04
178,1930.9752,816.8986,2490.5569,146.7994,0.00,0.02
179,808.0443,1035.7030,2405.3482,-35.5635,0.69,0.03
180,2238.5519,392.3400,2410.6571,961.5593,0.01,0.04
181,2410.7831,12.8030,2419.4850,2359.2294,0.00,0.04
182,2422.7114,3.0962,2430.8774,2417.9541,0.00,0.04
183,98.7685,540.8228,2455.5694,-38.8374,0.00,0.03
184,2314.4522,519.3662,2444.6651,50.7039,0.01,0.03
185,2133.6007,499.3374,2440.4456,759.3606,0.00,0.03
186,1750.0877,1008.7363,2451.6691,-8.5654,0.02,0.03
187,2246.7276,527.8517,2423.1339,407.3718,0.00,0.04
188,2423.6484,15.3321,2482.9058,2408.3142,0.02,0.04
189,2381.6262,210.5206,2451.1892,1465.6546,0.01,0.04
190,2417.5092,11.0251,2424.2136,2372.1632,0.01,0.04
191,2418.3704,4.5579,2420.7130,2401.0774,0.00,0.04
192,2420.0681,0.3967,2420.8961,2419.2640,0.00,0.04
193,2430.4250,3.6450,2439.0889,2424.5694,0.00,0.03
194,-5.0065,34.7670,131.8868,-29.1023,0.00,0.03
195,1105.6159,1087.3132,2436.6083,12.2170,0.00,0.03
196,2100.4875,773.4010,2441.5741,64.2154,5.19,0.06
197,983.2311,781.2372,2391.9251,154.1249,0.09,0.03
198,2299.5954,390.6721,2441.8564,603.0556,0.00,0.03
199,2266.9547,324.1640,2446.4170,1398.6732,2.12,0.05
0,281.1295,361.5795,1244.8441,-53.6948,32.61,0.06
1,214.1708,260.8658,815.9992,-61.0818,27.68,0.07
2,735.9010,656.2290,1955.0371,-9.9803,3.53,0.04
3,2001.2794,415.7031,2348.1912,757.6978,0.00,0.04
4,1925.3707,634.6360,2325.2735,465.0701,0.06,0.03
5,2173.6167,638.0767,2423.8530,165.1702,0.00,0.04
6,2405.5348,25.9063,2429.1120,2331.3702,0.00,0.04
7,2435.7096,8.6118,2443.2474,2415.2717,0.00,0.04
8,2444.4455,0.3335,2444.9362,2443.7911,0.00,0.04
9,2445.0860,0.1715,2445.5447,2444.7893,0.00,0.04
10,1356.2466,929.6650,2451.4310,91.9309,0.22,0.03
11,2445.8455,0.4868,2446.7470,2445.0359,0.00,0.04
12,1392.8420,1094.8603,2459.6676,139.6895,0.04,0.03
13,2266.9385,501.0959,2451.0416,684.2861,0.00,0.04
14,2433.6810,18.9000,2451.4392,2397.9054,0.00,0.03
15,1835.7520,1045.2694,2488.4443,4.2974,0.00,0.01
16,2449.5352,10.3037,2473.9343,2435.1595,0.00,0.03
17,256.2894,697.9536,2451.7341,-31.0735,0.00,0.02
18,2446.8355,1.3979,2450.0892,2445.3320,0.00,0.04
19,2140.5102,719.7972,2485.6705,139.2692,0.00,0.03
20,2448.7306,2.6313,2453.4589,2445.5504,0.00,0.04
21,1127.8297,1236.3755,2488.0877,-20.8449,0.00,0.01
22,2245.2104,668.4160,2469.2017,131.6386,0.00,0.03
23,2403.3940,45.9929,2446.2455,2314.1052,0.00,0.03
24,2408.4695,115.8972,2445.2662,2041.9704,0.00,0.04
25,2445.1845,0.4599,2446.6362,2445.0101,0.00,0.04
26,2448.6236,2.4369,2452.6241,2445.0990,0.00,0.04
27,2466.9044,10.0256,2479.6759,2454.1614,0.00,0.02
28,528.1966,894.1316,2488.3444,-32.2402,0.00,0.02
29,1133.0773,1222.6524,2481.9872,-29.0712,0.00,0.02
30,2255.1728,638.9262,2481.3530,234.9902,0.00,0.03
31,2317.0379,440.5407,2479.0341,924.2200,0.00,0.03
32,2039.9775,921.2269,2490.3983,83.2232,0.00,0.02
33,2265.5675,634.5634,2476.5572,259.0074,0.00,0.02
34,2445.9233,0.4701,2446.7473,2445.3154,0.00,0.04
35,1747.1842,900.5678,2465.2791,252.6840,0.00,0.03
36,2456.1411,5.2590,2465.4300,2448.2629,0.00,0.03
37,271.3324,711.9839,2491.0457,-30.6549,0.57,0.02
38,2477.5710,10.1561,2489.9939,2456.9894,0.00,0.01
39,429.4615,947.9365,2443.2264,-44.7365,1.45,0.04
40,1232.6027,1142.3032,2456.7203,-34.9538,2.03,0.05
41,2216.9558,697.0053,2442.8867,12.9275,0.07,0.04
42,2436.0816,12.8682,2447.1654,2396.5767,0.02,0.04
43,2434.3174,5.7400,2442.9339,2422.6619,0.02,0.04
44,2440.1763,9.2753,2447.6299,2418.6376,0.00,0.04
45,2469.1951,12.0552,2491.0704,2450.9833,0.00,0.02
46,2283.7730,404.7313,2479.1679,1130.2158,0.11,0.02
47,1998.6105,872.0806,2474.1814,144.9917,0.05,0.03
48,2455.0625,15.2440,2481.9974,2437.9917,0.00,0.03
49,2339.8768,117.3839,2427.3977,1982.2804,0.16,0.04
0,204.3010,334.8124,1220.8436,-60.3583,35.33,0.06
1,1467.5779,708.6894,2274.0472,-2.0008,0.00,0.02
2,1374.1010,1137.7977,2383.0043,-39.9082,0.00,0.02
3,1257.9695,614.2260,2187.8461,106.4290,10.00,0.06
4,2388.7453,24.8062,2401.1244,2280.8884,0.00,0.04
5,2395.0651,0.2373,2395.8396,2394.7860,0.00,0.04
6,1156.9821,1071.1134,2437.9162,-12.4985,0.00,0.01
7,2395.1413,0.1799,2395.6843,2394.9623,0.00,0.04
8,1934.9939,662.7472,2410.9820,324.2996,0.00,0.03
9,1918.3511,723.5125,2402.5488,299.7574,0.00,0.04
10,2395.9532,0.4571,2397.0486,2395.3848,0.00,0.04
11,-31.4695,15.9970,26.8416,-42.2264,0.00,0.02
12,2377.2714,84.0847,2399.2594,2010.7857,0.00,0.04
13,2326.5868,307.8135,2403.0049,984.8784,0.00,0.04
14,2395.0046,0.0040,2395.0201,2395.0011,0.00,0.04
15,1592.3434,1134.2705,2441.1565,-32.1262,0.00,0.01
16,1483.8017,1148.0000,2435.8310,-32.2239,0.00,0.02
17,1092.0156,1002.5453,2396.6847,-47.1153,0.00,0.03
18,2395.0292,0.0276,2395.0959,2395.0003,0.00,0.04
19,535.7240,961.6530,2439.9515,-37.1449,0.00,0.01
20,2357.0475,168.4814,2396.2657,1622.6551,0.00,0.04
21,2260.6571,441.8308,2395.7808,462.2853,0.00,0.04
22,1481.5216,972.7339,2396.5492,125.9401,0.14,0.03
23,1660.4209,769.1775,2395.6301,137.0688,0.02,0.04
24,2394.9673,0.0336,2395.0025,2394.8668,0.00,0.04
25,2395.0020,0.0019,2395.0082,2395.0000,0.00,0.04
26,2396.7209,0.8899,2398.7465,2395.4869,0.00,0.04
27,-43.6944,6.3115,-22.3608,-47.2652,0.00,0.03
28,2395.3131,0.6677,2396.3882,2393.4038,0.00,0.04
29,2140.3405,620.7578,2412.3164,407.3896,0.02,0.03
30,1717.1232,610.8880,2395.7304,577.5827,0.10,0.04
31,2393.4107,1.2409,2394.4931,2388.7944,0.00,0.04
32,2395.0035,0.0025,2395.0083,2394.9990,0.00,0.04
33,2312.3130,405.4446,2422.6456,545.3140,0.00,0.03
34,2274.3231,527.1181,2395.5216,-23.3314,0.00,0.04
35,2395.5935,0.6797,2398.3628,2395.1714,0.00,0.04
36,-38.6005,4.2348,-27.6075,-47.2854,0.00,0.04
37,2398.4804,1.8317,2403.5228,2395.8191,0.00,0.04
38,-47.2625,0.0264,-47.2040,-47.2951,0.00,0.04
39,2397.1506,1.7058,2402.2343,2394.4398,0.00,0.04
40,-47.2460,0.0367,-47.1512,-47.2861,0.00,0.04
41,2198.5017,344.7196,2397.5025,1329.0150,0.00,0.04
42,2394.9436,0.1218,2395.1148,2394.6099,0.00,0.04
43,2395.9390,0.6286,2397.9274,2395.3902,0.00,0.04
44,2020.5439,866.6438,2439.9707,-32.5073,0.00,0.02
45,2136.3559,688.7203,2440.3184,178.6058,0.00,0.02
46,2392.4365,31.1784,2405.5346,2256.8282,0.00,0.04
47,2396.8373,0.7167,2399.1469,2395.8141,0.00,0.04
48,-47.3004,0.0114,-47.2714,-47.3090,0.00,0.04
49,2403.8102,5.1674,2420.5960,2397.3882,0.00,0.03
0,130.3984,204.7896,578.2354,-58.8469,33.04,0.04
1,41.1679,345.7759,1539.9771,-51.8710,0.00,0.04
2,726.3947,430.2564,1323.2733,-13.0361,12.46,0.08
3,675.9329,496.2984,1660.0673,-24.2222,21.30,0.22
4,1326.3959,653.6375,2192.7799,346.0552,5.54,0.11
5,1770.3828,1011.6072,2398.5625,-37.7434,0.00,0.03
6,2304.3430,354.3494,2413.6798,762.0558,0.00,0.04
7,1936.1818,642.2491,2396.0374,572.0355,0.00,0.04
8,2336.5452,74.7860,2392.5740,2131.5503,0.00,0.04
9,2396.6673,2.4163,2404.4977,2395.1348,0.00,0.04
10,831.7442,1168.0799,2436.8117,-47.3086,0.00,0.02
11,2275.3709,528.7611,2399.2895,-29.4390,0.00,0.04
12,2396.8734,1.2944,2401.6958,2395.7232,0.00,0.04
13,-28.9688,55.8002,212.7990,-47.3155,0.00,0.03
14,2396.1775,0.7483,2398.2473,2395.2866,0.00,0.04
15,-47.2830,0.0304,-47.2166,-47.3269,0.00,0.04
16,1972.2371,916.8728,2440.9586,-2.6297,0.00,0.01
17,2401.7787,6.3298,2423.8274,2396.0801,0.00,0.03
18,-47.6862,0.8572,-47.2991,-51.1631,0.00,0.04
19,-47.3022,0.0415,-47.1337,-47.3608,0.00,0.04
20,1823.0739,1051.9223,2440.9351,-27.2479,0.00,0.01
21,2394.4518,3.1099,2397.4812,2382.4605,0.00,0.04
22,1823.6082,908.9143,2438.2064,95.1046,0.01,0.02
23,1286.3559,1043.2482,2394.9125,-46.9413,6.59,0.07
24,2272.9473,136.3286,2393.7026,1977.8405,1.25,0.05
25,2283.9652,506.7771,2421.8065,75.2064,0.00,0.03
26,2384.9767,13.4655,2395.1862,2350.1971,0.00,0.04
27,2395.0509,0.0449,2395.1435,2394.9851,0.00,0.04
28,2279.8232,503.4715,2397.3212,85.2469,0.00,0.04
29,2394.4631,0.7058,2395.3724,2392.9103,0.00,0.04
30,2393.2533,2.6414,2395.1277,2384.4379,0.02,0.04
31,2395.0838,0.0982,2395.3654,2395.0001,0.00,0.04
32,2395.3134,0.3700,2396.8041,2395.0492,0.00,0.04
33,2395.5986,0.2202,2396.0641,2395.2733,0.00,0.04
34,-47.2285,0.0464,-47.1087,-47.3103,0.00,0.04
35,1456.9150,1074.7278,2436.3599,-45.5560,2.46,0.04
36,984.5079,1173.3516,2439.6745,-42.3279,0.00,0.02
37,208.7318,588.3630,2394.0185,-53.1946,0.00,0.04
38,799.0876,971.1642,2391.6569,-48.5238,13.79,0.11
39,2394.7842,0.2120,2394.9931,2394.0489,0.00,0.04
40,2395.0693,0.0417,2395.1990,2395.0183,0.00,0.04
41,1039.0540,1157.2854,2438.6359,-37.2040,0.00,0.01
42,2395.1912,0.2730,2396.0056,2395.0070,0.00,0.04
43,-47.3010,0.0151,-47.2599,-47.3095,0.00,0.04
44,-44.1616,3.3184,-37.0915,-47.2328,0.00,0.03
45,2399.5797,2.2328,2406.9969,2396.7900,0.00,0.04
46,-47.2852,0.0372,-47.1471,-47.3237,0.00,0.04
47,1828.4595,995.1689,2413.1660,-42.3629,0.00,0.03
48,2276.8694,532.1015,2420.1313,-42.3716,0.00,0.04
49,-47.3965,1.2063,-42.4361,-48.4868,0.00,0.04
0,425.4498,493.0407,1532.9153,-84.5633,23.49,0.04
1,410.0727,452.6040,1534.8919,-54.4980,18.09,0.05
2,1213.1462,644.2804,2166.4240,-66.5193,3.83,0.03
3,2081.5482,310.3239,2338.5277,1139.6081,0.00,0.04
4,2127.6586,667.7463,2429.4709,163.0091,0.00,0.03
5,1813.1752,832.9596,2442.1131,176.4972,0.00,0.03
6,2051.1241,483.1810,2366.9869,307.4733,0.00,0.03
7,2273.0821,434.6534,2444.5187,543.4085,0.00,0.02
8,2412.3789,51.8811,2458.7670,2245.8208,0.00,0.03
9,2350.0493,479.5628,2487.3024,432.2460,0.00,0.02
10,2330.0320,548.9791,2479.2454,134.2826,0.00,0.02
11,2451.1148,3.8778,2460.8946,2446.2686,0.00,0.03
12,2380.1510,375.9888,2489.8938,876.7199,0.00,0.01
13,2318.8249,566.2663,2475.3957,53.9228,0.00,0.03
14,2339.1883,466.6972,2463.6003,472.4452,0.00,0.03
15,2445.6984,0.8792,2447.8233,2444.4002,0.00,0.04
16,1722.6116,1027.7172,2473.4733,59.4188,0.00,0.02
17,2451.8672,2.1919,2456.4036,2448.5762,0.00,0.03
18,2250.6829,471.1097,2481.3706,976.2124,0.00,0.02
19,1257.3740,1172.5653,2487.3534,-28.9518,0.00,0.01
20,1815.5988,924.4837,2489.1891,24.1206,0.02,0.01
21,1869.3635,1044.0196,2471.8914,-53.0868,6.15,0.06
22,2377.9348,291.6825,2459.0852,1211.3436,0.00,0.03
23,2448.5083,2.3632,2454.6669,2444.7116,0.00,0.04
24,2463.4262,9.4778,2485.8551,2450.5085,0.00,0.02
25,7.3936,44.4514,169.0678,-30.8683,0.35,0.02
26,1156.5217,1122.4419,2483.0436,-6.1254,0.00,0.01
27,2180.1220,757.5485,2474.1548,2.7342,0.00,0.03
28,2446.5335,1.0361,2449.1568,2445.3541,0.00,0.04
29,2469.4029,9.1353,2489.1744,2452.1215,0.00,0.02
30,-24.6753,44.3727,144.5130,-46.0695,0.00,0.03
31,7.0375,35.6878,79.3919,-38.9506,0.27,0.03
32,21.9550,68.1478,260.1938,-31.2519,1.63,0.04
33,802.4757,1010.6023,2406.5431,-31.4641,0.56,0.04
34,1393.4543,847.4380,2403.8365,176.1264,0.78,0.04
35,1508.2493,883.1848,2402.7130,8.5965,1.46,0.05
36,1879.2019,639.7705,2351.7980,401.7695,0.79,0.04
37,1966.6312,691.1394,2420.4388,11.9473,0.06,0.03
38,2052.9059,487.4754,2419.6219,422.5345,2.41,0.06
39,2357.1516,126.0361,2422.6689,1867.9111,0.21,0.04
40,2405.3646,81.3417,2443.7693,2097.4266,0.07,0.04
41,2389.6694,71.9951,2439.0574,2156.5374,0.04,0.04
42,2136.2055,771.6889,2439.0387,-47.0653,0.17,0.04
43,2394.8966,21.1906,2427.0737,2364.6116,0.04,0.04
44,1829.1210,765.9241,2445.8814,-46.5022,4.60,0.05
45,2425.6383,19.2820,2443.9842,2373.1323,0.07,0.04
46,2100.6072,538.9017,2423.1085,177.0873,5.91,0.06
47,2287.4887,157.3271,2442.1043,1831.3251,0.08,0.04
48,2339.3616,268.1271,2432.9832,1269.5629,0.06,0.04
49,2438.7860,9.5751,2444.9047,2408.7361,0.01,0.04
50,2376.0293,107.5099,2460.1254,2171.1202,0.33,0.04
51,2444.0575,2.1118,2449.8734,2439.4957,0.01,0.04
52,2299.1676,418.9833,2457.3869,687.0712,0.08,0.03
53,2431.2969,10.6516,2441.9287,2401.0366,0.00,0.04
54,2437.7846,6.9085,2443.2180,2417.5728,0.02,0.04
55,2443.8149,0.6896,2444.7012,2441.6148,0.00,0.04
56,2437.0744,16.6805,2444.7641,2377.6824,0.00,0.04
57,2440.8787,3.2904,2444.6620,2434.1894,0.01,0.04
58,2443.3616,2.0509,2444.7520,2438.0855,0.01,0.04
59,2442.3497,2.6061,2444.7798,2435.9952,0.00,0.04
60,2442.1547,4.1510,2444.8485,2431.5842,0.00,0.04
61,2444.3016,0.4350,2444.7021,2442.9434,0.00,0.04
62,2444.4399,0.2703,2444.8803,2443.9166,0.00,0.04
63,2444.6866,0.3602,2444.9480,2443.4514,0.00,0.04
64,2444.3042,0.5972,2444.6715,2442.3610,0.00,0.04
65,2444.3536,0.5223,2444.6183,2442.2888,0.00,0.04
66,2444.1988,0.8591,2444.6530,2441.2330,0.00,0.04
67,2444.2119,1.1550,2444.7207,2439.8150,0.01,0.04
68,2444.4863,0.3288,2444.7305,2443.3126,0.00,0.04
69,2444.5703,0.2628,2444.7904,2443.6287,0.00,0.04
70,2444.7444,0.0714,2444.9400,2444.6370,0.00,0.04
71,2444.6191,0.7088,2444.9795,2442.2196,0.00,0.04
72,2444.5474,0.9600,2444.9636,2441.0570,0.00,0.04
73,2444.7018,0.2744,2444.9498,2443.6375,0.00,0.04
74,2444.4743,1.0330,2444.9660,2440.4320,0.00,0.04
75,2444.7633,0.0415,2444.8569,2444.6891,0.00,0.04
76,2441.3386,4.0077,2444.8654,2432.1032,0.00,0.04
77,2297.1597,584.4829,2444.9279,-40.7466,1.18,0.04
78,2444.4104,0.6970,2444.9095,2442.6110,0.00,0.04
79,2443.9166,1.4414,2445.2352,2440.2177,0.00,0.04
80,2444.3431,0.5281,2444.7304,2442.9299,0.00,0.04
81,2298.1504,580.0107,2444.8870,-21.8697,0.00,0.04
82,2442.7953,2.9296,2444.8722,2435.4330,0.02,0.04
83,2444.5406,0.4711,2444.8482,2442.8923,0.00,0.04
84,2444.6036,0.2010,2444.7935,2444.0357,0.00,0.04
85,2444.7267,0.1194,2444.8976,2444.3852,0.00,0.04
86,2444.7856,0.1693,2444.9516,2444.2875,0.00,0.04
87,2443.9346,1.7617,2444.9301,2437.4973,0.00,0.04
88,2342.6606,403.8472,2444.9302,727.2773,0.00,0.04
89,2444.4125,1.0215,2444.8754,2440.3917,0.00,0.04
90,2443.4230,3.0327,2444.9873,2435.1385,0.05,0.04
91,2444.4488,1.1105,2445.0318,2440.6975,0.00,0.04
92,2299.4535,580.3328,2444.9796,-21.8756,0.00,0.04
93,2443.8542,0.9839,2444.7789,2441.2497,0.00,0.04
94,2444.3206,0.7305,2444.9454,2441.9890,0.00,0.04
95,2444.4890,0.3852,2444.8458,2443.4888,0.00,0.04
96,1501.2653,1135.1049,2444.8623,-33.7566,0.00,0.04
97,2442.3311,5.1705,2444.7602,2422.1862,0.00,0.04
98,2333.1451,416.0224,2442.1255,669.2004,0.01,0.04
99,2443.5650,1.9203,2445.0470,2438.0156,0.00,0.04
100,2443.7934,1.4924,2444.8774,2440.5903,0.00,0.04
101,2431.4821,27.8047,2444.8446,2336.3037,0.01,0.04
102,2444.2635,0.2846,2444.5796,2443.2684,0.00,0.04
103,2444.3625,0.6501,2444.7189,2441.9012,0.00,0.04
104,2443.5427,2.6242,2444.8077,2434.1702,0.00,0.04
105,2444.5494,0.4542,2444.9190,2442.8753,0.00,0.04
106,2444.4938,1.0954,2444.9622,2440.1255,0.00,0.04
107,1865.1133,1044.6675,2444.9008,-26.7291,0.00,0.04
108,2444.6342,0.0565,2444.7425,2444.5284,0.00,0.04
109,1574.0463,1176.6358,2444.9624,-36.5346,0.01,0.04
110,2442.8399,2.6384,2444.7704,2435.9525,0.00,0.04
111,2439.8324,4.7404,2444.5759,2428.9641,0.04,0.04
112,2434.3597,8.5223,2444.0662,2420.2767,0.09,0.04
113,2444.2785,0.3191,2444.6567,2443.4849,0.00,0.04
114,2439.1564,6.5424,2444.9747,2425.2419,0.04,0.04
115,2439.8244,6.4341,2444.8334,2420.7145,0.00,0.04
116,2443.1032,2.0057,2444.7755,2437.6012,0.00,0.04
117,2151.4242,632.3735,2446.0614,698.0759,0.00,0.03
118,2443.5341,2.0499,2444.9424,2435.8311,0.00,0.04
119,2444.2276,1.1825,2445.1333,2439.5791,0.01,0.04
120,2443.7678,1.3535,2444.6631,2439.3107,0.01,0.04
121,2443.6489,1.8966,2444.5999,2436.9213,0.01,0.04
122,2442.0554,3.9358,2444.4652,2427.3004,0.01,0.04
123,2439.8776,9.8679,2444.3817,2410.3394,0.00,0.04
124,2017.5640,776.5541,2453.7973,386.5768,0.00,0.03
125,2444.2507,1.3975,2447.6287,2440.5489,0.00,0.04
126,2385.9384,194.2626,2459.7691,1613.5731,0.00,0.04
127,2441.5735,3.8706,2444.8636,2432.8399,0.01,0.04
128,2443.7538,0.8412,2444.5001,2441.5037,0.00,0.04
129,2444.4024,0.1772,2444.6990,2443.9499,0.00,0.04
130,2444.6449,0.0892,2444.7633,2444.4263,0.00,0.04
131,2442.1140,2.1452,2444.5431,2437.2930,0.02,0.04
132,2443.1008,1.8631,2444.6483,2439.0570,0.00,0.04
133,2444.3592,0.3799,2444.6839,2443.2965,0.00,0.04
134,2418.8193,49.7050,2444.6202,2251.5718,0.00,0.04
135,2443.4206,2.7235,2444.6944,2432.7513,0.01,0.04
136,2435.6181,11.1961,2444.5923,2409.7622,0.01,0.04
137,2443.8711,1.1188,2444.7426,2440.4402,0.00,0.04
138,2444.3296,0.4840,2444.6569,2442.6307,0.00,0.04
139,2444.2503,0.5348,2444.8787,2442.9566,0.00,0.04
140,2443.3731,1.7247,2444.5583,2439.2432,0.00,0.04
141,2444.0938,0.6654,2444.5619,2441.4949,0.00,0.04
142,2440.3281,8.5204,2444.7129,2411.8052,0.01,0.04
143,2443.2021,1.6144,2444.2273,2439.5944,0.02,0.04
144,2442.0767,4.4768,2444.5586,2425.2430,0.01,0.04
145,2443.5130,1.4248,2444.5995,2439.5230,0.01,0.04
146,2442.0262,2.2155,2444.3697,2437.8729,0.00,0.04
147,2443.0305,1.4209,2444.2584,2440.0344,0.00,0.04
148,2444.1381,1.1907,2444.8168,2439.4324,0.01,0.04
149,2442.4952,3.5540,2444.4509,2429.1684,0.05,0.04
150,2438.9053,6.8692,2444.0730,2421.1689,0.01,0.04
151,2443.9763,0.5033,2444.5268,2442.5691,0.00,0.04
152,2444.0568,1.0019,2444.5889,2440.1149,0.00,0.04
153,2442.7388,3.0814,2444.2127,2434.3752,0.00,0.04
154,2443.5873,1.4301,2444.3472,2439.1801,0.01,0.04
155,2444.1820,0.3397,2444.3834,2442.8888,0.00,0.04
156,2442.7690,2.5202,2444.5279,2434.7504,0.01,0.04
157,2439.3519,9.3350,2444.5023,2414.1926,0.00,0.04
158,2443.8045,1.7391,2444.5705,2436.9756,0.00,0.04
159,2443.7473,0.9702,2444.4217,2440.9668,0.00,0.04
160,2443.5731,2.0221,2444.6938,2436.6605,0.00,0.04
161,2443.9580,1.2782,2444.6226,2440.2395,0.00,0.04
162,2443.2010,3.8005,2444.6310,2428.2311,0.00,0.04
163,2444.2281,0.8514,2444.5788,2440.8447,0.00,0.04
164,2444.4102,0.1322,2444.5337,2444.0318,0.00,0.04
165,2444.5904,0.0648,2444.6546,2444.4283,0.00,0.04
166,2442.9705,4.8627,2445.3249,2428.6030,0.00,0.04
167,2443.4030,4.8862,2444.8569,2423.8873,0.01,0.04
168,2068.8336,812.1887,2444.9340,-11.7697,0.00,0.04
169,2440.9641,6.8360,2444.8955,2424.7182,0.00,0.04
170,2444.8367,0.1448,2445.1064,2444.5704,0.00,0.04
171,2079.2104,769.3183,2445.1057,-7.1098,0.00,0.03
172,2444.5746,0.4957,2444.9820,2442.7142,0.00,0.04
173,2387.0593,227.3673,2445.0177,1477.6225,0.01,0.04
174,2443.7413,1.3635,2444.7997,2440.5322,0.00,0.04
175,2395.2864,200.6329,2456.9885,1592.8390,0.00,0.04
176,2444.3672,4.8345,2453.4415,2426.9930,0.00,0.04
177,2322.1935,509.7272,2468.4138,283.5117,0.00,0.03
178,1559.0001,904.3115,2443.3686,24.2332,0.41,0.04
179,2200.5005,545.8934,2445.1580,47.9937,0.01,0.04
180,2358.0503,177.3633,2444.3725,1749.3241,0.07,0.04
181,1953.5204,877.8010,2445.2278,59.4070,0.00,0.04
182,2429.7761,19.0566,2443.6951,2356.8234,0.06,0.04
183,2438.1614,3.4516,2444.5123,2430.8742,0.05,0.04
184,2443.0560,1.7144,2444.5310,2438.2522,0.00,0.04
185,2442.1483,2.6603,2444.4891,2434.0819,0.00,0.04
186,2317.9715,422.7945,2444.7249,639.7206,0.04,0.04
187,2443.9053,0.8630,2444.4575,2440.7429,0.00,0.04
188,2444.2539,0.5281,2444.4986,2442.1653,0.00,0.04
189,2444.0997,0.7379,2444.4724,2441.5187,0.00,0.04
190,2443.3015,2.8808,2444.6052,2432.4797,0.00,0.04
191,2443.5597,1.3147,2444.5904,2439.7464,0.00,0.04
192,2444.3702,0.4427,2444.5980,2443.0146,0.00,0.04
193,2444.5663,0.0893,2444.6858,2444.3052,0.00,0.04
194,2317.8609,497.6582,2444.6010,327.5331,0.01,0.04
195,2444.2190,0.7302,2444.5965,2442.0727,0.00,0.04
196,2444.5332,0.1963,2444.6029,2443.7685,0.00,0.04
197,2444.5212,0.3340,2444.6862,2443.1878,0.00,0.04
198,2444.5104,0.1532,2444.6127,2443.9717,0.00,0.04
199,2444.3806,0.9940,2444.7232,2440.4767,0.00,0.04
200,2444.6899,0.0331,2444.7115,2444.5802,0.00,0.04
201,2444.7167,0.0376,2444.7990,2444.6946,0.00,0.04
202,2444.7924,0.0277,2444.8038,2444.6820,0.00,0.04
203,2444.7876,0.0213,2444.8175,2444.7255,0.00,0.04
204,2127.1096,690.5523,2444.9080,496.2965,0.00,0.04
205,2444.7826,0.2109,2444.9476,2444.0339,0.00,0.04
206,2444.6733,0.8083,2445.2326,2441.4689,0.00,0.04
207,2444.8980,0.1384,2445.3522,2444.8018,0.00,0.04
208,2159.3039,791.9523,2453.5398,-12.0084,0.00,0.04
209,2305.5886,566.0715,2452.0299,41.3128,0.00,0.04
210,2445.2798,0.9099,2446.8127,2442.1378,0.00,0.04
211,2311.6523,572.1913,2463.7327,22.9567,0.00,0.03
212,2448.0721,4.8505,2459.5340,2437.7262,0.04,0.04
213,1199.5866,1192.4001,2469.9036,-1.9324,0.00,0.02
214,2450.5206,2.9965,2459.6270,2445.7513,0.00,0.03
215,1042.1224,1097.2224,2490.0843,3.0020,0.00,0.01
216,1997.5185,871.7241,2490.8355,49.4630,0.00,0.01
217,2462.2431,11.0274,2490.5701,2447.8756,0.00,0.03
218,609.1268,1029.6050,2470.7107,-10.9342,0.00,0.01
219,2316.5386,550.8556,2463.3254,113.1742,0.00,0.03
220,2458.8720,5.6465,2470.7042,2449.8330,0.00,0.03
221,1340.0729,1093.6019,2489.4896,72.3107,0.00,0.01
222,2461.4998,9.0643,2486.4691,2451.6268,0.00,0.03
223,1233.0504,1181.9459,2491.2779,24.1724,0.00,0.01
224,2085.7873,764.8590,2482.9542,147.0777,0.00,0.02
225,2456.4228,6.0354,2468.6854,2449.2058,0.00,0.03
226,1650.1358,1121.9448,2490.1738,27.7733,0.00,0.01
227,1991.5652,893.1850,2491.3661,87.3636,0.00,0.01
228,2364.5022,412.0776,2478.5833,716.3884,0.00,0.02
229,2454.2327,3.8722,2464.3608,2446.9605,0.00,0.03
230,2253.8069,613.3029,2491.3710,571.2691,0.00,0.01
231,2298.4691,415.0376,2489.2375,990.4952,0.00,0.02
232,2447.3700,18.9663,2483.8301,2427.8135,0.00,0.02
233,2052.2075,789.8700,2487.8282,196.3044,0.00,0.02
234,2335.6525,533.0181,2490.7755,204.2758,0.00,0.02
235,2457.8149,10.9433,2475.3405,2440.8555,0.00,0.02
236,2324.7947,469.3652,2479.9310,448.5274,0.05,0.03
237,2303.0213,494.9725,2483.8603,330.9896,0.02,0.03
238,2328.7373,367.5908,2438.9861,859.2119,0.07,0.04
239,2419.8104,8.4457,2439.4212,2406.5889,0.04,0.04
240,2428.5463,9.6432,2442.7088,2409.5371,0.04,0.04
241,2179.9635,708.8102,2443.7977,238.8140,0.00,0.04
242,2443.2129,5.8452,2445.3145,2421.3551,0.01,0.04
243,2319.7935,418.5002,2446.4347,661.0971,0.00,0.04
244,2446.8107,1.0730,2449.9228,2445.3738,0.00,0.04
245,2339.8650,512.7753,2487.7797,289.1309,0.00,0.02
246,2451.4685,3.5846,2462.3082,2446.7694,0.00,0.03
247,1663.0495,1111.9897,2489.4480,47.7171,0.00,0.01
248,2372.3459,433.0084,2490.6472,640.5568,0.00,0.01
249,2334.1541,556.7535,2488.4213,107.4857,0.00,0.02
250,2470.6147,10.7774,2490.6561,2456.9969,0.00,0.02
251,2353.0199,428.3046,2490.5390,640.5674,0.00,0.02
252,2446.5218,2.4458,2452.6089,2442.5778,0.00,0.04
253,2460.5872,7.0150,2474.6101,2450.5406,0.00,0.03
254,2382.0845,335.9489,2489.5957,1038.9663,0.00,0.02
255,2452.3437,3.9366,2462.2111,2447.5589,0.00,0.03
256,1811.8397,1036.2343,2483.6101,52.6763,0.00,0.01
257,2456.2945,8.2660,2477.0486,2447.1888,0.00,0.03
258,2089.6818,791.6773,2467.1557,166.8162,0.00,0.03
259,2445.5640,2.3001,2448.3638,2437.5179,0.00,0.04
260,2174.1417,705.9617,2460.7866,-9.7265,0.01,0.03
261,2447.1754,16.6754,2467.7148,2422.7473,0.00,0.03
262,1510.8965,1158.4047,2488.1705,-0.9607,0.15,0.02
263,2454.7438,10.7325,2475.0356,2424.7215,0.00,0.03
264,2444.9450,11.0779,2459.8606,2418.6146,0.01,0.03
265,2432.0157,16.2138,2456.6524,2388.0737,0.02,0.04
266,2357.5465,119.1840,2450.6334,2080.6757,1.48,0.04
267,2444.6696,7.0114,2452.6755,2418.3533,0.02,0.04
268,2445.6581,1.8053,2449.3890,2440.3797,0.01,0.04
269,2455.8934,5.3029,2465.4572,2447.0777,0.00,0.03
270,2255.7114,484.2541,2490.6720,957.9513,0.01,0.01
271,2406.0510,293.5844,2491.4510,1232.0752,0.00,0.01
272,2472.1732,8.8704,2488.3946,2457.6392,0.00,0.02
273,2457.4473,22.7193,2489.8686,2420.1972,0.01,0.02
274,2462.7430,13.6272,2480.8843,2423.4851,0.00,0.02
275,1923.4776,912.2411,2489.2614,159.3449,0.02,0.01
276,2322.3285,502.9788,2482.1025,311.6811,0.01,0.03
277,2447.6706,4.6531,2459.5336,2439.8496,0.00,0.03
278,2339.3014,553.0935,2491.0786,127.1717,0.00,0.01
279,2461.5989,6.6433,2472.7551,2445.8970,0.00,0.03
280,1019.9107,1077.7223,2489.9465,100.7788,0.01,0.01
281,1801.8220,1028.5092,2474.5342,86.9533,0.00,0.02
282,2448.6425,2.4650,2455.7405,2446.2165,0.00,0.04
283,1787.2001,1059.2059,2485.1617,78.3330,0.00,0.02
284,2454.7195,4.4566,2460.5442,2448.4814,0.00,0.03
285,2339.8641,539.0413,2491.1009,184.1228,0.01,0.02
286,2456.7473,9.5876,2488.7930,2447.9059,0.01,0.03
287,1586.4590,1066.5846,2489.9551,54.3608,0.00,0.02
288,2174.6063,780.8439,2470.8527,23.4088,0.02,0.02
289,2455.4979,9.7378,2471.9750,2425.7637,0.00,0.03
290,2256.4735,585.7352,2488.6250,650.9263,0.04,0.02
291,2466.7071,8.5601,2481.9993,2449.8103,0.00,0.02
292,1845.2618,979.3374,2476.6335,43.7884,0.02,0.02
293,2454.2666,4.5352,2463.1060,2449.1431,0.01,0.03
294,2478.9538,6.4485,2491.0279,2466.7440,0.00,0.01
295,1654.2310,1086.9880,2488.8979,51.5728,0.01,0.02
296,2335.0761,468.7708,2464.8413,460.1442,0.02,0.03
297,2324.0576,479.7107,2459.5001,410.3913,0.31,0.03
298,2446.3620,5.9564,2456.3146,2426.1371,0.01,0.04
299,2446.1108,1.7529,2449.5947,2442.5926,0.00,0.04
0,127.0565,250.1049,747.2823,-63.0721,40.43,0.04
1,603.7108,601.7696,1670.4150,-69.0280,3.26,0.03
2,468.2061,595.8950,1957.0696,-73.8693,6.74,0.04
3,712.5909,797.6260,2222.3367,-51.3555,0.24,0.01
4,1306.4751,907.6064,2257.7986,5.6175,0.64,0.03
5,1892.0652,576.5163,2352.9746,-10.3479,2.08,0.05
6,1178.2439,654.2486,2201.5740,-82.1538,12.53,0.12
7,1821.4627,238.0879,2190.8472,1328.3972,0.85,0.05
8,2276.6058,147.9595,2408.1377,1763.3781,0.14,0.04
9,2309.9418,221.3383,2419.7193,1488.5186,0.12,0.04
10,2252.0974,557.1311,2429.3196,97.6168,0.03,0.04
11,2316.3655,86.0122,2399.7722,2063.4026,0.01,0.04
12,2413.1065,25.9925,2450.6530,2355.4600,0.00,0.04
13,2397.2730,221.2521,2465.3803,1540.7880,0.00,0.03
14,2449.5568,4.0887,2458.7722,2440.1834,0.00,0.03
15,1560.7092,1066.5071,2490.4255,-25.3568,0.00,0.01
16,1342.2776,1027.6915,2482.0590,100.3743,0.00,0.02
17,1923.4196,849.8902,2489.1833,341.0253,0.00,0.01
18,2325.0315,520.9487,2475.5112,307.6128,0.00,0.03
19,2160.3973,556.2611,2480.3983,831.4906,0.00,0.03
0,260.7179,391.4035,1153.4449,-75.4784,25.00,0.07
1,206.2786,303.0828,879.5409,-87.4489,29.48,0.04
2,899.4186,842.7228,2136.7445,-58.6181,0.00,0.02
3,1877.6229,564.4881,2259.8879,328.6402,0.00,0.03
4,2070.4691,452.9466,2352.8006,445.7996,0.00,0.02
5,1923.6020,738.6028,2348.8524,367.8302,0.00,0.03
6,1812.5924,875.2640,2364.4275,88.8105,0.00,0.03
7,2146.2734,505.8964,2377.1181,284.2429,0.00,0.03
8,1828.6751,714.2863,2369.8461,133.3315,0.00,0.04
9,343.6614,699.3894,2214.7753,-78.2434,0.00,0.02
10,812.6665,1016.8749,2313.7606,-66.2018,0.00,0.02
11,1882.9676,841.9986,2366.3448,104.5423,0.00,0.03
12,2322.5569,37.1294,2373.2552,2219.4711,0.00,0.03
13,2102.3417,543.4327,2410.7377,503.9766,0.00,0.03
14,2373.5194,5.7809,2385.6061,2361.7959,0.00,0.04
15,2195.7917,574.5155,2428.1227,458.6201,0.00,0.02
16,2327.4816,296.8537,2433.1625,1179.4018,0.00,0.02
17,499.2439,937.0082,2436.4806,-56.6118,0.00,0.01
18,2174.1076,614.9609,2413.3229,-36.9602,0.00,0.03
19,2325.3435,169.4265,2389.0023,1673.3321,0.00,0.03
20,2322.4287,48.9768,2362.3614,2181.9844,0.00,0.03
21,2397.8443,12.4726,2429.3469,2379.9659,0.00,0.03
22,83.4935,567.2457,2280.3795,-66.6639,0.27,0.03
23,276.3272,443.6027,1458.8926,-82.6524,22.93,0.14
24,1060.3015,674.0849,2183.1362,-43.5064,6.10,0.06
25,1781.3749,526.5680,2242.3452,26.7780,0.72,0.03
26,1755.7209,812.9989,2339.9522,72.7287,0.28,0.03
27,1895.6748,713.8016,2337.3489,23.6840,0.69,0.03
28,2119.8723,545.2551,2408.0456,213.9297,0.00,0.04
29,2278.4895,53.2223,2345.6238,2158.2644,0.04,0.04
30,2224.2912,548.4148,2380.4979,100.4779,0.00,0.04
31,2323.0420,39.2143,2369.1817,2198.9510,0.00,0.04
32,2374.7376,0.8824,2376.7171,2373.5616,0.00,0.04
33,2372.6831,10.2626,2377.4115,2334.4091,0.00,0.04
34,2354.8744,56.4920,2380.1903,2155.5371,0.08,0.04
35,2374.4668,0.8597,2375.5463,2372.6868,0.00,0.04
36,2088.7893,769.3249,2390.2387,-52.0369,0.00,0.04
37,2375.7936,0.5241,2376.7110,2374.7789,0.00,0.04
38,2181.0073,605.6888,2395.2214,-26.9419,0.03,0.03
39,2390.0584,7.5188,2409.9407,2381.4551,0.00,0.03
40,-45.2561,30.0554,56.3336,-61.7164,0.00,0.02
41,1520.5087,1156.1423,2436.9111,-66.5146,0.00,0.02
42,2378.9967,1.5355,2382.2734,2376.9202,0.00,0.04
43,2030.8627,685.5898,2439.3873,428.0914,0.00,0.01
44,1412.8401,1135.0503,2430.3236,-32.3682,0.19,0.02
45,150.1709,608.0334,2437.1639,-66.6874,0.00,0.02
46,2041.4013,789.6248,2439.4167,-31.8705,0.00,0.02
47,2381.8538,4.4354,2393.5005,2376.8216,0.00,0.04
48,575.8237,922.9614,2436.5608,-61.6419,0.00,0.01
49,1979.7871,795.4984,2428.8506,-61.6422,0.00,0.03
50,2393.4714,10.7682,2413.9326,2377.8808,0.00,0.03
51,-66.6617,0.0451,-66.5390,-66.7186,0.00,0.04
52,303.7968,809.1105,2425.7976,-61.4871,0.00,0.01
53,2385.4512,9.1601,2405.8523,2374.9835,0.00,0.03
54,2141.4537,736.3048,2435.0196,-22.0739,0.00,0.01
55,2385.1633,6.4575,2402.9737,2376.8274,0.00,0.03
56,-54.4810,9.0936,-31.9137,-61.7363,0.00,0.02
57,1792.8557,1061.4873,2416.7308,-61.6568,0.00,0.02
58,2376.0818,1.4413,2378.0618,2373.5357,0.00,0.04
59,2380.7134,2.5713,2385.7374,2377.2679,0.00,0.04
60,1127.1998,1168.4803,2437.9236,-56.5803,0.00,0.01
61,2381.4859,3.0998,2386.9517,2377.1300,0.00,0.03
62,1046.3190,1220.9054,2438.1426,-66.6656,0.00,0.01
63,2388.8253,7.4629,2403.2967,2377.2554,0.00,0.03
64,116.0973,599.5932,2436.4417,-66.5931,0.00,0.01
65,1979.8594,899.0176,2432.2068,-61.4758,0.00,0.02
66,552.8376,838.2705,2380.9826,14.9087,0.72,0.04
67,977.7986,1003.2569,2452.3356,-42.4083,1.92,0.01
68,1698.1844,907.5711,2395.6877,-61.8441,7.53,0.04
69,1406.5958,963.0137,2386.6593,8.3583,0.31,0.03
70,463.5520,742.5932,2438.6045,-65.1861,0.48,0.01
71,1408.0579,1149.1861,2416.6332,-61.6198,0.00,0.02
72,956.1370,1003.3076,2429.0456,95.9546,0.01,0.02
73,2033.3192,662.0030,2431.9400,-52.0699,1.06,0.03
74,805.7406,756.1001,2333.6788,87.7884,0.47,0.02
75,630.6557,768.1079,2415.9404,29.5347,1.10,0.03
76,1341.5428,761.5618,2440.2404,-25.4629,0.00,0.01
77,1827.2020,784.4426,2424.0265,155.2983,6.10,0.02
78,1654.2927,846.2400,2402.3052,-22.9518,0.00,0.02
79,2154.6538,598.7374,2429.4911,-69.6328,1.91,0.04
80,2394.1359,23.4412,2421.0975,2337.7769,0.01,0.03
81,2115.1081,806.6238,2441.7371,-36.3740,2.99,0.02
82,2147.7022,585.1143,2415.5078,562.5199,0.00,0.03
83,2377.8286,43.1667,2418.6880,2274.2740,0.00,0.03
84,2382.7176,97.5135,2432.3321,2046.8568,0.04,0.03
85,2343.9147,197.2771,2428.5103,1637.1408,0.00,0.03
86,2407.7345,11.3814,2421.8786,2382.6817,0.00,0.03
87,2419.7563,18.6900,2450.3241,2382.1544,0.00,0.02
88,2227.2023,474.8078,2434.8134,769.3776,0.00,0.02
89,1951.6050,846.0017,2452.5816,88.4416,0.00,0.02
90,1400.4714,1062.8244,2441.3296,-66.5235,0.00,0.02
91,2361.8627,58.5314,2431.5054,2250.8427,0.00,0.02
92,2080.8117,812.1295,2458.7810,-42.1529,0.00,0.01
93,1881.5415,926.3064,2436.8265,156.5839,0.00,0.02
94,1895.1664,784.2918,2430.5511,-3.2414,3.12,0.04
95,2383.9838,35.1902,2423.3349,2304.1844,0.00,0.03
96,1570.5758,794.7453,2428.6584,355.6354,0.24,0.02
97,1836.3378,707.0063,2420.4684,413.5258,0.03,0.02
98,1848.0937,989.3128,2457.8097,49.3283,0.05,0.02
99,1972.3227,636.8227,2422.8329,534.8779,0.65,0.02
100,1978.8804,823.1644,2408.5383,-66.6955,0.08,0.03
101,2404.4096,19.7724,2425.0655,2339.6325,0.01,0.02
102,2354.9187,200.0178,2434.3761,1582.7521,0.00,0.03
103,2416.9126,16.3987,2441.9414,2359.7249,0.00,0.02
104,2358.9738,267.8905,2447.9780,1321.8735,0.00,0.02
105,2263.5341,601.6975,2427.2480,-66.7668,0.00,0.03
106,2323.5300,260.9766,2431.5150,1526.4401,0.00,0.03
107,2259.8183,604.5226,2421.2344,-81.4398,0.00,0.03
108,2415.5203,3.8800,2423.4172,2410.6400,0.00,0.03
109,2057.0367,762.5569,2419.4833,-66.7526,0.00,0.03
110,2418.6512,4.5342,2425.9986,2410.9392,0.00,0.03
111,1116.6145,1194.4766,2413.4420,-66.7614,0.00,0.04
112,2416.5547,5.5734,2426.1752,2406.8370,0.00,0.03
113,1617.4479,939.8478,2488.8173,458.0579,0.00,0.02
114,1944.2639,922.4935,2485.0204,33.4048,0.01,0.01
115,2255.5716,556.1348,2469.5485,132.5130,0.01,0.03
116,2404.2723,20.3078,2418.4710,2328.5874,0.00,0.03
117,2409.0239,14.0035,2428.9777,2363.2327,0.00,0.03
118,2256.0090,603.8474,2428.3846,-82.4758,0.00,0.04
119,2386.9654,85.0279,2453.3816,2125.0100,0.00,0.03
120,2415.7677,14.8695,2445.0856,2388.7244,0.00,0.03
121,2423.4569,35.7176,2451.6898,2337.9497,0.00,0.03
122,2305.3203,545.7254,2473.4047,192.2660,0.00,0.03
123,2423.0923,3.2353,2431.8932,2416.3108,0.01,0.04
124,2430.2670,6.5905,2448.7969,2417.6498,0.00,0.03
125,2157.8605,813.5791,2482.0599,-16.4087,0.01,0.02
126,2428.8595,3.1412,2435.9822,2422.3572,0.00,0.04
127,2009.8872,944.6316,2489.4352,34.4317,0.00,0.02
128,2427.3505,1.9698,2429.7826,2423.9255,0.00,0.04
129,2331.4985,440.3352,2473.7510,626.7291,0.00,0.03
130,2427.5875,6.7930,2453.1412,2422.5414,0.00,0.04
131,2153.8787,813.4809,2483.9138,-12.5221,0.00,0.02
132,2306.4739,568.7706,2481.7513,104.2592,0.01,0.02
133,2415.7136,15.7744,2451.6561,2393.5927,0.00,0.03
134,1758.0667,1055.2890,2486.3339,33.7798,0.00,0.01
135,2424.6525,10.0841,2441.4262,2402.0429,0.00,0.03
136,2425.5122,4.6808,2433.8425,2414.9294,0.00,0.04
137,432.3792,782.3582,2479.1285,-22.1755,0.00,0.02
138,1382.8134,1224.5381,2479.7836,-36.9153,0.00,0.02
139,2423.4049,2.0560,2427.0467,2420.6064,0.00,0.04
140,2303.2202,587.2814,2482.7291,29.4173,0.00,0.02
141,2425.3573,3.6861,2431.0357,2414.3150,0.00,0.04
142,2120.1630,756.9492,2486.2933,181.4636,2.10,0.05
143,2424.5404,0.8222,2426.0224,2423.0257,0.00,0.04
144,2426.2786,2.3161,2434.9622,2425.1268,0.00,0.04
145,2308.4808,573.5486,2485.1607,87.7242,0.00,0.02
146,2428.8533,2.9101,2437.4895,2425.6090,0.00,0.04
147,2043.7519,893.1583,2490.4068,138.5265,0.00,0.01
148,2435.1557,6.7890,2455.2647,2426.9925,0.00,0.03
149,490.6135,957.6071,2489.9346,-11.7940,0.00,0.02
150,2431.2894,8.8733,2451.5274,2418.5517,0.00,0.03
151,1853.7186,1060.8395,2491.4196,-1.6680,0.00,0.01
152,2100.5909,700.3769,2436.1423,129.1932,0.00,0.04
153,2315.2186,309.3513,2459.0560,1248.4051,2.80,0.08
154,2038.3693,634.3154,2448.2625,673.4755,0.01,0.03
155,1966.7360,495.4447,2446.7865,1257.0209,6.39,0.11
156,2431.9326,4.6913,2441.3943,2424.9172,0.01,0.03
157,1049.9657,1213.1348,2489.1626,-26.0942,0.00,0.01
158,2426.3901,9.4180,2444.6961,2403.7396,0.00,0.03
159,121.3786,609.1177,2479.1801,-55.9185,0.00,0.02
160,2292.8662,587.5854,2485.4439,19.5411,0.00,0.02
161,2338.2349,304.9186,2433.6897,1162.5621,0.25,0.04
162,2429.0465,6.5377,2448.2670,2422.7830,0.00,0.04
163,1368.3610,1232.6771,2486.4538,-43.4269,0.00,0.01
164,2429.1778,11.6167,2451.4764,2394.8214,0.01,0.03
165,1946.1962,937.4447,2489.1979,-25.5602,0.00,0.01
166,2436.3489,5.1698,2445.8898,2426.4132,0.00,0.03
167,593.3339,1087.5289,2486.4356,-53.3927,0.39,0.02
168,2434.2155,8.7469,2447.0753,2408.9332,0.00,0.03
169,1015.6608,1202.8683,2488.2239,-41.6132,0.00,0.01
170,2423.5306,4.0432,2429.8307,2417.0155,0.00,0.04
171,2447.6970,12.3866,2472.1977,2428.7772,0.00,0.03
172,120.0839,577.6315,2356.8995,-47.2955,1.56,0.04
173,1189.8621,1162.7087,2421.8729,-54.3495,0.14,0.04
174,1055.8998,1196.9645,2426.9143,-41.7171,0.04,0.04
175,1988.5906,785.4890,2424.0427,-12.2713,0.05,0.04
176,2402.9128,26.9582,2424.9507,2328.5305,0.08,0.04
177,2420.9293,5.8208,2431.3677,2409.9519,0.04,0.04
178,1364.1622,1209.1631,2463.3056,-41.0488,0.00,0.02
179,2290.4427,493.4511,2429.2499,379.9083,0.04,0.04
180,2096.5767,726.4310,2434.2217,55.3370,0.00,0.03
181,2431.2274,4.9696,2438.9659,2421.8455,0.00,0.03
182,1608.2376,1136.2788,2477.7605,-41.9674,0.00,0.02
183,2388.6007,21.6005,2425.6831,2343.2993,0.04,0.04
184,2420.4160,9.2594,2431.6968,2393.7656,0.00,0.04
185,2423.8373,3.3535,2430.7468,2417.8424,0.03,0.04
186,1843.6887,968.6720,2429.5868,115.4833,0.05,0.03
187,2420.2113,11.4387,2429.2248,2383.9965,0.01,0.04
188,2427.2817,2.7642,2431.5988,2420.5070,0.00,0.04
189,2409.3496,64.4986,2444.8501,2167.3506,0.03,0.03
190,2426.5894,2.0692,2432.6439,2422.4639,0.00,0.04
191,2143.5860,757.1670,2441.7099,131.4728,0.00,0.03
192,2432.7668,7.8094,2444.2711,2422.4828,0.00,0.03
193,652.8099,927.4688,2487.7266,-16.5686,0.00,0.02
194,2029.0646,861.5381,2463.0202,4.1822,0.00,0.02
195,2431.7504,4.5185,2440.0869,2423.7235,0.00,0.03
196,1895.9804,993.7318,2485.7371,4.1481,0.00,0.01
197,2429.2232,3.6825,2440.6952,2422.8571,0.00,0.04
198,1066.1255,1105.1064,2490.4072,-11.8023,0.00,0.01
199,2435.6274,6.2584,2452.5497,2427.0564,0.00,0.03
0,242.3110,346.1831,1020.5795,-82.1449,28.85,0.06
1,16.3387,130.5637,374.5217,-96.6558,49.59,0.08
2,220.0238,370.8314,1272.7362,-81.9918,16.38,0.09
3,503.9974,771.2264,2054.4881,-84.0403,6.25,0.05
4,1378.6501,806.0360,2249.1288,3.5282,0.00,0.02
5,1308.7493,859.4141,2184.9015,-56.8820,0.00,0.03
6,1290.3265,797.2098,2339.5339,-63.0338,0.00,0.03
7,1553.7953,874.7153,2299.5805,99.7925,0.00,0.03
8,1445.2450,991.8975,2366.6418,75.6653,0.00,0.02
9,1192.0716,1034.3660,2329.0317,-60.0956,0.00,0.02
10,1055.0252,978.6911,2360.8986,65.2794,0.03,0.03
11,1901.6641,761.7383,2360.7648,21.1174,0.10,0.03
12,2130.7018,569.6356,2378.4478,-54.4715,0.00,0.04
13,2127.5697,539.3475,2358.5514,79.6572,0.16,0.04
14,1257.4736,1079.3155,2328.5409,-59.2547,0.00,0.02
15,1285.1797,808.1351,2254.7148,46.7607,0.00,0.04
16,2209.1367,57.3173,2333.1796,2135.4039,0.00,0.04
17,1435.1781,1061.0931,2418.0600,147.0755,0.00,0.02
18,2150.1202,533.0778,2394.6011,352.0887,0.00,0.03
19,1787.3484,943.0668,2372.4246,94.9117,0.00,0.04
20,2315.8521,36.4992,2371.4970,2232.4955,0.00,0.04
21,2373.3749,4.5014,2377.2854,2358.8661,0.00,0.04
22,2376.6530,1.0735,2378.6737,2375.3550,0.00,0.04
23,431.8946,951.2273,2408.2779,-66.7139,0.00,0.03
24,2375.9399,9.7988,2390.4694,2356.3332,0.00,0.04
25,1945.9323,921.9590,2403.7959,-66.5202,0.00,0.03
26,2144.6292,656.7269,2415.9539,155.0816,0.00,0.03
27,2392.7833,10.8720,2416.2336,2378.4707,0.00,0.03
28,-59.1256,12.9588,-12.2348,-66.6643,0.00,0.02
29,2051.8208,806.1321,2439.7691,-61.6113,0.00,0.02
30,1979.8417,769.0664,2377.2675,28.7743,0.06,0.04
31,2292.9536,336.6829,2383.4403,989.0065,0.00,0.04
32,2381.7733,8.7668,2414.3703,2373.4083,0.00,0.04
33,1557.0402,1109.2060,2438.2721,-46.6491,0.00,0.01
34,2235.5689,589.4960,2423.4949,-47.0718,0.00,0.03
35,2378.9087,3.9384,2388.8334,2375.7933,0.00,0.04
36,1853.7524,968.3531,2423.0643,-52.3174,0.00,0.02
37,2377.6659,3.8259,2386.6194,2371.9170,0.00,0.04
38,1182.3542,1223.8537,2433.2103,-61.5143,0.00,0.02
39,2379.8260,11.6974,2400.4227,2343.6029,0.00,0.03
40,1920.3533,889.2462,2436.5354,-32.2475,0.00,0.02
41,563.3320,1064.8031,2438.9730,-66.5219,0.00,0.02
42,2071.2804,703.5717,2398.9832,135.8638,0.00,0.03
43,1321.5328,1213.2753,2401.5645,-66.5498,0.00,0.03
44,2381.4273,7.5758,2400.0085,2376.2421,0.00,0.04
45,2147.5596,737.3962,2438.0884,-12.4806,0.00,0.01
46,333.8220,825.6921,2438.2308,-61.5503,0.00,0.01
47,1141.9932,1094.9509,2401.4354,91.1512,0.00,0.03
48,2377.5070,0.9952,2379.1253,2375.9874,0.00,0.04
49,2246.3832,594.7939,2426.4019,-56.8880,0.00,0.03
50,2265.9731,481.8553,2400.9515,399.8709,0.00,0.03
51,2284.1376,368.6181,2384.3713,856.5089,0.00,0.04
52,2380.6826,7.1544,2407.9504,2376.6211,0.00,0.04
53,1247.4404,1087.8881,2404.5024,-51.6459,0.00,0.02
54,2382.8768,3.2126,2389.7490,2378.6445,0.00,0.03
55,1706.8947,991.1845,2439.4585,-56.5319,0.00,0.01
56,2383.4107,5.0376,2397.2771,2378.5962,0.00,0.03
57,697.5550,1048.1463,2434.9916,-61.5958,0.00,0.01
58,2388.1622,5.1820,2396.0188,2381.2134,0.00,0.03
59,490.5903,946.1657,2436.5956,-61.7842,0.00,0.01
60,2245.2715,549.9485,2405.7110,115.4867,0.00,0.03
61,2387.4616,5.8193,2397.5095,2379.8805,0.00,0.03
62,-64.8237,2.3730,-61.5148,-66.7430,0.00,0.03
63,1642.8226,1040.9886,2439.1789,-61.8080,0.00,0.01
64,2390.2678,7.4593,2402.5487,2380.7333,0.00,0.03
65,-60.9680,4.9477,-46.6970,-66.6406,0.00,0.02
66,1621.2799,1032.1428,2440.0085,-51.5750,0.00,0.02
67,2234.3694,571.4191,2384.0347,21.2764,0.00,0.03
68,2377.6224,1.1055,2379.6087,2375.9657,0.00,0.04
69,1937.4696,746.8932,2430.9852,414.6735,0.00,0.02
70,2222.5319,495.9993,2430.9161,905.9236,0.00,0.02
71,2385.3286,6.5021,2403.8512,2378.7166,0.00,0.03
72,148.5940,612.4789,2424.1782,-61.6808,0.00,0.02
73,2316.0714,299.9696,2426.4295,1154.9157,0.00,0.03
74,2382.7399,4.5411,2395.0459,2378.0233,0.00,0.03
75,677.8975,963.5486,2439.7857,-61.5533,0.00,0.01
76,2386.8577,7.1385,2407.7464,2380.0997,0.00,0.03
77,1291.5733,1139.0931,2431.2474,-61.6231,0.00,0.01
78,2375.8174,0.7147,2378.1929,2375.2639,0.00,0.04
79,2398.0903,12.8257,2434.4224,2386.4801,0.00,0.03
80,322.1284,840.5480,2439.9018,-66.4884,0.00,0.02
81,2384.1832,3.7714,2391.7574,2378.2443,0.00,0.03
82,1821.3769,920.4617,2439.2826,-22.0047,0.00,0.01
83,1748.2471,997.8833,2415.0364,-61.7912,0.00,0.02
84,2268.0186,495.1132,2406.5605,350.6070,0.00,0.03
85,2380.8726,3.2630,2389.2164,2376.6287,0.00,0.04
86,423.5800,821.5113,2431.8930,-61.6586,0.00,0.01
87,1927.3894,791.2207,2410.8744,125.6039,0.00,0.03
88,2387.5049,7.5705,2408.5076,2380.7490,0.00,0.03
89,276.7770,815.3891,2436.9052,-61.6137,0.00,0.01
90,2325.2491,339.1064,2434.6595,1012.6997,0.00,0.02
91,1852.6543,805.4010,2431.0481,424.3656,0.00,0.03
92,2377.5308,3.7520,2382.2303,2368.5043,0.00,0.04
93,2388.4569,6.8517,2411.5477,2380.0977,0.00,0.03
94,334.4427,828.4043,2437.9055,-66.5792,0.00,0.01
95,2402.9780,14.4828,2435.7084,2382.0310,0.00,0.02
96,-65.3464,2.7882,-56.6762,-66.6666,0.00,0.03
97,2151.2889,720.2037,2439.2373,41.6677,0.00,0.01
98,2393.1228,7.4667,2408.9204,2382.7754,0.00,0.03
99,296.7414,814.8295,2432.1978,-61.6315,0.00,0.02
100,2386.5243,4.6713,2394.1625,2378.0401,0.00,0.03
101,799.9992,987.3608,2417.2205,-66.5681,0.00,0.01
102,2392.6530,10.8520,2409.7890,2364.0173,0.01,0.03
103,1983.8023,911.3410,2439.4394,-56.5027,0.00,0.01
104,2379.9687,2.3331,2387.3230,2377.4232,0.00,0.04
105,2162.1224,646.3861,2429.8280,447.3240,0.00,0.02
106,2379.2214,2.0826,2384.2179,2377.0078,0.00,0.04
107,1234.6808,1071.2625,2436.5745,-26.9654,0.00,0.01
108,2386.8164,6.6708,2406.6700,2379.7095,0.00,0.03
109,722.5325,1150.2801,2439.0365,-66.7017,0.00,0.01
110,2384.4136,8.7649,2406.3024,2376.7236,0.00,0.03
111,-26.7556,121.3992,442.4741,-66.6189,0.00,0.02
112,1223.7002,1196.2402,2433.9400,-66.5769,0.00,0.02
113,2244.2108,556.3214,2425.0339,90.2232,0.00,0.03
114,1162.9508,1210.5155,2378.8004,-57.2464,0.00,0.04
115,2375.0553,9.9608,2381.6702,2337.5337,0.00,0.04
116,2072.9137,805.1214,2380.2873,-57.2413,0.00,0.04
117,2242.4781,341.3937,2377.7151,943.8413,0.09,0.04
118,1188.3735,1192.4228,2384.4567,-61.8465,3.08,0.07
119,1929.3632,812.1051,2380.7782,-61.5215,0.21,0.04
120,2374.9509,0.7338,2375.6967,2372.3496,0.00,0.04
121,550.7093,1053.6419,2376.2552,-66.7492,0.00,0.04
122,2175.5886,525.1044,2377.5337,169.6607,0.31,0.04
123,2215.8174,587.0037,2378.4015,-57.2493,0.10,0.04
124,2088.1489,644.1551,2375.4498,344.2676,0.63,0.05
125,2376.1041,0.7210,2377.7071,2375.2557,0.00,0.04
126,2157.2511,597.6063,2400.8362,540.6027,0.08,0.03
127,2099.1611,756.7461,2416.5146,-61.5867,0.01,0.03
128,2081.4163,772.3811,2378.1105,-22.5177,0.00,0.04
129,1413.2400,872.9246,2375.6707,145.5310,0.01,0.04
130,2260.6109,446.4646,2378.0895,531.4635,0.00,0.04
131,2376.6335,2.9043,2387.4644,2375.1746,0.00,0.04
132,2384.8471,7.6937,2403.2379,2376.3309,0.00,0.03
133,1446.7387,1134.3695,2438.0841,-51.6145,0.00,0.01
134,1677.6187,912.4917,2404.0373,-39.7060,1.14,0.04
135,2401.2246,12.2192,2428.2297,2379.2655,0.00,0.02
136,-63.7786,3.4827,-56.6166,-66.7001,0.00,0.03
137,1802.2391,1066.3678,2437.6845,-61.8423,0.00,0.02
138,2236.6904,592.2335,2411.7805,-56.6049,0.01,0.03
139,2283.3753,397.8056,2393.7571,742.7645,0.00,0.03
140,1660.4937,1129.9275,2438.0130,-51.6453,0.00,0.01
141,2290.9099,378.0846,2429.9801,827.5553,0.00,0.03
142,2376.9870,1.8852,2380.4831,2372.8839,0.00,0.04
143,2252.7740,540.4757,2416.7831,159.8294,0.00,0.03
144,2380.3081,2.9886,2387.7345,2376.8333,0.00,0.04
145,729.6984,1139.1254,2430.0295,-61.7161,0.00,0.01
146,2381.4994,3.9731,2392.2929,2377.0360,0.00,0.04
147,733.9722,1136.5076,2434.6716,-61.7345,0.00,0.01
148,2383.4775,4.1566,2390.5831,2378.4486,0.00,0.03
149,209.2805,598.2614,2437.9882,-61.5942,0.00,0.01
150,2161.5208,656.6360,2421.3514,51.4541,0.00,0.02
151,2378.7694,3.5597,2386.7800,2375.5083,0.00,0.04
152,92.8149,604.5960,2434.3184,-66.7392,0.00,0.03
153,2007.7652,855.9262,2437.5652,-46.6867,0.00,0.02
154,2378.9255,4.7104,2395.9760,2375.5682,0.00,0.04
155,353.3153,816.5328,2420.7023,-66.6294,0.00,0.01
156,2389.5329,7.3116,2404.7556,2380.0003,0.00,0.03
157,410.4262,970.8080,2436.7553,-66.6489,0.00,0.02
158,2286.7730,402.5523,2400.4440,727.8496,0.00,0.03
159,2349.7405,123.5384,2393.2107,1871.6780,0.00,0.04
160,2377.0914,1.8698,2383.1994,2375.4847,0.00,0.04
161,2252.8417,592.5901,2427.6712,-41.7139,0.00,0.02
162,2378.0856,1.5008,2381.3766,2376.3395,0.00,0.04
163,2175.0840,628.6651,2435.6844,139.5260,0.00,0.02
164,2376.2241,1.3317,2379.7143,2375.0860,0.00,0.04
165,2277.0073,456.1767,2416.2386,510.5888,0.00,0.03
166,2377.5958,1.7416,2382.4206,2375.6806,0.00,0.04
167,2108.3576,803.6565,2431.9198,-61.5972,0.00,0.02
168,2381.0304,2.6290,2386.1713,2377.3679,0.00,0.04
169,1508.2263,1184.2228,2436.4835,-36.8106,0.00,0.01
170,2381.6008,2.6349,2387.7669,2378.3973,0.00,0.04
171,1856.0757,970.1045,2435.8704,-22.0820,0.00,0.01
172,2381.6196,3.2287,2386.9494,2376.6008,0.00,0.04
173,-39.3704,46.2972,134.6363,-66.5156,0.00,0.01
174,1979.5925,877.0589,2417.1386,12.2862,0.00,0.02
175,2081.8277,760.4312,2405.1505,-7.3219,0.00,0.03
176,2381.7757,3.3336,2391.9172,2378.3110,0.00,0.04
177,1814.5927,1046.0621,2438.1387,-46.6387,0.00,0.01
178,2378.9750,2.6625,2387.8192,2376.4197,0.00,0.04
179,1681.7008,1103.9400,2436.5231,-61.5275,0.00,0.01
180,2376.3683,0.3578,2377.0340,2375.7533,0.00,0.04
181,2383.2347,4.3492,2391.5563,2377.6980,0.00,0.03
182,-46.4373,24.6469,17.1866,-66.5063,0.00,0.02
183,2400.4826,15.7522,2438.4858,2382.2523,0.00,0.02
184,-66.0084,1.6462,-61.6504,-66.7214,0.00,0.03
185,313.9982,813.6729,2435.5728,-56.6304,0.00,0.01
186,2402.0975,11.8154,2436.8799,2385.8023,0.00,0.02
187,-53.5500,21.2974,26.9792,-66.4831,0.00,0.02
188,2112.1431,803.9442,2436.9286,-26.9546,0.00,0.01
189,2384.7329,4.3384,2395.6821,2378.5203,0.00,0.03
190,750.3940,1130.5838,2433.4885,-61.5150,0.00,0.01
191,2383.7619,5.0776,2397.9906,2377.0249,0.00,0.03
192,267.0300,819.1699,2438.2900,-61.6494,0.00,0.01
193,2398.4114,8.6530,2419.0663,2385.0292,0.00,0.03
194,-61.5654,5.2655,-46.6745,-66.5691,0.00,0.02
195,2405.4115,13.1642,2433.6681,2385.7314,0.00,0.02
196,-60.9691,4.6248,-51.5680,-66.6393,0.00,0.02
197,2392.2968,11.4434,2411.9124,2378.1638,0.00,0.03
198,945.6744,1152.4889,2429.9577,-56.5938,0.00,0.01
199,2229.0843,399.6234,2391.7889,1153.0958,0.01,0.04
200,2381.9426,3.1441,2388.8744,2377.6799,0.00,0.04
201,2129.1600,739.6403,2434.3911,-56.6346,0.00,0.02
202,2378.3676,1.5080,2381.0077,2376.2863,0.00,0.04
203,2393.8756,9.3010,2418.4817,2383.7803,0.00,0.03
204,-1.1183,232.8639,900.5925,-66.6002,0.00,0.02
205,2258.7859,592.8552,2437.3115,-36.8192,0.00,0.02
206,2384.2359,3.7837,2392.1223,2379.0912,0.00,0.03
207,893.8133,1187.2456,2439.1100,-61.5883,0.00,0.01
208,1957.8528,886.1906,2398.2645,81.1778,0.00,0.03
209,1792.6564,1049.6715,2439.4494,-66.4686,0.00,0.02
210,2379.4448,1.9608,2384.2940,2377.1976,0.00,0.04
211,2252.6327,597.7371,2436.1185,-61.8507,0.00,0.02
212,2386.3153,7.2763,2406.5167,2377.8396,0.00,0.03
213,-61.0779,13.6731,-12.2300,-66.7322,0.00,0.03
214,2399.9320,13.2888,2431.4293,2384.6091,0.00,0.03
215,-66.3103,1.2011,-61.6622,-66.7128,0.00,0.03
216,-57.5289,6.8615,-41.7015,-66.5522,0.00,0.02
217,2263.2137,596.5127,2436.6810,-46.6128,0.00,0.02
218,2383.3945,5.0575,2398.4641,2379.3263,0.00,0.03
219,734.3616,1001.8886,2437.3786,-66.5289,0.00,0.01
220,2379.7117,2.6382,2386.2619,2375.9863,0.00,0.04
221,1013.5226,959.5704,2434.5945,61.2445,0.00,0.02
222,2250.9318,534.8347,2394.6096,179.5812,0.00,0.03
223,2378.1345,2.1539,2385.6873,2375.9094,0.00,0.04
224,2137.4954,725.4222,2432.2598,-46.6409,0.00,0.02
225,2379.0862,2.0715,2385.3472,2376.7716,0.00,0.04
226,1379.1272,1049.1463,2439.1128,-26.9738,0.00,0.01
227,2390.6091,7.8671,2411.6559,2381.0978,0.00,0.03
228,-6.3781,141.2884,530.0585,-61.6632,0.00,0.01
229,1653.5444,994.5488,2421.5112,-46.6226,0.00,0.02
230,2248.1310,511.2897,2390.7495,267.9740,0.00,0.04
231,2377.9628,1.3407,2380.9918,2375.9751,0.00,0.04
232,2397.9485,9.3122,2413.7885,2384.9958,0.00,0.03
233,-52.5984,17.1870,7.3869,-66.5593,0.00,0.02
234,2402.5216,13.6494,2428.8707,2382.2323,0.00,0.02
235,-66.6723,0.0515,-66.5193,-66.7255,0.00,0.04
236,2264.8920,585.5436,2438.9869,-2.4234,0.00,0.02
237,2385.7176,4.9367,2396.2331,2378.5952,0.00,0.03
238,2112.7516,796.9200,2439.0233,-31.8852,0.00,0.02
239,2378.4021,1.8048,2383.4433,2376.2260,0.00,0.04
240,1893.9340,902.9255,2427.0846,-41.7283,0.00,0.01
241,2378.2093,1.5090,2382.3783,2376.2066,0.00,0.04
242,2406.7686,10.8073,2428.9566,2389.9101,0.00,0.02
243,96.8489,604.6164,2438.3312,-66.6741,0.00,0.02
244,1427.2239,907.1303,2431.1833,159.9454,0.00,0.01
245,2404.6161,12.5046,2432.1389,2385.0090,0.00,0.02
246,-64.7065,2.4110,-61.4886,-66.6219,0.00,0.03
247,1657.5166,1128.7162,2439.0851,-56.6138,0.00,0.01
248,2378.8630,1.1922,2380.9542,2376.9428,0.00,0.04
249,2398.5664,9.3477,2413.9184,2382.9063,0.00,0.03
250,-64.0711,4.3003,-51.6430,-66.6456,0.00,0.03
251,2412.9789,11.1653,2432.2252,2396.9748,0.00,0.02
252,-61.2624,5.4185,-46.6361,-66.6624,0.00,0.02
253,2394.9957,7.6228,2408.5786,2383.9546,0.00,0.03
254,196.1128,616.2941,2388.2781,-56.7023,0.00,0.01
255,2378.7997,1.6593,2383.3819,2377.0112,0.00,0.04
256,719.6398,996.3218,2432.3826,-47.0906,0.00,0.01
257,2376.8877,4.9960,2380.0373,2357.7098,0.00,0.04
258,2382.4917,5.7244,2396.6642,2376.5434,0.00,0.04
259,495.8051,896.9174,2437.7512,-61.6132,0.00,0.01
260,1584.8521,1039.8468,2397.0293,131.0580,0.00,0.03
261,2376.2085,0.7178,2378.0604,2375.2818,0.00,0.04
262,2286.4626,439.7394,2414.4059,583.7338,0.00,0.02
263,2381.5983,3.0347,2389.0943,2378.4790,0.00,0.04
264,1512.0245,1065.1311,2436.3160,-56.6228,0.00,0.01
265,2391.7729,7.1757,2403.9487,2383.0896,0.00,0.03
266,-25.7299,122.3583,447.3371,-66.6105,0.00,0.02
267,2194.6886,579.1490,2431.3882,457.0359,0.00,0.02
268,2385.8550,5.0082,2394.7546,2377.7154,0.00,0.03
269,21.1689,174.2736,520.3374,-61.5548,0.00,0.01
270,2048.8864,786.5635,2433.1538,-22.0275,0.00,0.01
271,2385.2580,5.7745,2402.6177,2378.8046,0.00,0.03
272,969.0143,1123.0984,2429.7079,-61.5974,0.00,0.02
273,2382.1324,5.7831,2399.7039,2377.8222,0.00,0.04
274,2291.2567,457.4211,2430.9961,520.3318,0.00,0.02
275,2386.3382,25.9561,2409.8302,2289.5197,0.00,0.03
276,2382.7665,2.6628,2387.0494,2378.8390,0.00,0.03
277,846.7219,1080.1343,2439.7700,-51.5762,0.00,0.01
278,2385.3376,5.4676,2394.9815,2376.5035,0.00,0.03
279,1062.9983,1194.6101,2439.4993,-51.8998,0.00,0.02
280,2328.4372,115.4966,2375.3939,1892.4220,0.00,0.04
281,2375.4017,0.3745,2376.4864,2375.0496,0.00,0.04
282,2385.1722,5.0879,2393.9230,2378.0535,0.00,0.03
283,1327.6253,1126.2752,2439.5799,-47.0501,0.00,0.01
284,2379.9464,3.0355,2389.5721,2376.3873,0.00,0.04
285,1691.6291,1075.0741,2438.1999,-7.7198,0.00,0.01
286,2376.8688,1.7559,2382.5101,2375.3838,0.00,0.04
287,2408.6547,12.0897,2435.1223,2390.1084,0.00,0.02
288,21.0644,159.4276,442.5316,-56.7417,0.00,0.01
289,2404.0178,13.6472,2432.0537,2383.9018,0.00,0.02
290,-64.1240,6.0926,-41.7208,-66.6947,0.00,0.03
291,1989.9018,905.2502,2437.3591,-41.9119,0.00,0.01
292,2396.7209,7.9155,2414.8889,2385.0478,0.00,0.03
293,-58.1794,8.8963,-31.8604,-66.5798,0.00,0.02
294,2180.8254,576.1659,2409.1872,614.9502,0.00,0.03
295,2388.1584,5.4451,2396.9299,2379.8703,0.00,0.03
296,106.3777,602.0345,2437.2755,-66.5772,0.00,0.02
297,2054.3533,803.4716,2433.8276,-27.0686,0.00,0.02
298,2391.2976,7.2096,2409.9693,2382.2827,0.00,0.03
299,104.1799,601.4957,2432.3587,-66.5681,0.00,0.02
300,2401.2953,13.3834,2424.6040,2386.9502,0.00,0.02
301,-66.6102,0.0582,-66.5211,-66.7111,0.00,0.03
302,2257.0754,429.4316,2432.0531,886.0931,0.00,0.02
303,2396.4890,8.0917,2407.9192,2384.6720,0.00,0.03
304,-62.5197,4.0427,-51.5569,-66.6365,0.00,0.03
305,1285.3986,1058.2890,2436.3398,-51.6239,0.00,0.02
306,2084.8774,679.0278,2430.0438,437.6681,0.00,0.02
307,2421.0571,8.0541,2433.7609,2404.1370,0.00,0.01
308,281.3272,816.1979,2438.8951,-61.6099,0.00,0.01
309,2408.5279,10.1502,2431.0925,2392.4876,0.00,0.02
310,-60.3206,6.4665,-46.6152,-66.6286,0.00,0.02
311,2397.1873,9.9855,2419.6706,2384.9867,0.00,0.03
312,-61.8918,6.6926,-46.6402,-66.6378,0.00,0.03
313,2266.9109,501.0731,2413.3606,326.4686,0.00,0.03
314,2120.3211,742.7872,2422.3999,145.3119,0.00,0.02
315,790.9322,877.5760,2431.2417,-46.6275,0.00,0.01
316,2395.8778,12.4476,2426.1242,2381.3282,0.00,0.03
317,99.3634,598.0045,2414.9655,-66.6464,0.00,0.02
318,2310.0489,354.3054,2435.6193,939.3860,0.00,0.02
319,2382.9832,5.1402,2395.7925,2377.2670,0.00,0.03
320,1820.5403,868.6420,2405.2439,306.6103,0.00,0.02
321,2379.5998,3.4591,2384.9840,2372.4889,0.00,0.04
322,2393.8371,8.8290,2417.8952,2380.9047,0.00,0.03
323,101.4908,603.4724,2438.0279,-66.5866,0.00,0.02
324,1202.1216,1071.7199,2421.0114,-41.5835,0.00,0.02
325,2381.0172,2.4982,2386.6133,2376.9375,0.00,0.04
326,1674.8414,1092.7937,2437.1835,-56.5016,0.00,0.02
327,2375.8882,5.0294,2381.5613,2357.4270,0.00,0.04
328,2378.7475,1.7384,2383.3527,2376.0777,0.00,0.04
329,918.4033,1023.6232,2429.0222,96.1425,0.00,0.02
330,2112.8549,751.2566,2426.2497,110.7515,0.00,0.03
331,1536.8434,960.1341,2393.1952,80.8461,0.00,0.03
332,2371.8044,5.3019,2377.1464,2354.5112,0.00,0.04
333,2375.9175,0.3603,2376.6700,2375.3247,0.00,0.04
334,1974.9071,849.2754,2406.1867,188.7635,0.00,0.03
335,2375.7925,0.1099,2375.9444,2375.5422,0.00,0.04
336,2376.1605,0.2943,2376.8738,2375.8106,0.00,0.04
337,2246.1344,517.2502,2394.3787,242.9155,0.00,0.04
338,2376.7154,0.8958,2378.3812,2374.4653,0.00,0.04
339,2250.1096,503.2324,2391.0886,301.1893,0.00,0.04
340,2375.5838,0.2711,2376.1043,2375.2578,0.00,0.04
341,2376.3054,0.3341,2376.9354,2375.8597,0.00,0.04
342,2378.5940,1.4183,2383.3515,2377.1619,0.00,0.04
343,2397.5067,9.0795,2416.9702,2383.4143,0.00,0.03
344,9.7332,234.1625,915.4720,-66.5285,0.00,0.02
345,2140.1221,733.9590,2437.1137,-36.7954,0.00,0.02
346,2381.2446,2.2752,2385.8458,2377.8341,0.00,0.04
347,857.5576,806.6062,2406.9308,109.1930,0.00,0.02
348,2078.7600,793.7653,2395.5249,-81.0179,1.24,0.05
349,2375.6195,11.2315,2385.2810,2333.2494,0.00,0.04
350,1300.2852,1105.8743,2437.8287,130.6156,0.00,0.02
351,2377.8938,3.3429,2389.6461,2375.2801,0.00,0.04
352,263.0638,820.7884,2434.2520,-66.6072,0.00,0.02
353,2409.8773,20.0194,2438.3547,2378.4160,0.00,0.02
354,-63.8326,3.8484,-51.8911,-66.6206,0.00,0.03
355,257.2477,630.4760,2433.3811,-56.6381,0.00,0.01
356,1723.8147,662.0327,2398.6226,635.6557,0.00,0.03
357,2399.2204,12.4566,2422.3136,2379.5015,0.00,0.03
358,-63.7620,4.3067,-51.6510,-66.6399,0.00,0.03
359,2402.7223,9.0131,2415.4662,2390.0208,0.00,0.02
360,261.1124,820.6996,2435.0442,-66.5415,0.00,0.02
361,1780.4749,1045.3138,2410.4798,-56.5657,0.00,0.03
362,2376.0638,0.3436,2376.8034,2375.4801,0.00,0.04
363,2376.3698,0.3400,2376.8974,2375.6764,0.00,0.04
364,2378.5261,2.1180,2384.5274,2376.5171,0.00,0.04
365,1540.5981,1145.4971,2434.2167,-61.4758,0.00,0.01
366,1839.6138,818.4567,2386.2106,307.2804,0.00,0.04
367,1864.9565,800.1933,2380.0376,272.9516,0.00,0.04
368,2376.9392,0.3492,2377.8532,2376.3904,0.00,0.04
369,2382.7319,11.4495,2426.3617,2377.2171,0.00,0.03
370,-29.9065,51.0521,148.9295,-66.5433,0.00,0.02
371,2388.3992,10.2844,2411.9116,2379.0223,0.00,0.03
372,276.2899,799.3690,2377.6758,-66.6947,0.00,0.03
373,2378.7535,6.4818,2403.5270,2375.4221,0.00,0.04
374,2387.4844,8.8187,2409.1939,2378.5309,0.00,0.03
375,369.2895,813.5441,2435.1102,-61.5955,0.00,0.01
376,2400.2670,10.6952,2417.7451,2385.0352,0.00,0.03
377,134.8915,598.8791,2409.8505,-61.8108,0.00,0.02
378,2005.5065,846.3925,2434.1699,-56.4852,0.00,0.02
379,2013.0981,860.7415,2439.4130,-56.4312,0.00,0.01
380,2384.4822,4.7661,2400.5055,2379.6781,0.00,0.03
381,-19.8752,140.8839,524.9849,-66.5155,0.00,0.02
382,1843.0211,1007.4367,2437.8880,-56.4857,0.00,0.01
383,2387.4738,3.3571,2393.8172,2382.3215,0.00,0.03
384,1664.1809,1023.8692,2436.7297,-51.5210,0.00,0.01
385,2384.0106,3.8361,2390.4768,2378.1791,0.00,0.03
386,-12.7124,114.9918,428.0003,-61.6115,0.00,0.01
387,1287.3015,1151.1149,2433.6311,-51.6130,0.00,0.01
388,2380.8301,2.0540,2385.1524,2376.2642,0.00,0.04
389,2411.5985,10.7434,2432.2846,2394.1759,0.00,0.02
390,-59.1080,9.6160,-31.8577,-66.6343,0.00,0.02
391,2250.9938,597.3035,2436.9503,-61.9106,0.00,0.02
392,2401.2947,12.5310,2433.8619,2385.9007,0.00,0.02
393,-60.6607,7.6919,-36.8220,-66.6599,0.00,0.03
394,2398.2810,10.1877,2415.5678,2383.3839,0.00,0.03
395,-64.7045,2.9688,-56.6325,-66.6267,0.00,0.03
396,1270.0500,1164.6700,2438.5182,-56.5323,0.00,0.01
397,2382.6204,3.4502,2391.1620,2379.2487,0.00,0.03
398,1285.0127,1164.2444,2436.4397,-66.5245,0.00,0.01
399,2379.5501,1.4057,2382.9007,2376.8011,0.00,0.04
400,1835.8051,1005.6297,2432.9350,-56.4627,0.00,0.02
401,2377.3383,1.1139,2379.1353,2375.7143,0.00,0.04
402,2394.5947,9.7854,2420.9754,2381.8285,0.00,0.03
403,-66.3679,1.2460,-61.5487,-66.7449,0.00,0.04
404,97.1626,604.6537,2438.4961,-66.7411,0.00,0.02
405,1646.4372,1141.7390,2434.1106,-66.6219,0.00,0.02
406,2416.1932,13.6351,2439.9777,2392.0352,0.00,0.02
407,-63.4423,3.0120,-56.5190,-66.7002,0.00,0.03
408,2405.0585,11.9482,2438.4488,2389.8531,0.00,0.02
409,-65.3163,2.7988,-56.5052,-66.6940,0.00,0.03
410,1998.6659,898.4408,2438.0107,-36.8073,0.00,0.01
411,2392.8086,6.4348,2403.2022,2382.5940,0.00,0.03
412,-10.6108,123.3940,461.8903,-66.5199,0.00,0.01
413,1781.5876,945.2791,2425.0425,-66.7491,0.00,0.02
414,2378.5115,0.9417,2380.8333,2376.5480,0.00,0.04
415,2385.2053,5.6101,2401.2457,2379.1158,0.00,0.03
416,-60.0154,4.5749,-51.5742,-66.6315,0.00,0.02
417,2408.2440,13.5860,2430.7374,2384.5754,0.00,0.02
418,-65.3707,2.8053,-56.6023,-66.7023,0.00,0.03
419,1720.7116,1044.6641,2436.7529,-2.4082,0.00,0.01
420,2381.7370,3.2622,2388.1742,2377.9366,0.00,0.04
421,460.2858,952.3607,2438.0642,-61.4449,0.00,0.01
422,2388.1731,7.8544,2414.2424,2379.4639,0.00,0.03
423,-58.1814,20.1351,17.1834,-66.5772,0.00,0.02
424,2314.2167,359.9902,2420.5341,920.4171,0.00,0.02
425,2384.7663,2.6732,2389.1903,2381.0591,0.00,0.03
426,2280.6849,521.4868,2439.5961,261.3784,0.00,0.02
427,2389.2121,8.2720,2414.4069,2382.3930,0.00,0.03
428,-58.4916,7.6402,-41.7019,-66.6478,0.00,0.02
429,2249.7821,553.4722,2411.4718,106.3460,0.00,0.03
430,2382.9227,5.5696,2401.6040,2378.0684,0.00,0.03
431,137.4930,606.8852,2436.3066,-61.6506,0.00,0.01
432,2033.0642,820.2096,2438.9033,-22.0906,0.00,0.01
433,2382.6036,4.2306,2394.3635,2378.1974,0.00,0.03
434,907.5243,1177.4686,2438.3420,-56.5815,0.00,0.01
435,2383.7208,5.7545,2398.4459,2378.8730,0.00,0.03
436,291.2459,809.0263,2430.1350,-61.5036,0.00,0.01
437,2124.2054,587.4085,2404.4519,507.4751,0.00,0.03
438,2388.9255,6.0359,2404.7017,2380.3842,0.00,0.03
439,32.8841,151.0320,447.3468,-61.6196,0.00,0.01
440,2072.5653,469.9418,2392.6013,909.8894,0.00,0.03
441,2375.8554,0.5436,2377.6394,2375.3070,0.00,0.04
442,2300.2063,273.2466,2399.2687,1277.7342,0.00,0.03
443,2382.8125,4.2388,2390.7311,2376.8676,0.00,0.03
444,48.5410,198.8383,487.6873,-66.5576,0.00,0.01
445,2210.2746,495.1521,2394.3466,492.9709,0.00,0.03
446,2376.2114,0.3377,2377.0187,2375.7609,0.00,0.04
447,2383.4312,5.0099,2395.0998,2376.0437,0.00,0.03
448,91.9067,605.9407,2438.6272,-66.6531,0.00,0.03
449,2149.3007,571.9543,2428.7155,624.4653,0.00,0.03
450,2369.5340,41.6589,2383.2868,2208.3320,0.00,0.04
451,2269.0827,491.8118,2430.4211,365.1299,0.00,0.03
452,2379.5885,2.3172,2386.3291,2377.3687,0.00,0.04
453,1953.9699,941.4912,2437.3501,-36.6490,0.00,0.02
454,2225.5492,591.8165,2383.7988,-66.5346,0.00,0.04
455,2376.4429,0.9416,2378.5486,2375.2526,0.00,0.04
456,1892.8217,917.4381,2438.0367,-12.2332,0.00,0.01
457,2380.0837,2.7383,2384.4115,2375.7600,0.00,0.04
458,479.7947,951.8776,2436.3374,-66.6595,0.00,0.01
459,2380.5396,2.6002,2386.3658,2377.5318,0.00,0.04
460,2141.3039,737.7183,2436.0105,-56.4137,0.00,0.01
461,2386.0275,3.8161,2391.7937,2380.4529,0.00,0.03
462,1960.9165,953.5044,2432.8267,-41.7384,0.00,0.01
463,2382.7496,5.8853,2403.2857,2377.6410,0.00,0.03
464,492.5253,953.9213,2433.7375,-66.5532,0.00,0.01
465,2383.7008,4.6226,2396.5230,2377.9304,0.00,0.03
466,859.3581,1082.3875,2437.1882,-56.5828,0.00,0.01
467,1274.6127,1124.5718,2422.6997,81.7872,0.00,0.03
468,2390.0529,8.0127,2409.8439,2378.8370,0.00,0.03
469,-59.7058,5.7869,-41.7169,-66.5874,0.00,0.02
470,2256.6387,585.9173,2429.6246,-12.2207,0.00,0.02
471,2379.6166,2.3727,2384.2499,2376.1801,0.00,0.04
472,184.8443,605.6216,2433.9174,-56.5978,0.00,0.01
473,2263.0004,569.8355,2427.4522,56.3467,0.00,0.02
474,2385.9639,6.7400,2404.1523,2376.6310,0.00,0.03
475,-58.4830,10.9195,-22.0256,-66.6819,0.00,0.02
476,2303.7744,366.1297,2411.5637,886.0910,0.00,0.02
477,2379.4225,1.7031,2382.6407,2376.6447,0.00,0.04
478,2255.7913,573.1295,2439.3816,36.7704,0.00,0.02
479,2379.0807,1.9420,2383.0425,2376.8252,0.00,0.04
480,1334.9078,1224.6676,2435.6038,-66.5139,0.00,0.02
481,2386.5069,3.9129,2395.9818,2379.9441,0.00,0.03
482,592.1015,1068.5887,2438.3082,-66.4287,0.00,0.02
483,2384.6752,3.6547,2392.3101,2377.8728,0.00,0.03
484,573.4239,951.7897,2433.1286,-61.4714,0.00,0.01
485,2094.5456,649.5066,2400.2714,115.4798,0.00,0.03
486,2384.1216,4.9470,2393.7064,2377.8117,0.00,0.03
487,564.9175,1074.9323,2433.1310,-66.5434,0.00,0.01
488,2386.0143,7.4990,2406.6605,2377.5773,0.00,0.03
489,-64.9714,2.3533,-61.3808,-66.6222,0.00,0.03
490,1957.6827,956.5886,2434.8583,-56.4225,0.00,0.01
491,1623.2286,1135.9677,2436.2552,-66.6435,0.00,0.03
492,2380.8210,2.0913,2386.7311,2378.2544,0.00,0.04
493,2025.6534,855.2671,2436.5182,-36.8105,0.00,0.01
494,2404.1868,13.7709,2439.0403,2389.5403,0.00,0.02
495,-65.0300,2.2898,-61.5771,-66.6626,0.00,0.03
496,523.3962,939.6253,2438.1557,-66.4884,0.00,0.01
497,2403.3905,9.9837,2422.7038,2386.9858,0.00,0.02
498,32.8386,261.6412,920.0666,-66.6040,0.00,0.02
499,2396.4909,6.4561,2404.8233,2385.6975,0.00,0.03
0,143.6420,395.6456,1504.9876,-87.6222,28.22,0.05
1,1491.1854,985.1501,2367.4167,-92.6323,5.98,0.03
2,831.4989,877.2443,2354.5991,68.0615,0.00,0.02
3,406.5040,728.5213,2468.5349,-64.2766,0.00,0.01
4,1532.9990,1033.3531,2465.0785,68.7386,0.00,0.03
5,687.0574,1062.4789,2480.4393,-55.8874,0.00,0.01
6,2400.3306,56.8922,2449.6402,2238.4488,0.00,0.03
7,1581.9913,1020.0133,2459.1655,-42.8018,0.00,0.02
8,1735.3523,978.0197,2450.8547,99.7532,0.15,0.03
9,607.0060,750.4071,2157.0111,-86.2495,16.27,0.10
10,1377.4599,1072.2951,2412.8537,-81.2894,3.25,0.09
11,1609.6175,991.1543,2463.2329,-4.3005,0.39,0.03
12,1925.5332,834.5065,2456.2737,95.2812,0.00,0.03
13,2379.8313,161.0450,2436.2803,1756.8466,0.00,0.04
14,2290.4882,141.3942,2422.2718,1880.3324,0.03,0.03
15,2439.0401,6.2821,2452.5463,2427.5482,0.00,0.03
16,1535.0143,1209.5663,2488.7591,-41.1817,0.00,0.01
17,2419.3438,12.1495,2430.4318,2381.5835,0.09,0.04
18,2427.1939,3.9311,2433.8366,2420.9121,0.00,0.04
19,2154.1138,763.0756,2464.9183,44.4357,0.00,0.03
20,1149.8085,1134.4842,2423.1172,-80.3049,11.78,0.14
21,2145.6278,581.7055,2425.2217,384.3072,0.00,0.04
22,2418.6845,4.3437,2422.9350,2408.6105,0.00,0.04
23,2424.7517,1.0857,2426.7457,2422.3417,0.00,0.04
24,1592.9888,1113.0217,2489.8269,-61.7789,1.27,0.03
25,2424.6009,2.0096,2425.5443,2417.1470,0.00,0.04
26,2358.4421,200.9564,2428.1851,1627.9982,0.00,0.04
27,1993.7128,899.4521,2425.9546,65.5092,0.00,0.04
28,2425.1374,1.5983,2426.6790,2419.7377,0.00,0.04
29,2189.6606,626.8615,2444.4834,387.9678,0.00,0.04
30,2423.7033,6.6996,2432.4098,2410.7038,0.00,0.04
31,2442.8710,7.5231,2452.7426,2422.8874,0.00,0.03
32,-53.3980,6.1266,-40.8444,-62.4266,0.00,0.03
33,2442.4665,20.2552,2478.6940,2404.4014,0.00,0.03
34,1215.7922,1108.6246,2485.0964,-30.6388,0.00,0.02
35,2224.0795,623.7421,2487.8605,120.4182,0.00,0.03
36,1574.8003,1029.5685,2482.1366,80.5614,0.00,0.02
37,2446.0885,16.4270,2488.1965,2431.0806,0.00,0.03
38,509.1422,947.7130,2471.0066,-65.7866,0.00,0.02
39,1389.8781,1184.0164,2481.7732,-46.3578,0.00,0.02
40,1753.8759,956.5219,2445.8813,-68.1897,0.00,0.03
41,1225.6633,1209.2613,2490.8143,-66.0844,4.33,0.07
42,664.8126,1044.8048,2388.3998,-71.4025,0.22,0.07
43,2416.1139,6.1880,2425.6644,2398.3871,0.00,0.04
44,2428.2219,3.6914,2439.0028,2425.3510,0.00,0.04
45,2258.3070,503.9185,2481.6465,900.9281,0.00,0.02
46,2424.8831,0.7186,2426.6040,2423.3477,0.00,0.04
47,2198.3968,697.3240,2482.7706,103.8255,0.00,0.02
48,2427.8001,2.9212,2438.2332,2425.3835,0.00,0.04
49,131.1896,608.3394,2486.9631,-46.0345,0.00,0.03
50,2023.1830,838.2351,2463.7162,135.3695,0.00,0.03
51,2402.3758,8.4110,2413.6046,2382.5906,0.00,0.04
52,2267.2966,587.4028,2424.4437,-7.6572,0.00,0.04
53,2422.8563,2.7848,2428.4988,2416.8005,0.00,0.04
54,2295.4007,574.6103,2465.0094,70.4867,0.00,0.03
55,2204.6659,652.9063,2473.8948,370.4534,0.00,0.02
56,2122.1835,808.7496,2445.4807,-32.0314,0.00,0.04
57,2449.4194,21.3787,2490.2648,2419.7145,0.00,0.03
58,120.7429,595.2995,2423.7634,-51.9415,0.00,0.03
59,2424.2788,6.2769,2440.5913,2408.3769,0.00,0.04
60,582.0747,1084.4193,2483.9955,-65.9849,0.00,0.02
61,2425.0916,0.7197,2426.1077,2422.9176,0.00,0.04
62,1377.5565,1082.6599,2467.9783,65.3225,0.00,0.03
63,2431.6717,5.2027,2445.0684,2426.1118,0.00,0.04
64,-63.5451,5.0192,-50.5843,-65.8509,0.00,0.03
65,1573.2578,1143.3564,2487.8645,70.3613,0.00,0.02
66,-64.1110,5.0098,-50.7421,-66.5939,0.00,0.03
67,1685.4403,1045.6326,2481.5593,-35.6718,0.00,0.01
68,2433.2062,3.7635,2441.7654,2428.9667,0.00,0.03
69,1070.8564,1244.4271,2487.7678,-60.7874,0.00,0.01
70,1801.9781,981.1803,2438.4443,104.8638,0.00,0.03
71,2120.0342,811.1160,2437.3573,-72.6933,0.00,0.04
72,2432.3667,6.0598,2449.3693,2425.1628,0.00,0.04
73,1203.2107,1220.2544,2429.8809,-45.2399,0.01,0.04
74,2314.2568,312.7722,2426.8472,1119.0531,0.00,0.04
75,2424.8260,1.3797,2427.1491,2422.1333,0.00,0.04
76,2134.4960,776.3831,2459.2622,60.7620,0.00,0.04
77,2426.4759,0.8627,2428.8618,2425.3597,0.00,0.04
78,2449.4554,13.2314,2481.7531,2430.9534,0.00,0.03
79,-62.2772,6.3371,-40.5248,-66.8170,0.00,0.03
80,2362.7668,360.8088,2480.3723,965.8270,0.00,0.02
81,2434.0242,3.4043,2441.9361,2428.4842,0.00,0.03
82,1256.4263,1221.3410,2482.3913,-60.6902,0.00,0.01
83,2429.6052,3.2548,2437.0755,2426.6814,0.00,0.04
84,13.8627,246.2069,966.4402,-60.7469,0.00,0.02
85,2307.9346,605.2195,2485.2781,-35.5152,0.00,0.02
86,2432.3685,5.6218,2447.3678,2426.8541,0.00,0.04
87,-49.6371,8.6092,-31.6995,-65.9458,0.00,0.03
88,2428.1628,2.9124,2436.6593,2425.1941,0.00,0.04
89,433.2843,971.8217,2462.0200,-50.5922,0.00,0.01
90,2427.7012,1.3439,2430.2664,2425.8832,0.00,0.04
91,1850.9868,945.4555,2482.0209,-45.6165,0.00,0.01
92,2429.4038,3.9458,2442.2710,2425.7930,0.00,0.04
93,898.3374,1096.4493,2489.0196,-55.4591,0.00,0.01
94,401.9194,295.3971,1367.4815,70.5583,0.00,0.03
95,2426.2112,0.6994,2427.3810,2425.4023,0.00,0.04
96,2305.1578,609.7036,2486.3733,-55.7855,0.00,0.02
97,2269.2658,601.3394,2427.6284,-59.7010,0.42,0.04
98,2366.0892,202.4048,2422.8139,1582.2722,0.00,0.04
99,2421.6417,4.4561,2425.0337,2406.8644,0.00,0.04
100,2433.7791,9.3378,2458.4814,2426.4078,0.00,0.03
101,-45.7802,18.3266,14.5722,-60.6564,0.00,0.02
102,1999.0666,975.2512,2483.4096,-41.0069,0.00,0.02
103,2020.0799,858.2149,2437.5159,70.0968,0.00,0.04
104,2425.7606,1.1138,2427.8570,2423.4821,0.00,0.04
105,2449.2537,11.7458,2471.7694,2430.1380,0.00,0.03
106,78.4470,547.0609,2197.1109,-66.0944,0.00,0.04
107,80.4976,555.1134,2230.2421,-67.4422,1.34,0.05
108,265.8081,761.4659,2297.4478,-66.5035,0.72,0.05
109,1736.5636,915.6206,2330.5770,-68.8752,1.71,0.05
110,385.9239,873.7567,2225.2733,-69.6197,0.78,0.05
111,1749.7767,924.3662,2390.1182,-66.1356,0.24,0.04
112,471.7197,906.2798,2379.7846,-59.2934,0.00,0.03
113,635.2186,925.7293,2386.2552,-66.0394,1.30,0.05
114,1398.2370,1083.3849,2357.1473,-65.5920,0.69,0.05
115,1721.4056,844.3390,2421.9077,184.0057,0.05,0.04
116,306.5291,481.6825,1477.8780,-44.8469,0.38,0.04
117,1224.5772,945.8005,2347.8515,-36.6968,0.60,0.05
118,854.9178,1095.0186,2376.4675,-61.5076,0.05,0.04
119,1966.0492,746.1204,2393.9035,-58.0987,0.18,0.04
120,2189.9212,370.8814,2392.9978,847.6281,1.40,0.05
121,1961.7169,564.5733,2387.0993,-50.1657,2.80,0.06
122,1685.4685,731.5061,2184.3442,307.2877,0.16,0.05
123,2297.8619,46.9136,2351.8296,2158.6217,0.43,0.04
124,2364.7968,10.6426,2389.0389,2345.2939,0.15,0.04
125,2381.4233,4.7674,2392.0189,2372.3817,0.01,0.04
126,2388.8449,4.6205,2396.0874,2378.1342,0.03,0.04
127,1659.9785,780.5323,2397.7673,17.2337,6.26,0.09
128,1304.6886,1042.4968,2385.1631,-66.2618,24.30,0.23
129,2233.0603,525.5692,2383.7485,197.8006,0.09,0.04
130,2352.4734,25.9545,2380.9483,2282.4721,0.09,0.04
131,2330.1613,44.4486,2388.2093,2219.7917,0.03,0.04
132,1949.9046,888.3026,2382.5219,-77.1999,6.33,0.08
133,1355.2282,1166.1035,2390.4438,-78.4074,12.55,0.10
134,2304.5550,211.9856,2392.6940,1515.0085,0.08,0.04
135,2343.1916,69.6483,2386.0929,2131.1517,0.40,0.04
136,2383.4842,8.6891,2394.4553,2358.8574,0.07,0.04
137,2283.9326,350.6072,2396.6301,948.5826,0.01,0.04
138,2385.7743,4.7480,2393.4248,2377.0328,0.06,0.04
139,2381.9601,10.6212,2395.4083,2351.2094,0.09,0.04
140,2355.2893,70.0960,2392.1250,2090.5083,0.33,0.04
141,2371.3215,13.2250,2391.3725,2343.5048,0.12,0.04
142,2328.5491,184.1272,2388.2289,1616.4217,0.16,0.04
143,2185.3804,556.7452,2394.6462,44.2828,0.43,0.04
144,2364.6073,24.9987,2405.8994,2311.1629,0.17,0.04
145,2332.3840,78.6354,2397.4083,2083.5174,1.29,0.05
146,2351.6871,37.2883,2390.3992,2246.1905,0.21,0.04
147,2299.0147,329.7684,2401.0560,1033.4798,0.00,0.04
148,2376.8909,29.9962,2398.9501,2294.0849,0.01,0.04
149,2181.4891,421.5631,2401.6166,1232.0348,0.01,0.04
150,2374.8243,65.6063,2400.9108,2124.5924,0.01,0.04
151,2272.9190,79.1902,2380.2609,2076.2085,0.35,0.04
152,2378.0666,6.1623,2385.9629,2367.2771,0.11,0.04
153,2394.4832,32.5349,2485.0407,2368.1755,0.07,0.04
154,1980.6591,295.1390,2394.0488,1155.6805,1.34,0.06
155,1848.6747,653.1067,2396.4388,605.8083,0.00,0.04
156,2241.9936,97.8422,2397.5550,2000.5993,0.00,0.04
157,2365.1426,20.5465,2395.0660,2309.8630,0.00,0.04
158,2386.1309,26.8059,2399.7289,2292.3517,0.00,0.04
159,2399.5948,0.2491,2400.0877,2399.1608,0.00,0.04
160,2367.1556,118.4009,2400.5451,1908.6723,0.00,0.04
161,2350.8356,20.6338,2379.3522,2298.1764,0.00,0.04
162,2398.7232,0.9711,2399.7139,2395.5964,0.00,0.04
163,2399.4720,0.1843,2399.7501,2399.1370,0.00,0.04
164,2398.2205,2.2086,2399.7800,2390.7292,0.00,0.04
165,2399.5447,1.1069,2400.0290,2395.7461,0.01,0.04
166,2399.6412,0.4486,2399.9215,2398.4514,0.00,0.04
167,2386.0055,54.2435,2400.0822,2175.9215,0.00,0.04
168,2399.9938,0.0272,2400.0140,2399.8913,0.00,0.04
169,2399.4515,1.1912,2400.0988,2395.0118,0.00,0.04
170,2400.0175,0.0316,2400.0643,2399.9271,0.00,0.04
171,2400.1675,0.0946,2400.4415,2400.0912,0.00,0.04
172,1072.4797,632.6347,2417.9057,397.0626,0.00,0.03
173,2127.3145,595.6793,2416.2581,502.5318,0.01,0.04
174,2391.7706,8.6449,2408.9640,2367.8590,0.09,0.04
175,2396.1881,7.9831,2403.7735,2367.5795,0.04,0.04
176,2410.2333,3.7184,2417.2824,2403.5719,0.00,0.04
177,2412.2156,11.1403,2420.6878,2385.8016,0.00,0.04
178,2417.5610,2.1587,2420.7546,2411.8600,0.00,0.04
179,1858.5253,834.3834,2420.0444,400.7132,0.00,0.04
180,2420.1595,1.0931,2421.9394,2416.9087,0.00,0.04
181,2418.9709,5.8762,2421.8660,2396.3836,0.00,0.04
182,2422.6534,0.6915,2424.7803,2421.6356,0.00,0.04
183,2427.0533,2.6866,2432.0738,2421.7429,0.00,0.04
184,2322.9170,435.1493,2445.5090,637.7400,0.00,0.03
185,2428.2649,2.0924,2434.7869,2425.9107,0.00,0.04
186,1583.6586,943.9817,2488.9672,142.1775,0.00,0.02
187,2024.2761,913.1307,2488.0335,99.4960,0.00,0.01
188,2383.0422,164.8433,2446.5711,1745.4849,0.00,0.03
189,2303.0904,450.6454,2486.3878,829.6734,0.00,0.01
190,1792.3272,891.0251,2484.5239,263.3360,0.03,0.02
191,2274.6534,516.5661,2467.7367,284.4535,0.00,0.03
192,1930.4590,842.7704,2486.5043,73.4417,0.00,0.02
193,2319.3428,411.2639,2487.9940,883.7838,0.01,0.02
194,2438.2708,9.6946,2460.8166,2427.3445,0.00,0.03
195,2416.5142,5.0092,2432.8850,2411.1080,0.00,0.04
196,2301.2873,567.2815,2478.4770,105.0958,0.00,0.03
197,1957.8535,815.3846,2433.8954,458.4106,0.00,0.04
198,2424.7538,1.2870,2427.9541,2421.5451,0.00,0.04
199,2433.5049,5.0960,2444.8224,2425.1075,0.01,0.03
200,1930.6343,755.1534,2474.6218,124.4586,0.00,0.02
201,2317.9875,395.9596,2431.3721,784.6098,0.00,0.03
202,2344.6406,359.4860,2472.1400,953.6847,0.00,0.03
203,2406.1132,6.2275,2422.7561,2400.0132,0.00,0.04
204,2423.3849,0.8586,2424.1292,2420.3144,0.00,0.04
205,2424.4386,2.7631,2434.3671,2421.0271,0.00,0.04
206,1992.0965,832.2366,2489.0543,144.6592,0.00,0.02
207,1656.6659,1139.0158,2433.9805,-42.0977,0.00,0.03
208,2182.5872,585.4955,2430.7840,373.5900,0.00,0.03
209,2423.5820,0.5377,2424.2152,2422.5961,0.00,0.04
210,2419.7957,7.1765,2424.3379,2404.4944,0.00,0.04
211,2423.8006,0.1541,2423.9686,2423.4182,0.00,0.04
212,2424.9568,0.2886,2425.4279,2424.4847,0.00,0.04
213,2416.4935,5.4009,2430.9860,2407.0533,0.00,0.04
214,2326.1778,430.2840,2473.6444,660.7601,0.00,0.03
215,2415.5549,3.7417,2420.7290,2405.7347,0.00,0.04
216,2263.1224,492.7522,2454.2240,507.5969,0.00,0.03
217,2425.1289,0.6855,2425.9867,2423.2133,0.00,0.04
218,2424.5964,1.4433,2425.8112,2420.3413,0.00,0.04
219,2423.8503,0.7188,2424.4362,2421.1884,0.00,0.04
220,2423.0151,3.3863,2430.1584,2413.1412,0.00,0.04
221,2420.1184,4.8522,2425.6622,2408.4291,0.00,0.04
222,2417.7553,9.1617,2426.2315,2399.8226,0.00,0.04
223,2423.5188,2.2918,2425.4976,2417.7687,0.00,0.04
224,2423.5411,1.0719,2424.1186,2419.5262,0.00,0.04
225,2424.0984,0.1566,2424.3643,2423.8459,0.00,0.04
226,2423.5152,0.7317,2424.8406,2421.7725,0.00,0.04
227,2424.1760,0.9240,2424.5969,2420.6195,0.00,0.04
228,2424.1900,1.1621,2424.9361,2419.9097,0.00,0.04
229,2166.3691,687.9184,2424.7324,63.6138,0.04,0.04
230,1776.2174,1056.6880,2424.7410,-66.0201,0.00,0.04
231,2424.4031,0.5049,2424.7690,2422.4901,0.00,0.04
232,2424.3953,0.1579,2424.7871,2424.1472,0.00,0.04
233,2424.4469,0.3768,2424.9755,2423.4390,0.00,0.04
234,2424.4581,0.0601,2424.5462,2424.3642,0.00,0.04
235,1285.8151,1036.1428,2425.4485,-27.5874,0.00,0.04
236,2424.4375,1.0664,2425.1192,2420.3660,0.01,0.04
237,2272.9758,587.6631,2425.3176,-3.0336,0.00,0.04
238,2424.1054,0.8394,2424.4522,2420.8646,0.00,0.04
239,2424.3382,0.1743,2424.5836,2423.7918,0.00,0.04
240,2424.7796,0.1987,2425.2528,2424.4678,0.00,0.04
241,2275.1230,439.3645,2481.4434,1068.5512,0.00,0.03
242,2293.2211,522.7539,2433.0790,268.6154,0.00,0.04
243,1297.9640,1151.6917,2458.9694,84.5342,0.00,0.03
244,2425.2921,0.8254,2428.3195,2424.4267,0.00,0.04
245,1583.8200,1080.0703,2488.6536,-5.7717,0.00,0.03
246,1563.5724,1147.2948,2475.0120,-15.4506,0.00,0.02
247,2297.4820,592.8723,2489.5385,2.0744,0.00,0.03
248,2429.6023,2.2284,2434.4733,2427.3209,0.00,0.04
249,1885.3701,1017.4366,2483.0579,-50.4611,0.00,0.01
250,2426.1594,0.4032,2426.7975,2425.3687,0.00,0.04
251,2449.5054,12.7652,2471.3129,2433.4969,0.00,0.03
252,1996.0944,905.8673,2446.3084,64.3816,0.00,0.03
253,2278.8762,590.5799,2439.6126,-8.2498,0.00,0.03
254,2287.9004,590.2086,2456.5103,2.1867,0.00,0.03
255,1507.0301,1186.2365,2427.8220,-27.6435,0.00,0.04
256,2426.7879,1.3940,2430.8802,2424.9201,0.00,0.04
257,2173.3443,764.4894,2478.7528,140.8531,0.01,0.02
258,1790.0660,1028.6736,2485.5029,3.5664,0.00,0.01
259,2430.6121,3.2918,2438.7512,2427.2328,0.00,0.04
260,1553.5908,1183.5954,2484.8885,2.0993,0.27,0.02
261,2163.7535,819.0554,2487.2382,-35.3260,0.00,0.01
262,2443.3859,7.3905,2458.9714,2433.7676,0.00,0.03
263,1469.5315,1153.2065,2476.7406,-7.8168,0.00,0.02
264,1680.4700,1130.8887,2465.3165,-40.3851,0.00,0.03
265,2424.6880,0.2277,2425.1807,2424.4022,0.00,0.04
266,2427.5261,2.0127,2432.5791,2424.1392,0.01,0.04
267,1996.6643,957.4520,2487.0480,2.0894,0.00,0.02
268,2294.1650,574.6163,2463.8684,69.0031,0.00,0.03
269,2422.3615,4.0604,2426.0303,2410.1135,0.00,0.04
270,2426.2683,2.0993,2429.4212,2420.6954,0.00,0.04
271,1845.2469,1056.3292,2487.7343,-10.4272,0.00,0.02
272,2275.4841,593.5727,2445.2431,-23.2913,0.00,0.04
273,2427.6762,2.3712,2433.1756,2422.6640,0.00,0.04
274,1676.5416,1144.5500,2470.3075,-40.3756,0.00,0.02
275,2426.8961,2.1205,2433.9498,2424.8017,0.00,0.04
276,827.2704,1104.5101,2480.3281,-40.8296,0.00,0.02
277,2272.1323,592.7447,2428.2181,-23.5492,0.00,0.04
278,2427.0657,2.3802,2429.9977,2421.5274,0.00,0.04
279,1676.9379,1123.7116,2458.7618,-18.1832,0.00,0.03
280,2423.6020,6.0758,2426.4641,2400.1975,0.01,0.04
281,2424.8267,2.1777,2428.0686,2419.8607,0.00,0.04
282,1819.3239,1059.9590,2441.8640,-22.7110,0.00,0.04
283,2130.7504,774.0930,2430.8349,49.2090,0.00,0.04
284,2422.5636,7.9095,2435.4569,2406.9970,0.03,0.03
285,1914.7964,972.4232,2488.6426,26.7115,0.00,0.01
286,2402.7376,7.3410,2418.4160,2387.9362,0.01,0.04
287,1706.6652,930.4776,2417.8434,-2.9591,0.04,0.03
288,2399.1091,19.2725,2471.3156,2379.2513,0.06,0.04
289,1316.4064,1167.4537,2474.9864,-0.4251,0.00,0.02
290,2398.9583,2.9623,2402.2379,2389.7065,0.01,0.04
291,1510.2837,653.5412,2401.2047,631.5361,0.00,0.04
292,2398.9957,2.3486,2401.6214,2393.8754,0.00,0.04
293,2406.5770,8.8913,2423.4448,2398.9078,0.00,0.04
294,2424.2132,1.1752,2424.6506,2419.6798,0.01,0.04
295,2425.0656,0.4332,2425.9860,2424.5114,0.00,0.04
296,1065.1507,1102.8302,2452.9846,7.6713,0.00,0.03
297,2421.2141,5.3157,2424.2771,2401.5659,0.00,0.04
298,2421.4881,1.7154,2423.5242,2416.7198,0.00,0.04
299,2424.8814,0.1276,2425.1435,2424.6810,0.00,0.04
300,1930.2922,874.4773,2426.3837,26.1542,0.00,0.04
301,2425.0858,0.1282,2425.3180,2424.8979,0.00,0.04
302,2277.9061,587.6348,2432.4780,2.0176,0.00,0.04
303,2376.4762,125.2392,2426.7886,1893.9230,0.00,0.04
304,2407.8367,18.4593,2437.9366,2382.1466,0.01,0.04
305,2435.0591,4.5053,2443.3728,2428.9838,0.00,0.03
306,1275.8041,1129.2810,2487.4221,17.5056,0.00,0.02
307,353.1860,791.3120,2459.5485,44.5275,0.00,0.03
308,2265.6392,505.4890,2478.2846,712.3165,0.00,0.02
309,2429.9449,12.4698,2445.9534,2397.0291,0.00,0.03
310,2324.1589,501.5931,2482.4884,384.0042,0.00,0.02
311,2472.3265,10.3624,2487.4308,2450.4129,0.00,0.01
312,1375.9736,1165.2771,2429.3982,-57.9818,0.13,0.03
313,2413.5793,1.5551,2417.0201,2411.5593,0.00,0.04
314,2463.1641,17.5031,2485.8145,2437.9077,0.00,0.01
315,2427.6457,3.7046,2436.1411,2419.5172,0.00,0.04
316,2436.3774,129.0282,2490.5598,1941.2139,0.00,0.01
317,2466.5536,12.1158,2483.6467,2445.1935,0.01,0.02
318,2414.2754,4.0203,2421.1233,2404.5074,0.03,0.04
319,2439.2139,25.1313,2487.7429,2413.2642,0.00,0.02
320,2396.1781,3.6966,2400.8336,2385.9420,0.00,0.04
321,722.3821,972.2805,2415.3497,125.8378,0.00,0.04
322,2399.5628,0.7392,2400.5714,2397.3848,0.00,0.04
323,1826.7949,994.2848,2402.0243,-57.1509,0.00,0.04
324,2399.9998,0.0002,2399.9999,2399.9994,0.00,0.04
325,2400.4858,0.9503,2403.3120,2400.0000,0.00,0.04
326,2409.9669,9.7474,2421.5371,2375.3526,0.00,0.03
327,2404.3886,1.6739,2407.4941,2401.6445,0.00,0.04
328,1898.5433,885.8830,2415.6464,284.5272,0.00,0.03
329,2402.8084,1.4735,2405.6671,2399.9997,0.00,0.04
330,2007.2734,704.0339,2416.8082,530.3542,0.00,0.03
331,2356.1451,136.5051,2408.0764,1889.5690,0.00,0.04
332,2372.6621,105.6875,2416.9430,1964.6802,0.00,0.04
333,2400.0229,3.6596,2407.1165,2391.0255,0.00,0.04
334,2279.0642,159.8626,2405.3193,1771.5403,0.00,0.04
335,2400.2956,2.5482,2405.2912,2395.4352,0.00,0.04
336,1026.2779,1207.2463,2414.3223,-58.6056,0.00,0.04
337,2392.8903,13.4734,2411.8855,2370.2838,0.05,0.04
338,2403.7068,2.3311,2409.4653,2399.9601,0.00,0.04
339,2407.3987,17.2330,2422.9299,2353.1334,0.05,0.03
340,2411.4970,1.3957,2413.8649,2408.6317,0.00,0.03
341,2415.3401,3.9171,2421.8413,2409.0132,0.00,0.03
342,2138.5749,641.3634,2424.1474,284.5423,0.00,0.03
343,1839.3618,902.8969,2423.6655,-36.8346,0.00,0.03
344,2267.7785,585.2802,2424.9247,1.1048,0.00,0.03
345,2194.7583,550.3245,2419.4350,208.3999,0.00,0.03
346,2388.0724,72.6904,2414.5768,2106.7906,0.00,0.04
347,2376.5402,116.9685,2413.9927,1923.6463,0.00,0.04
348,2406.9234,2.4204,2412.5634,2403.7186,0.00,0.04
349,2408.1597,3.6658,2416.5980,2403.4710,0.00,0.03
350,2122.5770,423.6375,2407.0109,1318.9455,0.00,0.04
351,2369.2861,122.6017,2402.3183,1894.4580,0.00,0.04
352,2161.6516,660.8913,2403.2291,-66.4153,0.00,0.04
353,2399.8699,0.2502,2400.1934,2399.1049,0.00,0.04
354,2400.4807,0.2364,2401.0541,2400.2690,0.00,0.04
355,2408.3702,3.4577,2415.6968,2403.1194,0.00,0.03
356,884.9253,980.1751,2405.2527,-32.6569,0.00,0.04
357,2405.4969,3.2070,2414.1694,2400.1309,0.00,0.04
358,2358.0343,192.7250,2413.8116,1611.6630,0.00,0.03
359,2414.7780,2.9288,2419.4580,2407.3066,0.00,0.03
360,2087.3161,743.2059,2421.0267,64.4185,0.00,0.03
361,2418.1081,5.3286,2424.2118,2408.2809,0.00,0.03
362,2414.2671,3.9576,2420.5852,2406.9741,0.00,0.04
363,2339.6966,170.9952,2424.4925,1829.0334,0.00,0.04
364,2411.9120,11.4896,2423.1159,2382.3741,0.00,0.04
365,2422.1228,2.0605,2423.6771,2417.8718,0.00,0.04
366,2430.6673,7.8018,2445.6873,2424.4984,0.00,0.03
367,2392.1129,80.0462,2431.2544,2098.1871,0.26,0.04
368,2419.3186,11.1847,2442.8868,2390.8804,0.04,0.03
369,2420.0477,6.8403,2442.2834,2408.1622,0.03,0.04
370,2153.2245,715.8120,2445.0711,217.3650,0.00,0.03
371,2420.1061,6.5157,2434.4342,2409.6076,0.00,0.03
372,2133.7041,736.4349,2424.1498,171.9810,0.00,0.04
373,2148.8277,699.3064,2419.3563,274.6769,0.01,0.04
374,2416.4927,4.9291,2423.1588,2404.9043,0.00,0.04
375,2423.0926,1.1069,2424.3402,2419.0967,0.00,0.04
376,2423.5602,0.6367,2424.5009,2421.8950,0.00,0.04
377,2422.4467,1.2046,2423.4982,2418.6646,0.00,0.04
378,2423.6309,0.1813,2423.9205,2423.2495,0.00,0.04
379,2173.6144,618.6431,2430.3828,4.0401,0.00,0.03
380,2423.5407,0.9789,2425.0652,2421.8839,0.00,0.04
381,2423.8833,0.0668,2424.0402,2423.7764,0.00,0.04
382,2424.3814,0.2656,2424.9506,2424.0425,0.00,0.04
383,2261.1590,340.0346,2414.8157,1271.2511,0.01,0.04
384,2399.7220,0.4847,2400.2606,2398.0597,0.00,0.04
385,2400.5535,2.1436,2405.3390,2396.5541,0.00,0.04
386,2160.7652,561.1585,2427.5028,766.7334,0.00,0.03
387,2413.4198,8.4985,2427.4572,2402.1796,0.00,0.03
388,2417.6486,3.4088,2423.6429,2413.9750,0.00,0.04
389,2409.2902,5.0390,2424.1840,2401.5017,0.00,0.03
390,1975.5990,857.0803,2430.2906,-55.9445,0.00,0.04
391,2422.1058,4.9917,2429.4824,2415.7269,0.00,0.03
392,2412.9423,1.9107,2416.9655,2410.1923,0.00,0.04
393,1851.8374,856.6353,2431.7374,321.5451,0.00,0.03
394,2338.6759,221.3961,2421.3735,1531.9491,0.00,0.04
395,2406.0887,35.6705,2424.5328,2269.8402,0.00,0.04
396,2424.1947,1.1066,2425.1697,2420.5635,0.00,0.04
397,2424.3876,0.2960,2424.8902,2424.0249,0.00,0.04
398,2404.1169,4.4464,2413.3198,2397.1880,0.00,0.04
399,2421.7256,3.5028,2424.3807,2411.2454,0.01,0.04
400,2424.4771,0.2726,2424.9779,2423.9276,0.00,0.04
401,2416.6824,7.3952,2423.4739,2392.1870,0.00,0.04
402,2422.7880,1.4335,2424.9070,2420.2527,0.00,0.04
403,2424.1816,0.1359,2424.4669,2424.0002,0.00,0.04
404,2420.5347,3.4144,2424.1726,2412.8339,0.00,0.04
405,2424.2157,0.1228,2424.3803,2423.9905,0.00,0.04
406,2423.3301,1.8540,2424.8924,2418.5474,0.00,0.04
407,2424.2054,0.0785,2424.3919,2424.1211,0.00,0.04
408,2418.8783,5.3280,2423.6932,2402.8219,0.00,0.04
409,2424.4042,0.1084,2424.6670,2424.2465,0.00,0.04
410,2420.6258,2.9873,2424.0392,2413.2131,0.00,0.04
411,2424.5990,0.1571,2424.8894,2424.3073,0.00,0.04
412,2347.6912,162.7070,2414.7591,1823.3357,0.01,0.04
413,2407.5102,6.1118,2420.8531,2399.5882,0.00,0.04
414,1966.2905,937.5983,2419.6523,-24.4469,0.00,0.04
415,2423.0128,1.6047,2424.4775,2417.5360,0.00,0.04
416,2424.3359,0.8533,2424.8858,2421.1244,0.00,0.04
417,2424.3927,0.0965,2424.5380,2424.2475,0.00,0.04
418,2421.8601,4.6555,2424.5617,2407.3025,0.00,0.04
419,2423.3068,1.5789,2424.1121,2417.3325,0.00,0.04
420,2424.3886,0.1956,2424.7299,2423.8865,0.00,0.04
421,2421.7826,3.4374,2424.2668,2410.3474,0.00,0.04
422,2424.4234,0.2379,2424.7616,2423.8873,0.00,0.04
423,2415.7235,7.2498,2423.6965,2397.3631,0.01,0.04
424,2424.3761,0.1917,2424.6695,2423.8548,0.00,0.04
425,2424.2130,0.2849,2424.6497,2423.5298,0.00,0.04
426,2418.7924,5.3542,2424.0126,2403.5166,0.00,0.04
427,2424.1147,0.9802,2424.5248,2420.3483,0.00,0.04
428,2353.8534,272.4876,2424.7231,1298.5146,0.00,0.04
429,2424.0406,0.4746,2424.2937,2422.2306,0.00,0.04
430,2424.2296,0.1550,2424.4411,2423.8329,0.00,0.04
431,2422.1111,3.0387,2424.4139,2413.9312,0.00,0.04
432,2424.2532,0.1180,2424.4192,2423.9040,0.00,0.04
433,2424.4304,0.4177,2424.7243,2423.4347,0.00,0.04
434,2424.0736,0.6540,2424.4716,2421.5747,0.00,0.04
435,2424.2642,0.1043,2424.4551,2424.0796,0.00,0.04
436,2423.7289,0.8483,2424.6705,2420.9427,0.00,0.04
437,2424.2525,0.0556,2424.3787,2424.1676,0.00,0.04
438,2424.4179,0.1577,2424.6345,2424.0065,0.00,0.04
439,2424.2934,0.0412,2424.3811,2424.2211,0.00,0.04
440,2423.3955,2.6480,2424.6345,2413.9322,0.00,0.04
441,2424.4645,0.0823,2424.6379,2424.3117,0.00,0.04
442,2413.3691,7.3650,2422.6869,2397.1480,0.01,0.04
443,2424.1952,1.0514,2424.7082,2420.4733,0.00,0.04
444,2424.5821,0.0784,2424.6583,2424.3898,0.00,0.04
445,2424.4041,0.2555,2424.8246,2423.6082,0.00,0.04
446,2424.6271,0.1309,2424.8219,2424.3762,0.00,0.04
447,2185.4796,628.0479,2424.0185,108.3873,0.05,0.04
448,2423.7615,0.7450,2424.7140,2422.4279,0.00,0.04
449,2424.4004,0.0754,2424.5507,2424.2876,0.00,0.04
450,2355.4148,265.4574,2424.7223,1327.3059,0.00,0.04
451,2424.3760,0.2751,2424.6708,2423.3971,0.00,0.04
452,2424.3047,0.4182,2424.5690,2422.8825,0.00,0.04
453,1832.3121,1009.2633,2424.5366,-22.8036,0.04,0.04
454,2424.4026,0.4577,2424.8167,2422.9430,0.00,0.04
455,2424.4910,0.1191,2424.6880,2424.2988,0.00,0.04
456,2266.0147,398.4215,2422.0082,1207.1785,0.00,0.04
457,2422.5352,2.4571,2424.4332,2416.1828,0.00,0.04
458,2127.8767,766.1952,2424.7300,23.8435,0.00,0.04
459,2412.5614,10.5925,2424.7822,2398.3967,0.00,0.04
460,2415.1361,27.6700,2424.8637,2310.1559,0.00,0.04
461,2424.4683,0.1682,2424.8051,2424.2912,0.00,0.04
462,2177.0034,437.1847,2420.0109,1264.7914,0.00,0.04
463,2423.9666,1.3951,2424.8835,2418.9925,0.01,0.04
464,2424.4103,0.1445,2424.8076,2424.2541,0.00,0.04
465,2419.0707,3.0340,2423.8449,2414.6361,0.00,0.04
466,2272.3122,589.7227,2424.8587,-11.6740,0.00,0.04
467,2424.5866,0.1270,2424.7380,2424.1999,0.00,0.04
468,2423.4504,2.6452,2424.5943,2414.1576,0.00,0.04
469,2423.9058,1.4542,2424.7699,2419.0483,0.00,0.04
470,2424.5534,0.1396,2424.6902,2424.1353,0.00,0.04
471,2424.2934,0.0494,2424.3839,2424.2190,0.00,0.04
472,2424.5499,0.4810,2424.7729,2422.7042,0.00,0.04
473,2424.6205,0.1264,2424.7991,2424.3970,0.00,0.04
474,2424.4431,0.0612,2424.5573,2424.3539,0.00,0.04
475,2423.0227,1.6227,2424.3183,2418.8145,0.00,0.04
476,2424.5918,0.1119,2424.7633,2424.3746,0.00,0.04
477,2243.3808,442.9945,2420.0329,1006.0488,0.00,0.04
478,2404.2115,5.6721,2419.4205,2390.1040,0.04,0.04
479,2407.9899,3.4365,2418.4913,2403.9333,0.00,0.04
480,2000.3488,882.5540,2424.6160,-12.8466,0.00,0.04
481,2423.3881,3.4827,2424.6219,2409.9413,0.00,0.04
482,2421.6164,6.1221,2424.6097,2403.6308,0.00,0.04
483,2421.0287,6.5394,2424.5435,2405.3096,0.00,0.04
484,2424.4983,0.0795,2424.6675,2424.2767,0.00,0.04
485,2424.7041,0.2726,2425.2551,2424.0314,0.00,0.04
486,2424.7523,9.8082,2454.0772,2409.1997,0.00,0.03
487,2286.3735,535.7090,2425.5558,211.5825,0.00,0.04
488,2424.5134,0.0576,2424.6459,2424.4385,0.00,0.04
489,2431.2299,8.2199,2453.0019,2424.9523,0.00,0.03
490,2285.9410,537.5716,2438.9967,204.1301,0.00,0.03
491,2424.9074,1.2683,2429.8126,2424.4896,0.00,0.04
492,2416.5587,9.0662,2433.1166,2395.9486,0.00,0.03
493,2424.6279,0.0890,2424.8792,2424.5243,0.00,0.04
494,2436.0415,8.4125,2457.0913,2426.4075,0.00,0.02
495,2431.0963,6.9912,2444.3961,2424.9361,0.00,0.03
496,647.1793,1010.1100,2426.7272,20.8759,0.20,0.04
497,2368.7185,194.4569,2434.4958,1616.5423,0.06,0.03
498,899.3206,993.9790,2415.7026,6.2161,0.02,0.03
499,2413.7440,9.2735,2427.4149,2390.4428,0.00,0.03
0,180.0138,291.8167,960.5333,-95.5276,44.55,0.08
1,295.5312,594.3956,1783.8722,-88.0500,6.64,0.09
2,1290.0100,905.3884,2298.3345,-5.4841,0.05,0.03
3,-20.5068,123.9294,402.0379,-83.7517,12.82,0.12
4,1946.1004,820.2827,2412.1875,211.8505,0.18,0.04
5,2238.5326,186.5342,2394.1538,1796.6955,0.08,0.04
6,2394.5683,19.9272,2419.5192,2344.3595,0.00,0.04
7,2422.5729,2.2928,2424.3039,2416.8997,0.00,0.04
8,2436.7750,5.6423,2446.3332,2428.6680,0.00,0.03
9,-66.0346,0.0384,-65.9066,-66.0732,0.00,0.04
10,303.9784,813.7472,2443.7977,-66.7500,0.00,0.03
11,70.8875,77.4043,240.8966,-55.6451,0.00,0.03
12,2427.7146,3.1188,2437.7119,2425.0699,0.00,0.04
13,-65.9330,0.0488,-65.8051,-65.9843,0.00,0.03
14,5.2184,73.8792,250.4171,-67.4087,0.00,0.04
15,2414.8708,7.8254,2423.7855,2393.9335,0.00,0.04
16,653.8300,1002.7170,2425.0386,11.0130,0.22,0.05
17,989.7176,1121.3726,2428.9803,-67.8071,7.18,0.08
18,417.5577,494.2184,1389.4516,59.9111,0.00,0.04
19,-58.3294,7.9667,-39.3534,-68.8114,7.99,0.05
20,103.2203,616.5626,2488.3911,-66.0496,2.88,0.06
21,997.7329,909.0964,2469.1646,110.7686,0.00,0.03
22,1084.1569,1051.0151,2483.1162,-36.0065,0.00,0.02
23,2425.5066,0.2330,2426.0785,2425.2501,0.00,0.04
24,115.8570,612.1157,2485.7953,-66.9023,5.10,0.04
25,2209.7316,629.9830,2425.0747,-70.1230,0.00,0.04
26,1330.5766,1228.7547,2424.9911,-71.5794,0.00,0.04
27,2111.0161,572.0911,2420.2106,-27.3989,0.78,0.05
28,1959.9141,617.2195,2390.0238,-68.2263,0.05,0.06
29,2249.4053,586.1410,2425.7585,1.9932,0.00,0.04
30,782.8098,926.8394,2439.6267,-57.5234,0.00,0.04
31,415.5998,902.0246,2319.3383,-79.3488,13.30,0.09
32,130.0959,21.1064,158.8098,74.8196,0.00,0.03
33,-60.1173,4.2480,-56.3754,-66.0472,0.00,0.04
34,395.4553,784.7404,2447.2165,21.2912,0.00,0.03
35,-68.3403,22.1190,8.5846,-81.6706,0.09,0.09
36,43.8536,18.7141,59.8699,-27.3014,0.00,0.04
37,491.1340,745.7327,2384.9700,112.4213,0.64,0.04
38,2139.8257,601.8231,2409.7725,203.0681,0.14,0.04
39,2336.6088,83.0767,2421.2004,2172.6855,0.21,0.04
40,1735.8530,1024.1858,2424.8350,84.2674,0.00,0.04
41,2246.4698,467.7816,2426.1179,491.0390,0.00,0.04
42,2404.2491,41.2408,2424.3508,2248.7466,0.00,0.04
43,2310.5054,216.0818,2424.5741,1687.3660,0.00,0.04
44,1317.5139,1079.3879,2424.0687,89.6909,0.30,0.04
45,758.0238,1053.5002,2424.0686,-44.7909,2.08,0.06
46,2423.7028,0.5778,2424.2372,2422.1662,0.00,0.04
47,-66.8237,0.1387,-66.7500,-67.3341,0.00,0.04
48,414.2154,789.5696,2404.7134,-65.8415,0.01,0.05
49,2408.4224,14.1823,2423.3162,2368.5189,0.00,0.04
50,2005.2934,497.2362,2423.5406,959.3203,0.30,0.04
51,303.6942,500.9336,2234.1470,61.6660,0.00,0.04
52,254.0422,553.9117,2398.2115,79.4510,0.00,0.04
53,1284.4676,1118.1576,2401.8821,24.7960,0.00,0.04
54,2106.6642,751.4901,2423.0992,98.6844,0.04,0.04
55,2228.3827,335.4139,2395.7553,947.4964,0.05,0.04
56,2338.6921,86.6020,2399.8487,2073.7419,0.00,0.04
57,2393.9258,98.7364,2424.1251,2012.3104,1.03,0.04
58,27.9840,10.4796,60.4716,20.0018,0.00,0.04
59,1884.0701,818.2872,2395.3403,153.7975,0.00,0.04
60,2225.3599,96.0138,2373.2925,2032.9754,0.09,0.03
61,385.8651,922.1595,2431.7817,-67.1376,0.00,0.04
62,2400.2834,4.7161,2408.2264,2387.2816,0.01,0.04
63,467.8348,922.1730,2411.0144,19.0524,0.00,0.04
64,-0.3627,134.4488,508.7116,-65.2783,0.22,0.04
65,145.2545,21.4530,181.3014,108.8453,0.00,0.04
66,266.4581,806.9844,2401.1285,-68.2420,0.00,0.04
67,524.6407,766.8294,2469.7680,13.1834,0.17,0.06
68,44.6964,16.3321,102.0653,30.9629,0.00,0.04
69,73.3048,51.2691,158.8239,-32.0844,0.00,0.04
70,96.9342,4.4653,103.8144,89.3386,0.00,0.04
71,150.1849,14.6563,177.4857,128.0283,0.00,0.04
72,-61.4349,4.6882,-56.2420,-66.0269,0.00,0.04
73,-56.2835,0.0327,-56.2157,-56.3295,0.00,0.04
74,111.8615,12.1628,153.2430,99.2419,0.00,0.04
75,480.1979,823.9784,2489.5362,-51.2693,0.00,0.02
76,206.5698,38.2019,264.3115,75.8111,0.00,0.04
77,40.4348,386.2270,1536.0244,-65.9641,0.00,0.03
78,162.1117,11.0879,181.4843,137.9224,0.00,0.04
79,-58.4313,2.3923,-56.3156,-61.1625,0.00,0.04
80,1124.0653,1097.0885,2483.4909,-31.1820,0.00,0.02
81,2424.9995,0.0003,2424.9998,2424.9988,0.00,0.04
82,2425.0000,0.0000,2425.0000,2425.0000,0.00,0.04
83,1145.1009,1191.9678,2484.5097,-45.9593,0.00,0.01
84,2425.0016,0.0012,2425.0049,2425.0003,0.00,0.04
85,-40.5259,19.2384,29.0600,-56.0718,0.00,0.03
86,2425.0544,0.0646,2425.2627,2425.0074,0.00,0.04
87,2441.1196,6.1951,2454.3191,2432.7219,0.00,0.03
88,-66.0432,0.0043,-66.0356,-66.0488,0.00,0.04
89,2425.3472,0.1951,2425.8452,2425.1327,0.00,0.04
90,-65.9849,0.0368,-65.9095,-66.0391,0.00,0.04
91,2425.1068,0.0859,2425.3249,2425.0235,0.00,0.04
92,-28.1035,100.2888,239.5956,-66.0465,0.00,0.04
93,71.1131,5.1880,79.5369,64.9151,0.00,0.04
94,-66.2790,0.1993,-66.1297,-66.8842,0.00,0.04
95,-51.8086,13.4324,-21.5443,-65.9189,0.00,0.02
96,-51.4743,56.3653,166.8274,-66.0463,0.00,0.04
97,-47.5543,1.8955,-46.5827,-51.5000,0.00,0.04
98,-49.3760,5.1408,-36.9287,-56.3501,0.00,0.04
99,2014.0757,860.2910,2427.2708,60.6391,0.00,0.04
0,116.5448,233.0003,598.9486,-75.6260,25.54,0.05
1,332.6336,829.2598,2191.8418,-66.6525,0.00,0.03
2,-62.5193,4.7410,-51.5816,-66.7103,0.00,0.03
3,2377.8750,0.7513,2379.0815,2376.5296,0.00,0.04
4,-66.7516,0.0021,-66.7501,-66.7590,0.00,0.04
5,-66.7497,0.0009,-66.7461,-66.7500,0.00,0.04
6,276.6857,370.1024,986.8055,-82.0988,24.45,0.33
7,1517.8009,1126.1366,2425.0011,65.4421,0.00,0.04
8,395.1999,595.9024,2396.8786,56.0305,0.00,0.04
9,2424.9831,0.0311,2425.0003,2424.8650,0.00,0.04
10,2400.5867,1.5833,2403.6036,2396.5919,0.01,0.04
11,2406.7461,6.9474,2419.7636,2396.4318,0.00,0.04
12,2418.7080,4.8227,2422.2507,2401.2041,0.00,0.04
13,1856.5544,723.0017,2427.0812,592.4270,0.00,0.04
14,1743.3106,1015.3550,2410.4865,17.1570,2.35,0.05
15,2211.9459,287.0871,2409.5894,1270.5526,2.97,0.05
16,2406.3323,24.6070,2424.0105,2325.9274,0.01,0.04
17,1062.2469,993.2695,2395.8876,93.8915,0.89,0.05
18,-66.7692,0.0153,-66.7555,-66.8058,0.00,0.04
19,-66.7500,0.0000,-66.7500,-66.7500,0.00,0.04
20,2382.9592,4.0047,2393.4138,2377.2359,0.00,0.03
21,-66.7500,0.0000,-66.7500,-66.7500,0.00,0.04
22,-66.7500,0.0000,-66.7500,-66.7500,0.00,0.04
23,-66.7500,0.0000,-66.7499,-66.7500,0.00,0.04
24,-66.7586,0.0276,-66.7046,-66.8148,0.00,0.04
25,817.4684,1112.3380,2435.5006,-56.5964,0.00,0.01
26,2375.0013,0.0007,2375.0027,2375.0004,0.00,0.04
27,-66.7500,0.0000,-66.7499,-66.7500,0.00,0.04
28,-66.7500,0.0000,-66.7500,-66.7500,0.00,0.04
29,-66.7500,0.0000,-66.7500,-66.7500,0.00,0.04
30,-66.7500,0.0000,-66.7500,-66.7500,0.00,0.04
31,-66.7500,0.0000,-66.7500,-66.7500,0.00,0.04
32,-66.7500,0.0000,-66.7500,-66.7500,0.00,0.04
33,-66.7500,0.0000,-66.7500,-66.7500,0.00,0.04
34,-66.7500,0.0000,-66.7500,-66.7500,0.00,0.04
35,-66.7500,0.0000,-66.7500,-66.7500,0.00,0.04
36,-66.7500,0.0000,-66.7500,-66.7500,0.00,0.04
37,-66.7500,0.0000,-66.7500,-66.7500,0.00,0.04
38,-66.7500,0.0000,-66.7500,-66.7500,0.00,0.04
39,-66.7500,0.0000,-66.7500,-66.7500,0.00,0.04
40,-66.7500,0.0000,-66.7500,-66.7500,0.00,0.04
41,-66.7500,0.0000,-66.7500,-66.7500,0.00,0.04
42,-66.7500,0.0000,-66.7500,-66.7500,0.00,0.04
43,-66.7500,0.0000,-66.7500,-66.7500,0.00,0.04
44,-66.7500,0.0000,-66.7500,-66.7500,0.00,0.04
45,-66.7500,0.0000,-66.7500,-66.7500,0.00,0.04
46,-66.7500,0.0000,-66.7500,-66.7500,0.00,0.04
47,-66.7500,0.0000,-66.7500,-66.7500,0.00,0.04
48,-66.7500,0.0000,-66.7500,-66.7500,0.00,0.04
49,-66.7500,0.0000,-66.7500,-66.7500,0.00,0.04
50,-66.7500,0.0000,-66.7500,-66.7500,0.00,0.04
51,-66.7500,0.0000,-66.7500,-66.7500,0.00,0.04
52,-66.7500,0.0000,-66.7500,-66.7500,0.00,0.04
53,-66.7500,0.0000,-66.7500,-66.7500,0.00,0.04
54,-66.7500,0.0000,-66.7500,-66.7500,0.00,0.04
55,-66.7500,0.0000,-66.7500,-66.7500,0.00,0.04
56,-66.7500,0.0000,-66.7500,-66.7500,0.00,0.04
57,-66.7500,0.0000,-66.7500,-66.7500,0.00,0.04
58,-66.7500,0.0000,-66.7500,-66.7500,0.00,0.04
59,-66.7500,0.0000,-66.7500,-66.7500,0.00,0.04
60,-66.7500,0.0000,-66.7500,-66.7500,0.00,0.04
61,-66.7500,0.0000,-66.7500,-66.7500,0.00,0.04
62,-66.7500,0.0000,-66.7500,-66.7500,0.00,0.04
63,-66.7500,0.0000,-66.7500,-66.7500,0.00,0.04
64,-66.7500,0.0000,-66.7500,-66.7500,0.00,0.04
65,-66.7500,0.0000,-66.7500,-66.7500,0.00,0.04
66,-66.7500,0.0000,-66.7500,-66.7500,0.00,0.04
67,-66.7500,0.0000,-66.7500,-66.7500,0.00,0.04
68,-66.7500,0.0000,-66.7500,-66.7500,0.00,0.04
69,-66.7500,0.0000,-66.7500,-66.7500,0.00,0.04
70,-66.7500,0.0000,-66.7500,-66.7500,0.00,0.04
71,-66.7500,0.0000,-66.7500,-66.7500,0.00,0.04
72,-66.7500,0.0000,-66.7500,-66.7500,0.00,0.04
73,-66.7500,0.0000,-66.7500,-66.7500,0.00,0.04
74,-66.7500,0.0000,-66.7500,-66.7500,0.00,0.04
75,-66.7500,0.0000,-66.7500,-66.7500,0.00,0.04
76,-66.7500,0.0000,-66.7500,-66.7500,0.00,0.04
77,-66.7500,0.0000,-66.7500,-66.7500,0.00,0.04
78,-66.7500,0.0000,-66.7500,-66.7500,0.00,0.04
79,-66.7500,0.0000,-66.7500,-66.7500,0.00,0.04
80,-66.7500,0.0000,-66.7500,-66.7500,0.00,0.04
81,-66.7500,0.0000,-66.7500,-66.7500,0.00,0.04
82,-66.7500,0.0000,-66.7500,-66.7500,0.00,0.04
83,-66.7500,0.0000,-66.7500,-66.7500,0.00,0.04
84,-66.7500,0.0000,-66.7500,-66.7500,0.00,0.04
85,-66.7500,0.0000,-66.7500,-66.7500,0.00,0.04
86,-66.7500,0.0000,-66.7500,-66.7500,0.00,0.04
87,-66.7500,0.0000,-66.7500,-66.7500,0.00,0.04
88,-66.7500,0.0000,-66.7500,-66.7500,0.00,0.04
89,-66.7500,0.0000,-66.7500,-66.7500,0.00,0.04
90,-66.7500,0.0000,-66.7500,-66.7500,0.00,0.04
91,-66.7500,0.0000,-66.7500,-66.7500,0.00,0.04
92,-66.7500,0.0000,-66.7500,-66.7500,0.00,0.04
93,-66.7500,0.0000,-66.7500,-66.7500,0.00,0.04
94,-66.7500,0.0000,-66.7500,-66.7500,0.00,0.04
95,-66.7500,0.0000,-66.7500,-66.7500,0.00,0.04
96,-66.7500,0.0000,-66.7500,-66.7500,0.00,0.04
97,-66.7500,0.0000,-66.7500,-66.7500,0.00,0.04
98,-66.7500,0.0000,-66.7500,-66.7500,0.00,0.04
99,-66.7500,0.0000,-66.7500,-66.7500,0.00,0.04
0,211.9454,369.9880,1129.0882,-81.1087,9.43,0.03
1,1993.3582,806.8229,2423.3320,-31.4158,6.00,0.04
2,-40.4882,20.4381,27.1617,-60.6904,0.00,0.02
3,-67.4994,0.5494,-66.9916,-69.1984,0.00,0.04
4,1531.8485,1091.3898,2376.6100,-56.6310,0.00,0.03
5,2375.0461,0.0716,2375.3012,2375.0002,0.00,0.04
6,-66.7494,0.0005,-66.7479,-66.7498,0.00,0.04
7,2375.0076,0.0045,2375.0188,2375.0032,0.00,0.04
8,-66.7131,0.0194,-66.6665,-66.7371,0.00,0.04
9,2375.1929,0.0964,2375.4065,2375.0554,0.00,0.04
10,-66.2065,1.6131,-61.9354,-66.8851,0.00,0.04
11,-66.7432,0.0053,-66.7270,-66.7481,0.00,0.04
12,2375.3981,0.0488,2375.4898,2375.2967,0.00,0.04
13,2375.0166,0.0300,2375.1050,2375.0025,0.00,0.04
14,2375.3961,0.6127,2377.3634,2375.0183,0.00,0.04
15,2375.0609,0.0470,2375.2298,2375.0195,0.00,0.04
16,-66.0822,1.5889,-61.8714,-66.7249,0.00,0.04
17,-66.7499,0.0001,-66.7497,-66.7500,0.00,0.04
18,910.6411,1005.2858,2375.0019,-57.2500,0.00,0.04
19,2358.8782,48.2369,2398.8975,2227.8615,0.73,0.05
20,2034.7509,655.0814,2399.4064,-23.3758,3.08,0.08
21,2397.6556,1.6404,2398.9251,2393.2148,0.03,0.04
22,2399.9234,0.2496,2399.9999,2398.9615,0.00,0.04
23,2400.0059,0.0101,2400.0335,2400.0000,0.00,0.04
24,1641.7627,1087.5770,2375.0001,19.1570,0.00,0.04
25,2379.0952,14.6318,2435.7245,2375.0123,0.00,0.04
26,-66.7500,0.0000,-66.7500,-66.7500,0.00,0.04
27,-66.7500,0.0000,-66.7500,-66.7500,0.00,0.04
28,2375.5559,0.3728,2376.4282,2375.1061,0.00,0.04
29,-66.7500,0.0000,-66.7500,-66.7500,0.00,0.04
30,-66.7500,0.0000,-66.7500,-66.7500,0.00,0.04
31,-66.7500,0.0000,-66.7500,-66.7500,0.00,0.04
32,-66.7500,0.0000,-66.7500,-66.7500,0.00,0.04
33,-66.7500,0.0000,-66.7500,-66.7500,0.00,0.04
34,-66.7500,0.0000,-66.7500,-66.7500,0.00,0.04
35,-66.7500,0.0000,-66.7500,-66.7500,0.00,0.04
36,-66.7500,0.0000,-66.7500,-66.7500,0.00,0.04
37,-66.7500,0.0000,-66.7500,-66.7500,0.00,0.04
38,-66.7500,0.0000,-66.7500,-66.7500,0.00,0.04
39,-66.7500,0.0000,-66.7500,-66.7500,0.00,0.04
40,-66.7500,0.0000,-66.7500,-66.7500,0.00,0.04
41,-66.7500,0.0000,-66.7500,-66.7500,0.00,0.04
42,-66.7500,0.0000,-66.7500,-66.7500,0.00,0.04
43,-66.7500,0.0000,-66.7500,-66.7500,0.00,0.04
44,-66.7500,0.0000,-66.7500,-66.7500,0.00,0.04
45,-66.7500,0.0000,-66.7500,-66.7500,0.00,0.04
46,-66.7500,0.0000,-66.7500,-66.7500,0.00,0.04
47,-66.7500,0.0000,-66.7500,-66.7500,0.00,0.04
48,-66.7500,0.0000,-66.7500,-66.7500,0.00,0.04
49,-66.7500,0.0000,-66.7500,-66.7500,0.00,0.04
50,-66.7500,0.0000,-66.7500,-66.7500,0.00,0.04
51,-66.7500,0.0000,-66.7500,-66.7500,0.00,0.04
52,-66.7500,0.0000,-66.7500,-66.7500,0.00,0.04
53,-66.7500,0.0000,-66.7500,-66.7500,0.00,0.04
54,-66.7500,0.0000,-66.7500,-66.7500,0.00,0.04
55,-66.7500,0.0000,-66.7500,-66.7500,0.00,0.04
56,-66.7500,0.0000,-66.7500,-66.7500,0.00,0.04
57,-66.7500,0.0000,-66.7500,-66.7500,0.00,0.04
58,-66.7500,0.0000,-66.7500,-66.7500,0.00,0.04
59,-66.7500,0.0000,-66.7500,-66.7500,0.00,0.04
60,-66.7500,0.0000,-66.7500,-66.7500,0.00,0.04
61,-66.7500,0.0000,-66.7500,-66.7500,0.00,0.04
62,-66.7500,0.0000,-66.7500,-66.7500,0.00,0.04
63,-66.7500,0.0000,-66.7500,-66.7500,0.00,0.04
64,-66.7500,0.0000,-66.7500,-66.7500,0.00,0.04
65,-66.7500,0.0000,-66.7500,-66.7500,0.00,0.04
66,-66.7500,0.0000,-66.7500,-66.7500,0.00,0.04
67,-66.7500,0.0000,-66.7500,-66.7500,0.00,0.04
68,-66.7500,0.0000,-66.7500,-66.7500,0.00,0.04
69,-66.7500,0.0000,-66.7500,-66.7500,0.00,0.04
70,-66.7500,0.0000,-66.7500,-66.7500,0.00,0.04
71,-66.7500,0.0000,-66.7500,-66.7500,0.00,0.04
72,-66.7500,0.0000,-66.7500,-66.7500,0.00,0.04
73,-66.7500,0.0000,-66.7500,-66.7500,0.00,0.04
74,-66.7500,0.0000,-66.7500,-66.7500,0.00,0.04
75,-66.7500,0.0000,-66.7500,-66.7500,0.00,0.04
76,-66.7500,0.0000,-66.7500,-66.7500,0.00,0.04
77,-66.7500,0.0000,-66.7500,-66.7500,0.00,0.04
78,-66.7500,0.0000,-66.7500,-66.7500,0.00,0.04
79,-66.7500,0.0000,-66.7500,-66.7500,0.00,0.04
80,-66.7500,0.0000,-66.7500,-66.7500,0.00,0.04
81,-66.7500,0.0000,-66.7500,-66.7500,0.00,0.04
82,-66.7500,0.0000,-66.7500,-66.7500,0.00,0.04
83,-66.7500,0.0000,-66.7500,-66.7500,0.00,0.04
84,-66.7500,0.0000,-66.7500,-66.7500,0.00,0.04
85,-66.7500,0.0000,-66.7500,-66.7500,0.00,0.04
86,-66.7500,0.0000,-66.7500,-66.7500,0.00,0.04
87,-66.7500,0.0000,-66.7500,-66.7500,0.00,0.04
88,-66.7500,0.0000,-66.7500,-66.7500,0.00,0.04
89,-66.7500,0.0000,-66.7500,-66.7500,0.00,0.04
90,-66.7500,0.0000,-66.7500,-66.7500,0.00,0.04
91,-66.7500,0.0000,-66.7500,-66.7500,0.00,0.04
92,-66.7500,0.0000,-66.7500,-66.7500,0.00,0.04
93,-66.7500,0.0000,-66.7500,-66.7500,0.00,0.04
94,-66.7500,0.0000,-66.7500,-66.7500,0.00,0.04
95,-66.7500,0.0000,-66.7500,-66.7500,0.00,0.04
96,-66.7500,0.0000,-66.7500,-66.7500,0.00,0.04
97,-66.7500,0.0000,-66.7500,-66.7500,0.00,0.04
98,-66.7500,0.0000,-66.7500,-66.7500,0.00,0.04
99,-66.7500,0.0000,-66.7500,-66.7500,0.00,0.04
100,-66.7500,0.0000,-66.7500,-66.7500,0.00,0.04
101,-66.7500,0.0000,-66.7500,-66.7500,0.00,0.04
102,-66.7500,0.0000,-66.7500,-66.7500,0.00,0.04
103,-66.7500,0.0000,-66.7500,-66.7500,0.00,0.04
104,-66.7500,0.0000,-66.7500,-66.7500,0.00,0.04
105,-66.7500,0.0000,-66.7500,-66.7500,0.00,0.04
106,-66.7500,0.0000,-66.7500,-66.7500,0.00,0.04
107,-66.7500,0.0000,-66.7500,-66.7500,0.00,0.04
108,-66.7500,0.0000,-66.7500,-66.7500,0.00,0.04
109,-66.7500,0.0000,-66.7500,-66.7500,0.00,0.04
110,-66.7500,0.0000,-66.7500,-66.7500,0.00,0.04
111,-66.7500,0.0000,-66.7500,-66.7500,0.00,0.04
112,-66.7500,0.0000,-66.7500,-66.7500,0.00,0.04
113,-66.7500,0.0000,-66.7500,-66.7500,0.00,0.04
114,-66.7500,0.0000,-66.7500,-66.7500,0.00,0.04
115,-66.7500,0.0000,-66.7500,-66.7500,0.00,0.04
116,-66.7500,0.0000,-66.7500,-66.7500,0.00,0.04
117,-66.7500,0.0000,-66.7500,-66.7500,0.00,0.04
118,-66.7500,0.0000,-66.7500,-66.7500,0.00,0.04
119,-66.7500,0.0000,-66.7500,-66.7500,0.00,0.04
120,-66.7500,0.0000,-66.7500,-66.7500,0.00,0.04
121,-66.7500,0.0000,-66.7500,-66.7500,0.00,0.04
122,-66.7500,0.0000,-66.7500,-66.7500,0.00,0.04
123,-66.7500,0.0000,-66.7500,-66.7500,0.00,0.04
124,-66.7500,0.0000,-66.7500,-66.7500,0.00,0.04
125,-66.7500,0.0000,-66.7500,-66.7500,0.00,0.04
126,-66.7500,0.0000,-66.7500,-66.7500,0.00,0.04
127,-66.7500,0.0000,-66.7500,-66.7500,0.00,0.04
128,-66.7500,0.0000,-66.7500,-66.7500,0.00,0.04
129,-66.7500,0.0000,-66.7500,-66.7500,0.00,0.04
130,-66.7500,0.0000,-66.7500,-66.7500,0.00,0.04
131,-66.7500,0.0000,-66.7500,-66.7500,0.00,0.04
132,-66.7500,0.0000,-66.7500,-66.7500,0.00,0.04
133,-66.7500,0.0000,-66.7500,-66.7500,0.00,0.04
134,-66.7500,0.0000,-66.7500,-66.7500,0.00,0.04
135,-66.7500,0.0000,-66.7500,-66.7500,0.00,0.04
136,-66.7500,0.0000,-66.7500,-66.7500,0.00,0.04
137,-66.7500,0.0000,-66.7500,-66.7500,0.00,0.04
138,-66.7500,0.0000,-66.7500,-66.7500,0.00,0.04
139,-66.7500,0.0000,-66.7500,-66.7500,0.00,0.04
140,-66.7500,0.0000,-66.7500,-66.7500,0.00,0.04
141,-66.7500,0.0000,-66.7500,-66.7500,0.00,0.04
142,-66.7500,0.0000,-66.7500,-66.7500,0.00,0.04
143,-66.7500,0.0000,-66.7500,-66.7500,0.00,0.04
144,-66.7500,0.0000,-66.7500,-66.7500,0.00,0.04
145,-66.7500,0.0000,-66.7500,-66.7500,0.00,0.04
146,-66.7500,0.0000,-66.7500,-66.7500,0.00,0.04
147,-66.7500,0.0000,-66.7500,-66.7500,0.00,0.04
148,-66.7500,0.0000,-66.7500,-66.7500,0.00,0.04
149,-66.7500,0.0000,-66.7500,-66.7500,0.00,0.04
150,-66.7500,0.0000,-66.7500,-66.7500,0.00,0.04
151,-66.7500,0.0000,-66.7500,-66.7500,0.00,0.04
152,-66.7500,0.0000,-66.7500,-66.7500,0.00,0.04
153,-66.7500,0.0000,-66.7500,-66.7500,0.00,0.04
154,-66.7500,0.0000,-66.7500,-66.7500,0.00,0.04
155,-66.7500,0.0000,-66.7500,-66.7500,0.00,0.04
156,-66.7500,0.0000,-66.7500,-66.7500,0.00,0.04
157,-66.7500,0.0000,-66.7500,-66.7500,0.00,0.04
158,-66.7500,0.0000,-66.7500,-66.7500,0.00,0.04
159,-66.7500,0.0000,-66.7500,-66.7500,0.00,0.04
160,-66.7500,0.0000,-66.7500,-66.7500,0.00,0.04
161,-66.7500,0.0000,-66.7500,-66.7500,0.00,0.04
162,-66.7500,0.0000,-66.7500,-66.7500,0.00,0.04
163,-66.7500,0.0000,-66.7500,-66.7500,0.00,0.04
164,-66.7500,0.0000,-66.7500,-66.7500,0.00,0.04
165,-66.7500,0.0000,-66.7500,-66.7500,0.00,0.04
166,-66.7500,0.0000,-66.7500,-66.7500,0.00,0.04
167,-66.7500,0.0000,-66.7500,-66.7500,0.00,0.04
168,-66.7500,0.0000,-66.7500,-66.7500,0.00,0.04
169,-66.7500,0.0000,-66.7500,-66.7500,0.00,0.04
170,-66.7500,0.0000,-66.7500,-66.7500,0.00,0.04
171,-66.7500,0.0000,-66.7500,-66.7500,0.00,0.04
172,-66.7500,0.0000,-66.7500,-66.7500,0.00,0.04
173,-66.7500,0.0000,-66.7500,-66.7500,0.00,0.04
174,-66.7500,0.0000,-66.7500,-66.7500,0.00,0.04
175,-66.7500,0.0000,-66.7500,-66.7500,0.00,0.04
176,-66.7500,0.0000,-66.7500,-66.7500,0.00,0.04
177,-66.7500,0.0000,-66.7500,-66.7500,0.00,0.04
178,-66.7500,0.0000,-66.7500,-66.7500,0.00,0.04
179,-66.7500,0.0000,-66.7500,-66.7500,0.00,0.04
180,-66.7500,0.0000,-66.7500,-66.7500,0.00,0.04
181,-66.7500,0.0000,-66.7500,-66.7500,0.00,0.04
182,-66.7500,0.0000,-66.7500,-66.7500,0.00,0.04
183,-66.7500,0.0000,-66.7500,-66.7500,0.00,0.04
184,-66.7500,0.0000,-66.7500,-66.7500,0.00,0.04
185,-66.7500,0.0000,-66.7500,-66.7500,0.00,0.04
186,-66.7500,0.0000,-66.7500,-66.7500,0.00,0.04
187,-66.7500,0.0000,-66.7500,-66.7500,0.00,0.04
188,-66.7500,0.0000,-66.7500,-66.7500,0.00,0.04
189,-66.7500,0.0000,-66.7500,-66.7500,0.00,0.04
190,-66.7500,0.0000,-66.7500,-66.7500,0.00,0.04
191,-66.7500,0.0000,-66.7500,-66.7500,0.00,0.04
192,-66.7500,0.0000,-66.7500,-66.7500,0.00,0.04
193,-66.7500,0.0000,-66.7500,-66.7500,0.00,0.04
194,-66.7500,0.0000,-66.7500,-66.7500,0.00,0.04
195,-66.7500,0.0000,-66.7500,-66.7500,0.00,0.04
196,-66.7500,0.0000,-66.7500,-66.7500,0.00,0.04
197,-66.7500,0.0000,-66.7500,-66.7500,0.00,0.04
198,-66.7500,0.0000,-66.7500,-66.7500,0.00,0.04
199,-66.7500,0.0000,-66.7500,-66.7500,0.00,0.04
200,-66.7500,0.0000,-66.7500,-66.7500,0.00,0.04
201,-66.7500,0.0000,-66.7500,-66.7500,0.00,0.04
202,-66.7500,0.0000,-66.7500,-66.7500,0.00,0.04
203,-66.7500,0.0000,-66.7500,-66.7500,0.00,0.04
204,-66.7500,0.0000,-66.7500,-66.7500,0.00,0.04
205,-66.7500,0.0000,-66.7500,-66.7500,0.00,0.04
206,-66.7500,0.0000,-66.7500,-66.7500,0.00,0.04
207,-66.7500,0.0000,-66.7500,-66.7500,0.00,0.04
208,-66.7500,0.0000,-66.7500,-66.7500,0.00,0.04
209,-66.7500,0.0000,-66.7500,-66.7500,0.00,0.04
210,-66.7500,0.0000,-66.7500,-66.7500,0.00,0.04
211,-66.7500,0.0000,-66.7500,-66.7500,0.00,0.04
212,-66.7500,0.0000,-66.7500,-66.7500,0.00,0.04
213,-66.7500,0.0000,-66.7500,-66.7500,0.00,0.04
214,-66.7500,0.0000,-66.7500,-66.7500,0.00,0.04
215,-66.7500,0.0000,-66.7500,-66.7500,0.00,0.04
216,-66.7500,0.0000,-66.7500,-66.7500,0.00,0.04
217,-66.7500,0.0000,-66.7500,-66.7500,0.00,0.04
218,-66.7500,0.0000,-66.7500,-66.7500,0.00,0.04
219,-66.7500,0.0000,-66.7500,-66.7500,0.00,0.04
220,-66.7500,0.0000,-66.7500,-66.7500,0.00,0.04
221,-66.7500,0.0000,-66.7500,-66.7500,0.00,0.04
222,-66.7500,0.0000,-66.7500,-66.7500,0.00,0.04
223,-66.7500,0.0000,-66.7500,-66.7500,0.00,0.04
224,-66.7500,0.0000,-66.7500,-66.7500,0.00,0.04
225,-66.7500,0.0000,-66.7500,-66.7500,0.00,0.04
226,-66.7500,0.0000,-66.7500,-66.7500,0.00,0.04
227,-66.7500,0.0000,-66.7500,-66.7500,0.00,0.04
228,-66.7500,0.0000,-66.7500,-66.7500,0.00,0.04
229,-66.7500,0.0000,-66.7500,-66.7500,0.00,0.04
230,-66.7500,0.0000,-66.7500,-66.7500,0.00,0.04
231,-66.7500,0.0000,-66.7500,-66.7500,0.00,0.04
232,-66.7500,0.0000,-66.7500,-66.7500,0.00,0.04
233,-66.7500,0.0000,-66.7500,-66.7500,0.00,0.04
234,-66.7500,0.0000,-66.7500,-66.7500,0.00,0.04
235,-66.7500,0.0000,-66.7500,-66.7500,0.00,0.04
236,-66.7500,0.0000,-66.7500,-66.7500,0.00,0.04
237,-66.7500,0.0000,-66.7500,-66.7500,0.00,0.04
238,-66.7500,0.0000,-66.7500,-66.7500,0.00,0.04
239,-66.7500,0.0000,-66.7500,-66.7500,0.00,0.04
240,-66.7500,0.0000,-66.7500,-66.7500,0.00,0.04
241,-66.7500,0.0000,-66.7500,-66.7500,0.00,0.04
242,-66.7500,0.0000,-66.7500,-66.7500,0.00,0.04
243,-66.7500,0.0000,-66.7500,-66.7500,0.00,0.04
244,-66.7500,0.0000,-66.7500,-66.7500,0.00,0.04
245,-66.7500,0.0000,-66.7500,-66.7500,0.00,0.04
246,-66.7500,0.0000,-66.7500,-66.7500,0.00,0.04
247,-66.7500,0.0000,-66.7500,-66.7500,0.00,0.04
248,-66.7500,0.0000,-66.7500,-66.7500,0.00,0.04
249,-66.7500,0.0000,-66.7500,-66.7500,0.00,0.04
250,-66.7500,0.0000,-66.7500,-66.7500,0.00,0.04
251,-66.7500,0.0000,-66.7500,-66.7500,0.00,0.04
252,-66.7500,0.0000,-66.7500,-66.7500,0.00,0.04
253,-66.7500,0.0000,-66.7500,-66.7500,0.00,0.04
254,-66.7500,0.0000,-66.7500,-66.7500,0.00,0.04
255,-66.7500,0.0000,-66.7500,-66.7500,0.00,0.04
256,-66.7500,0.0000,-66.7500,-66.7500,0.00,0.04
257,-66.7500,0.0000,-66.7500,-66.7500,0.00,0.04
258,-66.7500,0.0000,-66.7500,-66.7500,0.00,0.04
259,-66.7500,0.0000,-66.7500,-66.7500,0.00,0.04
260,-66.7500,0.0000,-66.7500,-66.7500,0.00,0.04
261,-66.7500,0.0000,-66.7500,-66.7500,0.00,0.04
262,-66.7500,0.0000,-66.7500,-66.7500,0.00,0.04
263,-66.7500,0.0000,-66.7500,-66.7500,0.00,0.04
264,-66.7500,0.0000,-66.7500,-66.7500,0.00,0.04
265,-66.7500,0.0000,-66.7500,-66.7500,0.00,0.04
266,-66.7500,0.0000,-66.7500,-66.7500,0.00,0.04
267,-66.7500,0.0000,-66.7500,-66.7500,0.00,0.04
268,-66.7500,0.0000,-66.7500,-66.7500,0.00,0.04
269,-66.7500,0.0000,-66.7500,-66.7500,0.00,0.04
270,-66.7500,0.0000,-66.7500,-66.7500,0.00,0.04
271,-66.7500,0.0000,-66.7500,-66.7500,0.00,0.04
272,-66.7500,0.0000,-66.7500,-66.7500,0.00,0.04
273,-66.7500,0.0000,-66.7500,-66.7500,0.00,0.04
274,-66.7500,0.0000,-66.7500,-66.7500,0.00,0.04
275,-66.7500,0.0000,-66.7500,-66.7500,0.00,0.04
276,-66.7500,0.0000,-66.7500,-66.7500,0.00,0.04
277,-66.7500,0.0000,-66.7500,-66.7500,0.00,0.04
278,-66.7500,0.0000,-66.7500,-66.7500,0.00,0.04
279,-66.7500,0.0000,-66.7500,-66.7500,0.00,0.04
280,-66.7500,0.0000,-66.7500,-66.7500,0.00,0.04
281,-66.7500,0.0000,-66.7500,-66.7500,0.00,0.04
282,-66.7500,0.0000,-66.7500,-66.7500,0.00,0.04
283,-66.7500,0.0000,-66.7500,-66.7500,0.00,0.04
284,-66.7500,0.0000,-66.7500,-66.7500,0.00,0.04
285,-66.7500,0.0000,-66.7500,-66.7500,0.00,0.04
286,-66.7500,0.0000,-66.7500,-66.7500,0.00,0.04
287,-66.7500,0.0000,-66.7500,-66.7500,0.00,0.04
288,-66.7500,0.0000,-66.7500,-66.7500,0.00,0.04
289,-66.7500,0.0000,-66.7500,-66.7500,0.00,0.04
290,-66.7500,0.0000,-66.7500,-66.7500,0.00,0.04
291,-66.7500,0.0000,-66.7500,-66.7500,0.00,0.04
292,-66.7500,0.0000,-66.7500,-66.7500,0.00,0.04
293,-66.7500,0.0000,-66.7500,-66.7500,0.00,0.04
294,-66.7500,0.0000,-66.7500,-66.7500,0.00,0.04
295,-66.7500,0.0000,-66.7500,-66.7500,0.00,0.04
296,-66.7500,0.0000,-66.7500,-66.7500,0.00,0.04
297,-66.7500,0.0000,-66.7500,-66.7500,0.00,0.04
298,-66.7500,0.0000,-66.7500,-66.7500,0.00,0.04
299,-66.7500,0.0000,-66.7500,-66.7500,0.00,0.04
300,-66.7500,0.0000,-66.7500,-66.7500,0.00,0.04
301,-66.7500,0.0000,-66.7500,-66.7500,0.00,0.04
302,-66.7500,0.0000,-66.7500,-66.7500,0.00,0.04
303,-66.7500,0.0000,-66.7500,-66.7500,0.00,0.04
304,-66.7500,0.0000,-66.7500,-66.7500,0.00,0.04
305,-66.7500,0.0000,-66.7500,-66.7500,0.00,0.04
306,-66.7500,0.0000,-66.7500,-66.7500,0.00,0.04
307,-66.7500,0.0000,-66.7500,-66.7500,0.00,0.04
308,-66.7500,0.0000,-66.7500,-66.7500,0.00,0.04
309,-66.7500,0.0000,-66.7500,-66.7500,0.00,0.04
310,-66.7500,0.0000,-66.7500,-66.7500,0.00,0.04
311,-66.7500,0.0000,-66.7500,-66.7500,0.00,0.04
312,-66.7500,0.0000,-66.7500,-66.7500,0.00,0.04
313,-66.7500,0.0000,-66.7500,-66.7500,0.00,0.04
314,-66.7500,0.0000,-66.7500,-66.7500,0.00,0.04
315,-66.7500,0.0000,-66.7500,-66.7500,0.00,0.04
316,-66.7500,0.0000,-66.7500,-66.7500,0.00,0.04
317,-66.7500,0.0000,-66.7500,-66.7500,0.00,0.04
318,-66.7500,0.0000,-66.7500,-66.7500,0.00,0.04
319,-66.7500,0.0000,-66.7500,-66.7500,0.00,0.04
320,-66.7500,0.0000,-66.7500,-66.7500,0.00,0.04
321,-66.7500,0.0000,-66.7500,-66.7500,0.00,0.04
322,-66.7500,0.0000,-66.7500,-66.7500,0.00,0.04
323,-66.7500,0.0000,-66.7500,-66.7500,0.00,0.04
324,-66.7500,0.0000,-66.7500,-66.7500,0.00,0.04
325,-66.7500,0.0000,-66.7500,-66.7500,0.00,0.04
326,-66.7500,0.0000,-66.7500,-66.7500,0.00,0.04
327,-66.7500,0.0000,-66.7500,-66.7500,0.00,0.04
328,-66.7500,0.0000,-66.7500,-66.7500,0.00,0.04
329,-66.7500,0.0000,-66.7500,-66.7500,0.00,0.04
330,-66.7500,0.0000,-66.7500,-66.7500,0.00,0.04
331,-66.7500,0.0000,-66.7500,-66.7500,0.00,0.04
332,-66.7500,0.0000,-66.7500,-66.7500,0.00,0.04
333,-66.7500,0.0000,-66.7500,-66.7500,0.00,0.04
334,-66.7500,0.0000,-66.7500,-66.7500,0.00,0.04
335,-66.7500,0.0000,-66.7500,-66.7500,0.00,0.04
336,-66.7500,0.0000,-66.7500,-66.7500,0.00,0.04
337,-66.7500,0.0000,-66.7500,-66.7500,0.00,0.04
338,-66.7500,0.0000,-66.7500,-66.7500,0.00,0.04
339,-66.7500,0.0000,-66.7500,-66.7500,0.00,0.04
340,-66.7500,0.0000,-66.7500,-66.7500,0.00,0.04
341,-66.7500,0.0000,-66.7500,-66.7500,0.00,0.04
342,-66.7500,0.0000,-66.7500,-66.7500,0.00,0.04
343,-66.7500,0.0000,-66.7500,-66.7500,0.00,0.04
344,-66.7500,0.0000,-66.7500,-66.7500,0.00,0.04
345,-66.7500,0.0000,-66.7500,-66.7500,0.00,0.04
346,-66.7500,0.0000,-66.7500,-66.7500,0.00,0.04
347,-66.7500,0.0000,-66.7500,-66.7500,0.00,0.04
348,-66.7500,0.0000,-66.7500,-66.7500,0.00,0.04
349,-66.7500,0.0000,-66.7500,-66.7500,0.00,0.04
350,-66.7500,0.0000,-66.7500,-66.7500,0.00,0.04
351,-66.7500,0.0000,-66.7500,-66.7500,0.00,0.04
352,-66.7500,0.0000,-66.7500,-66.7500,0.00,0.04
353,-66.7500,0.0000,-66.7500,-66.7500,0.00,0.04
354,-66.7500,0.0000,-66.7500,-66.7500,0.00,0.04
355,-66.7500,0.0000,-66.7500,-66.7500,0.00,0.04
356,-66.7500,0.0000,-66.7500,-66.7500,0.00,0.04
357,-66.7500,0.0000,-66.7500,-66.7500,0.00,0.04
358,-66.7500,0.0000,-66.7500,-66.7500,0.00,0.04
359,-66.7500,0.0000,-66.7500,-66.7500,0.00,0.04
360,-66.7500,0.0000,-66.7500,-66.7500,0.00,0.04
361,-66.7500,0.0000,-66.7500,-66.7500,0.00,0.04
362,-66.7500,0.0000,-66.7500,-66.7500,0.00,0.04
363,-66.7500,0.0000,-66.7500,-66.7500,0.00,0.04
364,-66.7500,0.0000,-66.7500,-66.7500,0.00,0.04
365,-66.7500,0.0000,-66.7500,-66.7500,0.00,0.04
366,-66.7500,0.0000,-66.7500,-66.7500,0.00,0.04
367,-66.7500,0.0000,-66.7500,-66.7500,0.00,0.04
368,-66.7500,0.0000,-66.7500,-66.7500,0.00,0.04
369,-66.7500,0.0000,-66.7500,-66.7500,0.00,0.04
370,-66.7500,0.0000,-66.7500,-66.7500,0.00,0.04
371,-66.7500,0.0000,-66.7500,-66.7500,0.00,0.04
372,-66.7500,0.0000,-66.7500,-66.7500,0.00,0.04
373,-66.7500,0.0000,-66.7500,-66.7500,0.00,0.04
374,-66.7500,0.0000,-66.7500,-66.7500,0.00,0.04
375,-66.7500,0.0000,-66.7500,-66.7500,0.00,0.04
376,-66.7500,0.0000,-66.7500,-66.7500,0.00,0.04
377,-66.7500,0.0000,-66.7500,-66.7500,0.00,0.04
378,-66.7500,0.0000,-66.7500,-66.7500,0.00,0.04
379,-66.7500,0.0000,-66.7500,-66.7500,0.00,0.04
380,-66.7500,0.0000,-66.7500,-66.7500,0.00,0.04
381,-66.7500,0.0000,-66.7500,-66.7500,0.00,0.04
382,-66.7500,0.0000,-66.7500,-66.7500,0.00,0.04
383,-66.7500,0.0000,-66.7500,-66.7500,0.00,0.04
384,-66.7500,0.0000,-66.7500,-66.7500,0.00,0.04
385,-66.7500,0.0000,-66.7500,-66.7500,0.00,0.04
386,-66.7500,0.0000,-66.7500,-66.7500,0.00,0.04
387,-66.7500,0.0000,-66.7500,-66.7500,0.00,0.04
388,-66.7500,0.0000,-66.7500,-66.7500,0.00,0.04
389,-66.7500,0.0000,-66.7500,-66.7500,0.00,0.04
390,-66.7500,0.0000,-66.7500,-66.7500,0.00,0.04
391,-66.7500,0.0000,-66.7500,-66.7500,0.00,0.04
392,-66.7500,0.0000,-66.7500,-66.7500,0.00,0.04
393,-66.7500,0.0000,-66.7500,-66.7500,0.00,0.04
394,-66.7500,0.0000,-66.7500,-66.7500,0.00,0.04
395,-66.7500,0.0000,-66.7500,-66.7500,0.00,0.04
396,-66.7500,0.0000,-66.7500,-66.7500,0.00,0.04
397,-66.7500,0.0000,-66.7500,-66.7500,0.00,0.04
398,-66.7500,0.0000,-66.7500,-66.7500,0.00,0.04
399,-66.7500,0.0000,-66.7500,-66.7500,0.00,0.04
400,-66.7500,0.0000,-66.7500,-66.7500,0.00,0.04
401,-66.7500,0.0000,-66.7500,-66.7500,0.00,0.04
402,-66.7500,0.0000,-66.7500,-66.7500,0.00,0.04
403,-66.7500,0.0000,-66.7500,-66.7500,0.00,0.04
404,-66.7500,0.0000,-66.7500,-66.7500,0.00,0.04
405,-66.7500,0.0000,-66.7500,-66.7500,0.00,0.04
406,-66.7500,0.0000,-66.7500,-66.7500,0.00,0.04
407,-66.7500,0.0000,-66.7500,-66.7500,0.00,0.04
408,-66.7500,0.0000,-66.7500,-66.7500,0.00,0.04
409,-66.7500,0.0000,-66.7500,-66.7500,0.00,0.04
410,-66.7500,0.0000,-66.7500,-66.7500,0.00,0.04
411,-66.7500,0.0000,-66.7500,-66.7500,0.00,0.04
412,-66.7500,0.0000,-66.7500,-66.7500,0.00,0.04
413,-66.7500,0.0000,-66.7500,-66.7500,0.00,0.04
414,-66.7500,0.0000,-66.7500,-66.7500,0.00,0.04
415,-66.7500,0.0000,-66.7500,-66.7500,0.00,0.04
416,-66.7500,0.0000,-66.7500,-66.7500,0.00,0.04
417,-66.7500,0.0000,-66.7500,-66.7500,0.00,0.04
418,-66.7500,0.0000,-66.7500,-66.7500,0.00,0.04
419,-66.7500,0.0000,-66.7500,-66.7500,0.00,0.04
420,-66.7500,0.0000,-66.7500,-66.7500,0.00,0.04
421,-66.7500,0.0000,-66.7500,-66.7500,0.00,0.04
422,-66.7500,0.0000,-66.7500,-66.7500,0.00,0.04
423,-66.7500,0.0000,-66.7500,-66.7500,0.00,0.04
424,-66.7500,0.0000,-66.7500,-66.7500,0.00,0.04
425,-66.7500,0.0000,-66.7500,-66.7500,0.00,0.04
426,-66.7500,0.0000,-66.7500,-66.7500,0.00,0.04
427,-66.7500,0.0000,-66.7500,-66.7500,0.00,0.04
428,-66.7500,0.0000,-66.7500,-66.7500,0.00,0.04
429,-66.7500,0.0000,-66.7500,-66.7500,0.00,0.04
430,-66.7500,0.0000,-66.7500,-66.7500,0.00,0.04
431,-66.7500,0.0000,-66.7500,-66.7500,0.00,0.04
432,-66.7500,0.0000,-66.7500,-66.7500,0.00,0.04
433,-66.7500,0.0000,-66.7500,-66.7500,0.00,0.04
434,-66.7500,0.0000,-66.7500,-66.7500,0.00,0.04
435,-66.7500,0.0000,-66.7500,-66.7500,0.00,0.04
436,-66.7500,0.0000,-66.7500,-66.7500,0.00,0.04
437,-66.7500,0.0000,-66.7500,-66.7500,0.00,0.04
438,-66.7500,0.0000,-66.7500,-66.7500,0.00,0.04
439,-66.7500,0.0000,-66.7500,-66.7500,0.00,0.04
440,-66.7500,0.0000,-66.7500,-66.7500,0.00,0.04
441,-66.7500,0.0000,-66.7500,-66.7500,0.00,0.04
442,-66.7500,0.0000,-66.7500,-66.7500,0.00,0.04
443,-66.7500,0.0000,-66.7500,-66.7500,0.00,0.04
444,-66.7500,0.0000,-66.7500,-66.7500,0.00,0.04
445,-66.7500,0.0000,-66.7500,-66.7500,0.00,0.04
446,-66.7500,0.0000,-66.7500,-66.7500,0.00,0.04
447,-66.7500,0.0000,-66.7500,-66.7500,0.00,0.04
448,-66.7500,0.0000,-66.7500,-66.7500,0.00,0.04
449,-66.7500,0.0000,-66.7500,-66.7500,0.00,0.04
450,-66.7500,0.0000,-66.7500,-66.7500,0.00,0.04
451,-66.7500,0.0000,-66.7500,-66.7500,0.00,0.04
452,-66.7500,0.0000,-66.7500,-66.7500,0.00,0.04
453,-66.7500,0.0000,-66.7500,-66.7500,0.00,0.04
454,-66.7500,0.0000,-66.7500,-66.7500,0.00,0.04
455,-66.7500,0.0000,-66.7500,-66.7500,0.00,0.04
456,-66.7500,0.0000,-66.7500,-66.7500,0.00,0.04
457,-66.7500,0.0000,-66.7500,-66.7500,0.00,0.04
458,-66.7500,0.0000,-66.7500,-66.7500,0.00,0.04
459,-66.7500,0.0000,-66.7500,-66.7500,0.00,0.04
460,-66.7500,0.0000,-66.7500,-66.7500,0.00,0.04
461,-66.7500,0.0000,-66.7500,-66.7500,0.00,0.04
462,-66.7500,0.0000,-66.7500,-66.7500,0.00,0.04
463,-66.7500,0.0000,-66.7500,-66.7500,0.00,0.04
464,-66.7500,0.0000,-66.7500,-66.7500,0.00,0.04
465,-66.7500,0.0000,-66.7500,-66.7500,0.00,0.04
466,-66.7500,0.0000,-66.7500,-66.7500,0.00,0.04
467,-66.7500,0.0000,-66.7500,-66.7500,0.00,0.04
468,-66.7500,0.0000,-66.7500,-66.7500,0.00,0.04
469,-66.7500,0.0000,-66.7500,-66.7500,0.00,0.04
470,-66.7500,0.0000,-66.7500,-66.7500,0.00,0.04
471,-66.7500,0.0000,-66.7500,-66.7500,0.00,0.04
472,-66.7500,0.0000,-66.7500,-66.7500,0.00,0.04
473,-66.7500,0.0000,-66.7500,-66.7500,0.00,0.04
474,-66.7500,0.0000,-66.7500,-66.7500,0.00,0.04
475,-66.7500,0.0000,-66.7500,-66.7500,0.00,0.04
476,-66.7500,0.0000,-66.7500,-66.7500,0.00,0.04
477,-66.7500,0.0000,-66.7500,-66.7500,0.00,0.04
478,-66.7500,0.0000,-66.7500,-66.7500,0.00,0.04
479,-66.7500,0.0000,-66.7500,-66.7500,0.00,0.04
480,-66.7500,0.0000,-66.7500,-66.7500,0.00,0.04
481,-66.7500,0.0000,-66.7500,-66.7500,0.00,0.04
482,-66.7500,0.0000,-66.7500,-66.7500,0.00,0.04
483,-66.7500,0.0000,-66.7500,-66.7500,0.00,0.04
484,-66.7500,0.0000,-66.7500,-66.7500,0.00,0.04
485,-66.7500,0.0000,-66.7500,-66.7500,0.00,0.04
486,-66.7500,0.0000,-66.7500,-66.7500,0.00,0.04
487,-66.7500,0.0000,-66.7500,-66.7500,0.00,0.04
488,-66.7500,0.0000,-66.7500,-66.7500,0.00,0.04
489,-66.7500,0.0000,-66.7500,-66.7500,0.00,0.04
490,-66.7500,0.0000,-66.7500,-66.7500,0.00,0.04
491,-66.7500,0.0000,-66.7500,-66.7500,0.00,0.04
492,-66.7500,0.0000,-66.7500,-66.7500,0.00,0.04
493,-66.7500,0.0000,-66.7500,-66.7500,0.00,0.04
494,-66.7500,0.0000,-66.7500,-66.7500,0.00,0.04
495,-66.7500,0.0000,-66.7500,-66.7500,0.00,0.04
496,-66.7500,0.0000,-66.7500,-66.7500,0.00,0.04
497,-66.7500,0.0000,-66.7500,-66.7500,0.00,0.04
498,-66.7500,0.0000,-66.7500,-66.7500,0.00,0.04
499,-66.7500,0.0000,-66.7500,-66.7500,0.00,0.04
